datetime,open,high,low,close,volume,open_oi,close_oi
2026-08-26 13:55:00,2629,2630,2626,2628,991,422577,422624
2026-08-26 13:56:00,2628,2628,2627,2627,197,422624,422681
2026-08-26 13:57:00,2627,2630,2627,2629,235,422681,422686
2026-08-26 13:58:00,2629,2633,2629,2632,1613,422686,422442
2026-08-26 13:59:00,2632,2633,2630,2632,847,422442,422311
2026-08-26 14:00:00,2632,2632,2630,2631,303,422311,422227
2026-08-26 14:01:00,2631,2633,2631,2632,300,422227,422186
2026-08-26 14:02:00,2632,2634,2630,2630,560,422186,422166
2026-08-26 14:03:00,2630,2633,2630,2632,283,422166,422138
2026-08-26 14:04:00,2632,2633,2631,2633,217,422138,422121
2026-08-26 14:05:00,2633,2634,2631,2632,343,422121,422068
2026-08-26 14:06:00,2632,2633,2630,2632,461,422068,422056
2026-08-26 14:07:00,2632,2634,2631,2632,392,422056,421968
2026-08-26 14:08:00,2632,2632,2631,2631,160,421968,421885
2026-08-26 14:09:00,2631,2633,2631,2633,451,421885,421680
2026-08-26 14:10:00,2633,2633,2632,2633,323,421680,421585
2026-08-26 14:11:00,2633,2633,2631,2633,454,421585,421351
2026-08-26 14:12:00,2633,2633,2630,2631,502,421351,421161
2026-08-26 14:13:00,2631,2631,2628,2628,469,421161,421096
2026-08-26 14:14:00,2628,2630,2628,2630,578,421096,421113
2026-08-26 14:15:00,2630,2630,2627,2628,689,421113,421126
2026-08-26 14:16:00,2628,2629,2623,2623,1576,421126,421057
2026-08-26 14:17:00,2623,2625,2622,2625,1715,421057,421220
2026-08-26 14:18:00,2625,2625,2621,2622,1415,421220,421132
2026-08-26 14:19:00,2622,2625,2622,2624,942,421132,421200
2026-08-26 14:20:00,2624,2627,2623,2626,798,421200,421459
2026-08-26 14:21:00,2626,2628,2626,2628,863,421459,421806
2026-08-26 14:22:00,2628,2628,2625,2627,1920,421806,421699
2026-08-26 14:23:00,2627,2628,2625,2626,671,421699,421713
2026-08-26 14:24:00,2626,2627,2625,2627,556,421713,421908
2026-08-26 14:25:00,2627,2628,2626,2628,305,421908,421837
2026-08-26 14:26:00,2628,2629,2626,2629,376,421837,421786
2026-08-26 14:27:00,2629,2630,2628,2629,408,421786,421728
2026-08-26 14:28:00,2629,2631,2629,2630,515,421728,421850
2026-08-26 14:29:00,2630,2632,2630,2631,761,421850,421751
2026-08-26 14:30:00,2631,2632,2630,2631,293,421751,421717
2026-08-26 14:31:00,2631,2632,2628,2629,681,421717,421665
2026-08-26 14:32:00,2629,2630,2627,2627,269,421665,421588
2026-08-26 14:33:00,2627,2628,2625,2627,893,421588,421633
2026-08-26 14:34:00,2627,2628,2625,2627,766,421633,421578
2026-08-26 14:35:00,2627,2628,2626,2628,545,421578,421505
2026-08-26 14:36:00,2628,2628,2626,2627,192,421505,421480
2026-08-26 14:37:00,2627,2629,2627,2627,411,421480,421368
2026-08-26 14:38:00,2627,2628,2621,2621,2017,421368,421130
2026-08-26 14:39:00,2621,2622,2617,2617,2628,421130,421115
2026-08-26 14:40:00,2617,2618,2616,2617,1334,421115,421551
2026-08-26 14:41:00,2617,2618,2610,2612,3512,421551,421761
2026-08-26 14:42:00,2612,2612,2607,2608,2967,421761,421909
2026-08-26 14:43:00,2608,2609,2606,2607,2407,421909,422258
2026-08-26 14:44:00,2607,2609,2607,2609,969,422258,422331
2026-08-26 14:45:00,2609,2611,2608,2609,2099,422331,422030
2026-08-26 14:46:00,2609,2611,2606,2611,2656,422030,422325
2026-08-26 14:47:00,2611,2611,2607,2608,1116,422325,422624
2026-08-26 14:48:00,2608,2608,2604,2605,2686,422624,423282
2026-08-26 14:49:00,2605,2607,2604,2605,1429,423282,423535
2026-08-26 14:50:00,2605,2608,2605,2607,1193,423535,423545
2026-08-26 14:51:00,2607,2609,2607,2608,1065,423545,423553
2026-08-26 14:52:00,2608,2608,2606,2607,607,423553,423579
2026-08-26 14:53:00,2607,2609,2607,2607,1458,423579,423638
2026-08-26 14:54:00,2607,2610,2607,2610,947,423638,423880
2026-08-26 14:55:00,2610,2610,2608,2608,1070,423880,423808
2026-08-26 14:56:00,2608,2610,2607,2609,937,423808,424147
2026-08-26 14:57:00,2609,2609,2608,2609,1032,424147,423972
2026-08-26 14:58:00,2609,2610,2607,2609,1775,423972,423866
2026-08-26 14:59:00,2609,2611,2608,2609,4073,423866,422925
2026-08-26 21:00:00,2609,2627,2609,2616,9832,422925,422253
2026-08-26 21:01:00,2616,2618,2615,2617,3493,422253,421717
2026-08-26 21:02:00,2617,2622,2616,2621,2789,421717,421571
2026-08-26 21:03:00,2621,2624,2621,2621,2520,421571,421254
2026-08-26 21:04:00,2621,2621,2614,2617,3034,421254,421184
2026-08-26 21:05:00,2617,2619,2613,2618,1990,421184,421364
2026-08-26 21:06:00,2618,2622,2618,2620,2476,421364,421278
2026-08-26 21:07:00,2620,2623,2620,2621,1526,421278,421085
2026-08-26 21:08:00,2621,2623,2620,2621,1275,421085,420891
2026-08-26 21:09:00,2621,2626,2620,2625,1794,420891,421266
2026-08-26 21:10:00,2625,2626,2622,2623,1070,421266,421101
2026-08-26 21:11:00,2623,2628,2622,2626,1464,421101,421287
2026-08-26 21:12:00,2626,2629,2624,2628,1396,421287,421623
2026-08-26 21:13:00,2628,2628,2625,2627,1634,421623,421326
2026-08-26 21:14:00,2627,2628,2626,2627,618,421326,421046
2026-08-26 21:15:00,2627,2627,2624,2625,1531,421046,420924
2026-08-26 21:16:00,2625,2628,2622,2623,989,420924,420668
2026-08-26 21:17:00,2623,2623,2621,2622,1387,420668,420742
2026-08-26 21:18:00,2622,2624,2617,2619,1729,420742,420541
2026-08-26 21:19:00,2619,2621,2618,2621,796,420541,420667
2026-08-26 21:20:00,2621,2623,2620,2621,612,420667,420575
2026-08-26 21:21:00,2621,2622,2618,2621,951,420575,420729
2026-08-26 21:22:00,2621,2624,2621,2622,1028,420729,420896
2026-08-26 21:23:00,2622,2624,2619,2623,1386,420896,421041
2026-08-26 21:24:00,2623,2627,2622,2625,1359,421041,421232
2026-08-26 21:25:00,2625,2625,2621,2622,782,421232,421219
2026-08-26 21:26:00,2622,2625,2622,2623,604,421219,421273
2026-08-26 21:27:00,2623,2623,2621,2622,514,421273,421228
2026-08-26 21:28:00,2622,2623,2621,2622,481,421228,421157
2026-08-26 21:29:00,2622,2624,2622,2623,231,421157,421164
2026-08-26 21:30:00,2623,2626,2622,2624,811,421164,421352
2026-08-26 21:31:00,2624,2626,2623,2625,523,421352,421177
2026-08-26 21:32:00,2625,2626,2623,2625,541,421177,421265
2026-08-26 21:33:00,2625,2628,2625,2628,1363,421265,421623
2026-08-26 21:34:00,2628,2633,2626,2632,3228,421623,421248
2026-08-26 21:35:00,2632,2635,2631,2632,2710,421248,421167
2026-08-26 21:36:00,2632,2633,2630,2633,1545,421167,421275
2026-08-26 21:37:00,2633,2634,2632,2634,1055,421275,421572
2026-08-26 21:38:00,2634,2637,2634,2634,1856,421572,421889
2026-08-26 21:39:00,2634,2640,2634,2638,2877,421889,421681
2026-08-26 21:40:00,2638,2640,2636,2637,1711,421681,421871
2026-08-26 21:41:00,2637,2638,2635,2637,1359,421871,422133
2026-08-26 21:42:00,2637,2640,2637,2637,1785,422133,422555
2026-08-26 21:43:00,2637,2637,2635,2637,1053,422555,422580
2026-08-26 21:44:00,2637,2639,2636,2636,905,422580,422594
2026-08-26 21:45:00,2636,2638,2635,2638,1448,422594,422564
2026-08-26 21:46:00,2638,2639,2637,2639,989,422564,422975
2026-08-26 21:47:00,2639,2639,2636,2638,558,422975,423164
2026-08-26 21:48:00,2638,2640,2638,2639,871,423164,423191
2026-08-26 21:49:00,2639,2645,2639,2645,3733,423191,423744
2026-08-26 21:50:00,2645,2649,2645,2648,4928,423744,425403
2026-08-26 21:51:00,2648,2653,2648,2651,3871,425403,426035
2026-08-26 21:52:00,2651,2653,2650,2652,2594,426035,426607
2026-08-26 21:53:00,2652,2657,2652,2655,3089,426607,426981
2026-08-26 21:54:00,2655,2655,2646,2647,3570,426981,426698
2026-08-26 21:55:00,2647,2649,2646,2647,970,426698,426594
2026-08-26 21:56:00,2647,2648,2642,2644,2448,426594,426103
2026-08-26 21:57:00,2644,2648,2644,2647,964,426103,426406
2026-08-26 21:58:00,2647,2647,2645,2646,873,426406,426530
2026-08-26 21:59:00,2646,2648,2645,2646,949,426530,426583
2026-08-26 22:00:00,2646,2647,2643,2644,1221,426583,426545
2026-08-26 22:01:00,2644,2646,2643,2644,1092,426545,426552
2026-08-26 22:02:00,2644,2647,2644,2646,943,426552,426376
2026-08-26 22:03:00,2646,2647,2645,2646,435,426376,426279
2026-08-26 22:04:00,2646,2647,2645,2646,522,426279,426066
2026-08-26 22:05:00,2646,2647,2645,2645,744,426066,425948
2026-08-26 22:06:00,2645,2647,2645,2646,344,425948,425879
2026-08-26 22:07:00,2646,2648,2646,2648,402,425879,425773
2026-08-26 22:08:00,2648,2648,2645,2645,715,425773,425789
2026-08-26 22:09:00,2645,2646,2644,2645,476,425789,425890
2026-08-26 22:10:00,2645,2645,2642,2643,1507,425890,426172
2026-08-26 22:11:00,2643,2646,2643,2645,579,426172,426189
2026-08-26 22:12:00,2645,2648,2645,2647,761,426189,426311
2026-08-26 22:13:00,2647,2648,2646,2647,333,426311,426292
2026-08-26 22:14:00,2647,2648,2646,2646,276,426292,426291
2026-08-26 22:15:00,2646,2648,2646,2647,474,426291,426193
2026-08-26 22:16:00,2647,2650,2647,2649,1221,426193,425878
2026-08-26 22:17:00,2649,2649,2647,2648,403,425878,425833
2026-08-26 22:18:00,2648,2648,2646,2646,348,425833,425827
2026-08-26 22:19:00,2646,2648,2646,2648,260,425827,425849
2026-08-26 22:20:00,2648,2648,2646,2646,279,425849,425837
2026-08-26 22:21:00,2646,2647,2645,2645,549,425837,425867
2026-08-26 22:22:00,2645,2647,2645,2646,163,425867,425911
2026-08-26 22:23:00,2646,2647,2646,2646,123,425911,425864
2026-08-26 22:24:00,2646,2648,2645,2647,483,425864,425982
2026-08-26 22:25:00,2647,2647,2644,2644,554,425982,425968
2026-08-26 22:26:00,2644,2646,2643,2645,378,425968,425957
2026-08-26 22:27:00,2645,2646,2644,2645,334,425957,425976
2026-08-26 22:28:00,2645,2646,2644,2645,545,425976,425736
2026-08-26 22:29:00,2645,2649,2645,2648,557,425736,425594
2026-08-26 22:30:00,2648,2654,2648,2653,2178,425594,425421
2026-08-26 22:31:00,2653,2653,2649,2650,778,425421,425546
2026-08-26 22:32:00,2650,2651,2649,2649,488,425546,425574
2026-08-26 22:33:00,2649,2650,2648,2648,271,425574,425513
2026-08-26 22:34:00,2648,2649,2647,2647,278,425513,425501
2026-08-26 22:35:00,2647,2649,2646,2649,374,425501,425660
2026-08-26 22:36:00,2649,2650,2648,2650,322,425660,425691
2026-08-26 22:37:00,2650,2651,2649,2650,768,425691,425640
2026-08-26 22:38:00,2650,2652,2650,2652,663,425640,425729
2026-08-26 22:39:00,2652,2652,2650,2651,1042,425729,425856
2026-08-26 22:40:00,2651,2652,2650,2652,644,425856,425885
2026-08-26 22:41:00,2652,2653,2651,2653,395,425885,425822
2026-08-26 22:42:00,2653,2653,2651,2651,496,425822,425879
2026-08-26 22:43:00,2651,2652,2650,2651,443,425879,425953
2026-08-26 22:44:00,2651,2653,2651,2652,219,425953,425945
2026-08-26 22:45:00,2652,2653,2651,2652,624,425945,425661
2026-08-26 22:46:00,2652,2652,2648,2648,1120,425661,425879
2026-08-26 22:47:00,2648,2651,2648,2651,418,425879,425889
2026-08-26 22:48:00,2651,2652,2650,2650,312,425889,425834
2026-08-26 22:49:00,2650,2651,2649,2649,215,425834,425831
2026-08-26 22:50:00,2649,2651,2649,2650,258,425831,425795
2026-08-26 22:51:00,2650,2650,2649,2649,274,425795,425690
2026-08-26 22:52:00,2649,2651,2649,2651,415,425690,425522
2026-08-26 22:53:00,2651,2651,2649,2649,339,425522,425373
2026-08-26 22:54:00,2649,2649,2646,2647,1686,425373,424449
2026-08-26 22:55:00,2647,2647,2645,2646,1238,424449,423912
2026-08-26 22:56:00,2646,2646,2644,2644,898,423912,423654
2026-08-26 22:57:00,2644,2645,2641,2641,2661,423654,422556
2026-08-26 22:58:00,2641,2643,2639,2643,3384,422556,421923
2026-08-26 22:59:00,2643,2650,2642,2646,1493,421923,421765
2026-08-27 09:00:00,2646,2648,2643,2647,3213,421765,421689
2026-08-27 09:01:00,2647,2656,2647,2654,3700,421689,422036
2026-08-27 09:02:00,2654,2662,2654,2661,4907,422036,421614
2026-08-27 09:03:00,2661,2666,2660,2660,3611,421614,421157
2026-08-27 09:04:00,2660,2662,2655,2658,3622,421157,421697
2026-08-27 09:05:00,2658,2658,2653,2654,1962,421697,422017
2026-08-27 09:06:00,2654,2657,2654,2656,1384,422017,422299
2026-08-27 09:07:00,2656,2659,2656,2659,1075,422299,422516
2026-08-27 09:08:00,2659,2660,2657,2659,1596,422516,422902
2026-08-27 09:09:00,2659,2661,2655,2661,1436,422902,423350
2026-08-27 09:10:00,2661,2662,2658,2662,1246,423350,423388
2026-08-27 09:11:00,2662,2662,2659,2661,957,423388,423443
2026-08-27 09:12:00,2661,2663,2660,2661,1266,423443,423744
2026-08-27 09:13:00,2661,2661,2658,2660,1284,423744,423828
2026-08-27 09:14:00,2660,2661,2658,2661,526,423828,423855
2026-08-27 09:15:00,2661,2663,2660,2662,920,423855,423936
2026-08-27 09:16:00,2662,2663,2661,2662,764,423936,424088
2026-08-27 09:17:00,2662,2670,2662,2669,5219,424088,424425
2026-08-27 09:18:00,2669,2672,2668,2670,2813,424425,424281
2026-08-27 09:19:00,2670,2672,2667,2671,1997,424281,424487
2026-08-27 09:20:00,2671,2678,2671,2677,3649,424487,424696
2026-08-27 09:21:00,2677,2679,2675,2675,1875,424696,424650
2026-08-27 09:22:00,2675,2678,2674,2677,1217,424650,424757
2026-08-27 09:23:00,2677,2679,2675,2676,1550,424757,425054
2026-08-27 09:24:00,2676,2677,2672,2672,1818,425054,425419
2026-08-27 09:25:00,2672,2672,2669,2671,2000,425419,425492
2026-08-27 09:26:00,2671,2671,2667,2668,1209,425492,425561
2026-08-27 09:27:00,2668,2669,2667,2669,735,425561,425655
2026-08-27 09:28:00,2669,2670,2664,2665,1572,425655,425302
2026-08-27 09:29:00,2665,2666,2664,2665,2417,425302,424619
2026-08-27 09:30:00,2665,2666,2661,2662,1664,424619,424761
2026-08-27 09:31:00,2662,2664,2660,2662,1643,424761,424732
2026-08-27 09:32:00,2662,2663,2659,2661,1221,424732,424922
2026-08-27 09:33:00,2661,2662,2660,2661,663,424922,424999
2026-08-27 09:34:00,2661,2665,2660,2662,1594,424999,424727
2026-08-27 09:35:00,2662,2663,2658,2658,1762,424727,424653
2026-08-27 09:36:00,2658,2660,2657,2659,1823,424653,423905
2026-08-27 09:37:00,2659,2661,2657,2660,799,423905,423947
2026-08-27 09:38:00,2660,2662,2660,2661,500,423947,423951
2026-08-27 09:39:00,2661,2662,2659,2659,683,423951,424123
2026-08-27 09:40:00,2659,2662,2658,2660,515,424123,424236
2026-08-27 09:41:00,2660,2661,2659,2660,441,424236,424331
2026-08-27 09:42:00,2660,2665,2660,2663,1158,424331,424609
2026-08-27 09:43:00,2663,2663,2661,2662,1075,424609,425008
2026-08-27 09:44:00,2662,2663,2660,2662,484,425008,425120
2026-08-27 09:45:00,2662,2663,2659,2660,942,425120,425086
2026-08-27 09:46:00,2660,2661,2659,2660,459,425086,424959
2026-08-27 09:47:00,2660,2662,2660,2661,604,424959,424894
2026-08-27 09:48:00,2661,2662,2659,2660,431,424894,424913
2026-08-27 09:49:00,2660,2664,2660,2661,716,424913,424778
2026-08-27 09:50:00,2661,2662,2659,2660,518,424778,424752
2026-08-27 09:51:00,2660,2662,2659,2659,363,424752,424716
2026-08-27 09:52:00,2659,2660,2656,2656,1530,424716,425030
2026-08-27 09:53:00,2656,2658,2654,2658,1600,425030,425249
2026-08-27 09:54:00,2658,2660,2658,2660,977,425249,425467
2026-08-27 09:55:00,2660,2661,2658,2659,623,425467,425550
2026-08-27 09:56:00,2659,2660,2657,2658,249,425550,425554
2026-08-27 09:57:00,2658,2658,2656,2656,653,425554,425721
2026-08-27 09:58:00,2656,2658,2656,2657,337,425721,425758
2026-08-27 09:59:00,2657,2658,2655,2656,504,425758,425758
2026-08-27 10:00:00,2656,2657,2654,2655,1064,425758,425914
2026-08-27 10:01:00,2655,2656,2654,2655,304,425914,425967
2026-08-27 10:02:00,2655,2655,2648,2649,2676,425967,425898
2026-08-27 10:03:00,2649,2652,2649,2652,1429,425898,425839
2026-08-27 10:04:00,2652,2656,2651,2655,1117,425839,426015
2026-08-27 10:05:00,2655,2658,2655,2657,1043,426015,425791
2026-08-27 10:06:00,2657,2657,2654,2655,607,425791,425829
2026-08-27 10:07:00,2655,2657,2655,2656,588,425829,425738
2026-08-27 10:08:00,2656,2657,2655,2655,180,425738,425727
2026-08-27 10:09:00,2655,2657,2655,2657,168,425727,425789
2026-08-27 10:10:00,2657,2658,2656,2657,211,425789,425832
2026-08-27 10:11:00,2657,2662,2657,2662,1509,425832,425713
2026-08-27 10:12:00,2662,2662,2659,2659,749,425713,425896
2026-08-27 10:13:00,2659,2662,2659,2661,370,425896,425928
2026-08-27 10:14:00,2661,2665,2661,2665,848,425928,425887
2026-08-27 10:30:00,2663,2663,2656,2658,1628,425887,425801
2026-08-27 10:31:00,2658,2662,2658,2661,520,425801,425720
2026-08-27 10:32:00,2661,2664,2660,2664,816,425720,425874
2026-08-27 10:33:00,2664,2665,2662,2664,553,425874,426013
2026-08-27 10:34:00,2664,2670,2664,2668,1967,426013,426100
2026-08-27 10:35:00,2668,2670,2666,2668,1487,426100,425888
2026-08-27 10:36:00,2668,2673,2668,2672,2023,425888,425604
2026-08-27 10:37:00,2672,2674,2670,2672,1736,425604,425704
2026-08-27 10:38:00,2672,2674,2670,2672,1825,425704,425802
2026-08-27 10:39:00,2672,2673,2669,2669,1194,425802,425868
2026-08-27 10:40:00,2669,2672,2669,2669,999,425868,426124
2026-08-27 10:41:00,2669,2670,2666,2666,2239,426124,426942
2026-08-27 10:42:00,2666,2669,2665,2668,1572,426942,426896
2026-08-27 10:43:00,2668,2674,2668,2671,1985,426896,426584
2026-08-27 10:44:00,2671,2672,2668,2668,726,426584,426696
2026-08-27 10:45:00,2668,2669,2665,2665,581,426696,426840
2026-08-27 10:46:00,2665,2668,2665,2666,1078,426840,427123
2026-08-27 10:47:00,2666,2667,2664,2666,524,427123,427078
2026-08-27 10:48:00,2666,2667,2665,2665,334,427078,427016
2026-08-27 10:49:00,2665,2667,2664,2666,594,427016,426841
2026-08-27 10:50:00,2666,2667,2661,2662,803,426841,426771
2026-08-27 10:51:00,2662,2665,2662,2664,587,426771,427061
2026-08-27 10:52:00,2664,2664,2661,2663,887,427061,426700
2026-08-27 10:53:00,2663,2663,2661,2662,383,426700,426629
2026-08-27 10:54:00,2662,2663,2661,2662,343,426629,426570
2026-08-27 10:55:00,2662,2664,2660,2660,633,426570,426545
2026-08-27 10:56:00,2660,2661,2659,2661,777,426545,426314
2026-08-27 10:57:00,2661,2661,2658,2659,725,426314,426160
2026-08-27 10:58:00,2659,2660,2657,2658,779,426160,426120
2026-08-27 10:59:00,2658,2660,2657,2657,467,426120,426159
2026-08-27 11:00:00,2657,2665,2657,2665,1301,426159,426356
2026-08-27 11:01:00,2665,2671,2665,2668,2070,426356,426204
2026-08-27 11:02:00,2668,2671,2667,2670,1007,426204,425991
2026-08-27 11:03:00,2670,2671,2668,2668,1088,425991,425771
2026-08-27 11:04:00,2668,2669,2667,2669,383,425771,425722
2026-08-27 11:05:00,2669,2672,2669,2670,1755,425722,425395
2026-08-27 11:06:00,2670,2672,2669,2672,589,425395,425586
2026-08-27 11:07:00,2672,2673,2670,2672,1078,425586,425322
2026-08-27 11:08:00,2672,2672,2668,2669,536,425322,425265
2026-08-27 11:09:00,2669,2669,2665,2665,742,425265,425337
2026-08-27 11:10:00,2665,2668,2665,2666,516,425337,425226
2026-08-27 11:11:00,2666,2669,2666,2667,342,425226,425394
2026-08-27 11:12:00,2667,2669,2667,2667,248,425394,425390
2026-08-27 11:13:00,2667,2669,2665,2667,662,425390,425251
2026-08-27 11:14:00,2667,2669,2666,2668,519,425251,425344
2026-08-27 11:15:00,2668,2670,2667,2667,1056,425344,425681
2026-08-27 11:16:00,2667,2668,2666,2667,452,425681,425900
2026-08-27 11:17:00,2667,2668,2665,2666,431,425900,425928
2026-08-27 11:18:00,2666,2668,2665,2666,400,425928,425967
2026-08-27 11:19:00,2666,2667,2665,2665,501,425967,425819
2026-08-27 11:20:00,2665,2667,2663,2664,787,425819,425670
2026-08-27 11:21:00,2664,2668,2664,2667,471,425670,425578
2026-08-27 11:22:00,2667,2668,2666,2668,126,425578,425565
2026-08-27 11:23:00,2668,2669,2667,2668,257,425565,425622
2026-08-27 11:24:00,2668,2670,2667,2669,303,425622,425664
2026-08-27 11:25:00,2669,2671,2668,2668,673,425664,425835
2026-08-27 11:26:00,2668,2670,2667,2669,457,425835,425940
2026-08-27 11:27:00,2669,2670,2666,2666,597,425940,425892
2026-08-27 11:28:00,2666,2668,2666,2667,426,425892,425870
2026-08-27 11:29:00,2667,2667,2666,2666,611,425870,425737
2026-08-27 13:30:00,2663,2663,2655,2656,2813,425737,425491
2026-08-27 13:31:00,2656,2660,2655,2658,1162,425491,425616
2026-08-27 13:32:00,2658,2659,2657,2659,573,425616,425577
2026-08-27 13:33:00,2659,2659,2657,2658,462,425577,425585
2026-08-27 13:34:00,2658,2661,2658,2660,1413,425585,425268
2026-08-27 13:35:00,2660,2661,2659,2660,443,425268,425249
2026-08-27 13:36:00,2660,2663,2660,2662,1038,425249,425414
2026-08-27 13:37:00,2662,2663,2661,2663,1200,425414,425675
2026-08-27 13:38:00,2663,2665,2661,2661,1451,425675,426373
2026-08-27 13:39:00,2661,2664,2660,2663,736,426373,426509
2026-08-27 13:40:00,2663,2666,2663,2665,804,426509,426724
2026-08-27 13:41:00,2665,2666,2664,2666,506,426724,426812
2026-08-27 13:42:00,2666,2666,2664,2666,1583,426812,427147
2026-08-27 13:43:00,2666,2667,2665,2666,699,427147,427095
2026-08-27 13:44:00,2666,2669,2666,2668,1000,427095,427217
2026-08-27 13:45:00,2668,2670,2667,2669,1003,427217,427447
2026-08-27 13:46:00,2669,2670,2668,2670,1072,427447,427570
2026-08-27 13:47:00,2670,2673,2669,2672,2412,427570,428051
2026-08-27 13:48:00,2672,2673,2669,2669,1178,428051,428376
2026-08-27 13:49:00,2669,2670,2664,2667,1377,428376,428488
2026-08-27 13:50:00,2667,2667,2664,2664,1291,428488,428407
2026-08-27 13:51:00,2664,2668,2664,2666,994,428407,428607
2026-08-27 13:52:00,2666,2670,2666,2669,1023,428607,428718
2026-08-27 13:53:00,2669,2670,2666,2666,1065,428718,428954
2026-08-27 13:54:00,2666,2667,2663,2667,2072,428954,429867
2026-08-27 13:55:00,2667,2668,2663,2663,1026,429867,430287
2026-08-27 13:56:00,2663,2667,2663,2665,977,430287,430583
2026-08-27 13:57:00,2665,2665,2661,2662,1315,430583,430601
2026-08-27 13:58:00,2662,2663,2661,2662,529,430601,430559
2026-08-27 13:59:00,2662,2663,2661,2661,509,430559,430665
2026-08-27 14:00:00,2661,2662,2658,2658,1880,430665,430582
2026-08-27 14:01:00,2658,2660,2656,2658,2038,430582,430723
2026-08-27 14:02:00,2658,2660,2657,2660,952,430723,430742
2026-08-27 14:03:00,2660,2664,2659,2663,1021,430742,430623
2026-08-27 14:04:00,2663,2664,2662,2663,242,430623,430611
2026-08-27 14:05:00,2663,2664,2658,2658,1237,430611,430782
2026-08-27 14:06:00,2658,2660,2658,2659,558,430782,430837
2026-08-27 14:07:00,2659,2660,2656,2658,1215,430837,430979
2026-08-27 14:08:00,2658,2659,2657,2657,775,430979,430987
2026-08-27 14:09:00,2657,2657,2656,2657,683,430987,431162
2026-08-27 14:10:00,2657,2658,2655,2655,1346,431162,431617
2026-08-27 14:11:00,2655,2657,2653,2654,1383,431617,431448
2026-08-27 14:12:00,2654,2654,2651,2651,2265,431448,432008
2026-08-27 14:13:00,2651,2651,2649,2650,1378,432008,432067
2026-08-27 14:14:00,2650,2653,2649,2651,1030,432067,432311
2026-08-27 14:15:00,2651,2651,2644,2645,3526,432311,432574
2026-08-27 14:16:00,2645,2646,2643,2644,1238,432574,432574
2026-08-27 14:17:00,2644,2645,2640,2644,2248,432574,432543
2026-08-27 14:18:00,2644,2644,2641,2643,1233,432543,432550
2026-08-27 14:19:00,2643,2647,2642,2643,1497,432550,432330
2026-08-27 14:20:00,2643,2644,2641,2641,826,432330,432309
2026-08-27 14:21:00,2641,2641,2635,2637,3284,432309,432357
2026-08-27 14:22:00,2637,2637,2633,2635,1689,432357,432326
2026-08-27 14:23:00,2635,2637,2634,2635,2008,432326,432428
2026-08-27 14:24:00,2635,2636,2633,2634,1161,432428,432373
2026-08-27 14:25:00,2634,2640,2634,2638,2082,432373,432179
2026-08-27 14:26:00,2638,2639,2632,2632,2122,432179,431539
2026-08-27 14:27:00,2632,2635,2628,2628,3459,431539,430417
2026-08-27 14:28:00,2628,2632,2627,2631,2174,430417,430435
2026-08-27 14:29:00,2631,2632,2629,2631,1777,430435,430067
2026-08-27 14:30:00,2631,2636,2630,2635,2469,430067,429152
2026-08-27 14:31:00,2635,2639,2634,2635,1617,429152,428712
2026-08-27 14:32:00,2635,2639,2635,2638,1321,428712,428258
2026-08-27 14:33:00,2638,2640,2637,2637,2370,428258,427999
2026-08-27 14:34:00,2637,2639,2634,2636,1674,427999,427534
2026-08-27 14:35:00,2636,2637,2632,2634,1072,427534,427436
2026-08-27 14:36:00,2634,2637,2634,2635,776,427436,427601
2026-08-27 14:37:00,2635,2636,2633,2634,443,427601,427602
2026-08-27 14:38:00,2634,2635,2632,2632,401,427602,427608
2026-08-27 14:39:00,2632,2634,2631,2634,609,427608,427617
2026-08-27 14:40:00,2634,2634,2630,2630,1173,427617,427361
2026-08-27 14:41:00,2630,2632,2629,2630,1148,427361,427324
2026-08-27 14:42:00,2630,2634,2630,2633,406,427324,427305
2026-08-27 14:43:00,2633,2634,2632,2633,352,427305,427320
2026-08-27 14:44:00,2633,2636,2632,2636,1311,427320,426800
2026-08-27 14:45:00,2636,2636,2632,2632,1020,426800,426677
2026-08-27 14:46:00,2632,2633,2630,2631,1715,426677,426646
2026-08-27 14:47:00,2631,2634,2631,2633,880,426646,426306
2026-08-27 14:48:00,2633,2636,2633,2633,1772,426306,425944
2026-08-27 14:49:00,2633,2636,2632,2635,1064,425944,426052
2026-08-27 14:50:00,2635,2637,2633,2635,1508,426052,426242
2026-08-27 14:51:00,2635,2635,2633,2634,797,426242,426291
2026-08-27 14:52:00,2634,2637,2634,2636,1688,426291,425944
2026-08-27 14:53:00,2636,2639,2636,2638,1486,425944,425564
2026-08-27 14:54:00,2638,2639,2637,2637,1578,425564,425330
2026-08-27 14:55:00,2637,2640,2637,2637,1769,425330,424888
2026-08-27 14:56:00,2637,2638,2635,2636,1171,424888,424750
2026-08-27 14:57:00,2636,2638,2636,2638,1142,424750,424866
2026-08-27 14:58:00,2638,2638,2636,2636,1309,424866,425110
2026-08-27 14:59:00,2636,2638,2635,2637,2042,425110,425121
2026-08-27 21:00:00,2660,2670,2656,2662,9375,425121,423276
2026-08-27 21:01:00,2662,2665,2658,2660,4039,423276,423745
2026-08-27 21:02:00,2660,2660,2653,2655,3406,423745,423701
2026-08-27 21:03:00,2655,2660,2654,2660,1952,423701,423802
2026-08-27 21:04:00,2660,2664,2658,2663,2505,423802,423563
2026-08-27 21:05:00,2663,2663,2656,2658,2286,423563,423902
2026-08-27 21:06:00,2658,2659,2655,2656,2060,423902,424662
2026-08-27 21:07:00,2656,2657,2653,2655,1405,424662,424783
2026-08-27 21:08:00,2655,2657,2653,2654,1534,424783,425244
2026-08-27 21:09:00,2654,2656,2654,2656,1073,425244,425330
2026-08-27 21:10:00,2656,2657,2655,2656,1205,425330,425608
2026-08-27 21:11:00,2656,2658,2654,2657,786,425608,425633
2026-08-27 21:12:00,2657,2658,2655,2656,574,425633,425737
2026-08-27 21:13:00,2656,2657,2652,2654,1089,425737,425760
2026-08-27 21:14:00,2654,2656,2653,2654,1589,425760,425676
2026-08-27 21:15:00,2654,2656,2653,2655,746,425676,425783
2026-08-27 21:16:00,2655,2655,2650,2652,1586,425783,425795
2026-08-27 21:17:00,2652,2654,2651,2653,521,425795,425848
2026-08-27 21:18:00,2653,2655,2652,2655,885,425848,426062
2026-08-27 21:19:00,2655,2656,2654,2656,531,426062,426032
2026-08-27 21:20:00,2656,2657,2653,2654,544,426032,426070
2026-08-27 21:21:00,2654,2655,2653,2654,226,426070,426125
2026-08-27 21:22:00,2654,2657,2653,2656,399,426125,426105
2026-08-27 21:23:00,2656,2660,2656,2660,2049,426105,426543
2026-08-27 21:24:00,2660,2660,2657,2658,473,426543,426673
2026-08-27 21:25:00,2658,2659,2656,2659,396,426673,426737
2026-08-27 21:26:00,2659,2659,2656,2656,651,426737,426908
2026-08-27 21:27:00,2656,2656,2652,2653,915,426908,426963
2026-08-27 21:28:00,2653,2654,2650,2651,1048,426963,426868
2026-08-27 21:29:00,2651,2654,2651,2654,948,426868,427011
2026-08-27 21:30:00,2654,2658,2652,2658,896,427011,427382
2026-08-27 21:31:00,2658,2658,2655,2656,345,427382,427502
2026-08-27 21:32:00,2656,2659,2656,2658,665,427502,427419
2026-08-27 21:33:00,2658,2661,2657,2658,924,427419,427673
2026-08-27 21:34:00,2658,2660,2656,2656,443,427673,427681
2026-08-27 21:35:00,2656,2656,2654,2654,447,427681,427612
2026-08-27 21:36:00,2654,2655,2653,2654,500,427612,427493
2026-08-27 21:37:00,2654,2656,2654,2655,440,427493,427431
2026-08-27 21:38:00,2655,2655,2652,2654,688,427431,427453
2026-08-27 21:39:00,2654,2655,2653,2654,243,427453,427449
2026-08-27 21:40:00,2654,2657,2653,2657,396,427449,427489
2026-08-27 21:41:00,2657,2658,2656,2657,265,427489,427492
2026-08-27 21:42:00,2657,2659,2657,2657,287,427492,427509
2026-08-27 21:43:00,2657,2658,2656,2656,146,427509,427487
2026-08-27 21:44:00,2656,2657,2655,2656,165,427487,427484
2026-08-27 21:45:00,2656,2658,2656,2658,217,427484,427390
2026-08-27 21:46:00,2658,2659,2657,2657,365,427390,427489
2026-08-27 21:47:00,2657,2658,2655,2656,255,427489,427489
2026-08-27 21:48:00,2656,2657,2654,2655,240,427489,427515
2026-08-27 21:49:00,2655,2656,2654,2656,173,427515,427523
2026-08-27 21:50:00,2656,2658,2655,2655,183,427523,427499
2026-08-27 21:51:00,2655,2656,2654,2655,111,427499,427497
2026-08-27 21:52:00,2655,2656,2655,2656,123,427497,427493
2026-08-27 21:53:00,2656,2657,2655,2657,164,427493,427544
2026-08-27 21:54:00,2657,2658,2655,2657,230,427544,427509
2026-08-27 21:55:00,2657,2657,2654,2654,198,427509,427512
2026-08-27 21:56:00,2654,2656,2654,2655,238,427512,427529
2026-08-27 21:57:00,2655,2656,2654,2655,181,427529,427504
2026-08-27 21:58:00,2655,2656,2654,2656,127,427504,427465
2026-08-27 21:59:00,2656,2657,2655,2655,185,427465,427437
2026-08-27 22:00:00,2655,2657,2655,2657,145,427437,427464
2026-08-27 22:01:00,2657,2659,2657,2659,768,427464,427425
2026-08-27 22:02:00,2659,2660,2658,2659,926,427425,427435
2026-08-27 22:03:00,2659,2661,2659,2660,802,427435,427537
2026-08-27 22:04:00,2660,2661,2655,2655,673,427537,427596
2026-08-27 22:05:00,2655,2657,2655,2656,205,427596,427642
2026-08-27 22:06:00,2656,2658,2656,2657,161,427642,427695
2026-08-27 22:07:00,2657,2659,2657,2657,98,427695,427706
2026-08-27 22:08:00,2657,2658,2656,2657,64,427706,427692
2026-08-27 22:09:00,2657,2661,2657,2660,674,427692,427602
2026-08-27 22:10:00,2660,2661,2659,2661,768,427602,427507
2026-08-27 22:11:00,2661,2661,2658,2660,379,427507,427512
2026-08-27 22:12:00,2660,2660,2659,2660,170,427512,427547
2026-08-27 22:13:00,2660,2661,2658,2658,408,427547,427564
2026-08-27 22:14:00,2658,2658,2656,2656,305,427564,427644
2026-08-27 22:15:00,2656,2659,2655,2655,1165,427644,427660
2026-08-27 22:16:00,2655,2658,2655,2656,300,427660,427719
2026-08-27 22:17:00,2656,2657,2655,2655,617,427719,427623
2026-08-27 22:18:00,2655,2657,2653,2655,984,427623,427523
2026-08-27 22:19:00,2655,2658,2655,2657,340,427523,427590
2026-08-27 22:20:00,2657,2658,2656,2657,387,427590,427696
2026-08-27 22:21:00,2657,2658,2657,2657,384,427696,427642
2026-08-27 22:22:00,2657,2658,2656,2657,309,427642,427514
2026-08-27 22:23:00,2657,2658,2655,2656,533,427514,427180
2026-08-27 22:24:00,2656,2656,2654,2655,488,427180,426904
2026-08-27 22:25:00,2655,2656,2655,2656,264,426904,426858
2026-08-27 22:26:00,2656,2656,2653,2655,604,426858,426797
2026-08-27 22:27:00,2655,2655,2652,2654,769,426797,426899
2026-08-27 22:28:00,2654,2654,2648,2649,2335,426899,427194
2026-08-27 22:29:00,2649,2654,2649,2653,986,427194,427340
2026-08-27 22:30:00,2653,2654,2651,2653,383,427340,427269
2026-08-27 22:31:00,2653,2654,2652,2653,251,427269,427196
2026-08-27 22:32:00,2653,2654,2651,2651,409,427196,427173
2026-08-27 22:33:00,2651,2653,2651,2651,471,427173,426941
2026-08-27 22:34:00,2651,2652,2649,2650,663,426941,427001
2026-08-27 22:35:00,2650,2650,2647,2650,657,427001,427020
2026-08-27 22:36:00,2650,2652,2650,2650,317,427020,427011
2026-08-27 22:37:00,2650,2651,2649,2649,306,427011,426978
2026-08-27 22:38:00,2649,2650,2648,2649,376,426978,426937
2026-08-27 22:39:00,2649,2650,2649,2649,204,426937,426935
2026-08-27 22:40:00,2649,2651,2649,2650,418,426935,427080
2026-08-27 22:41:00,2650,2652,2649,2650,452,427080,427185
2026-08-27 22:42:00,2650,2651,2649,2651,112,427185,427167
2026-08-27 22:43:00,2651,2651,2649,2650,294,427167,427077
2026-08-27 22:44:00,2650,2650,2647,2649,487,427077,427115
2026-08-27 22:45:00,2649,2650,2647,2648,418,427115,427257
2026-08-27 22:46:00,2648,2649,2647,2649,385,427257,427331
2026-08-27 22:47:00,2649,2653,2648,2652,554,427331,427214
2026-08-27 22:48:00,2652,2652,2650,2651,819,427214,427110
2026-08-27 22:49:00,2651,2653,2651,2652,188,427110,427048
2026-08-27 22:50:00,2652,2652,2650,2651,542,427048,426997
2026-08-27 22:51:00,2651,2652,2651,2651,120,426997,427034
2026-08-27 22:52:00,2651,2652,2651,2652,71,427034,427037
2026-08-27 22:53:00,2652,2652,2650,2651,348,427037,426863
2026-08-27 22:54:00,2651,2651,2648,2648,443,426863,426826
2026-08-27 22:55:00,2648,2649,2644,2645,1261,426826,426557
2026-08-27 22:56:00,2645,2645,2642,2644,1059,426557,426528
2026-08-27 22:57:00,2644,2644,2643,2644,425,426528,426421
2026-08-27 22:58:00,2644,2645,2642,2643,689,426421,426288
2026-08-27 22:59:00,2643,2644,2641,2642,1602,426288,425761
2026-08-28 09:00:00,2642,2662,2642,2659,6034,425761,425706
2026-08-28 09:01:00,2659,2661,2656,2656,3414,425706,425681
2026-08-28 09:02:00,2656,2660,2656,2659,1392,425681,425668
2026-08-28 09:03:00,2659,2659,2654,2655,2061,425668,425477
2026-08-28 09:04:00,2655,2657,2653,2656,980,425477,425637
2026-08-28 09:05:00,2656,2660,2656,2659,1037,425637,425725
2026-08-28 09:06:00,2659,2659,2656,2659,673,425725,425911
2026-08-28 09:07:00,2659,2662,2659,2661,1433,425911,426137
2026-08-28 09:08:00,2661,2663,2660,2663,1210,426137,426398
2026-08-28 09:09:00,2663,2666,2663,2665,1278,426398,426485
2026-08-28 09:10:00,2665,2665,2661,2663,1077,426485,426331
2026-08-28 09:11:00,2663,2670,2662,2668,2012,426331,426376
2026-08-28 09:12:00,2668,2682,2668,2681,6800,426376,426397
2026-08-28 09:13:00,2681,2681,2674,2676,2373,426397,426550
2026-08-28 09:14:00,2676,2677,2671,2673,1082,426550,426726
2026-08-28 09:15:00,2673,2676,2672,2675,1324,426726,426753
2026-08-28 09:16:00,2675,2678,2674,2678,1070,426753,427002
2026-08-28 09:17:00,2678,2679,2672,2672,972,427002,427066
2026-08-28 09:18:00,2672,2673,2669,2669,1336,427066,427183
2026-08-28 09:19:00,2669,2672,2669,2670,716,427183,427153
2026-08-28 09:20:00,2670,2670,2666,2666,1126,427153,427177
2026-08-28 09:21:00,2666,2668,2665,2665,823,427177,427060
2026-08-28 09:22:00,2665,2670,2665,2669,849,427060,426988
2026-08-28 09:23:00,2669,2669,2666,2668,385,426988,427012
2026-08-28 09:24:00,2668,2671,2668,2671,717,427012,426936
2026-08-28 09:25:00,2671,2671,2666,2667,560,426936,427019
2026-08-28 09:26:00,2667,2667,2662,2662,1077,427019,427023
2026-08-28 09:27:00,2662,2666,2662,2664,492,427023,426930
2026-08-28 09:28:00,2664,2665,2662,2664,290,426930,426881
2026-08-28 09:29:00,2664,2665,2662,2663,432,426881,426919
2026-08-28 09:30:00,2663,2664,2659,2659,1482,426919,427017
2026-08-28 09:31:00,2659,2662,2659,2661,720,427017,427016
2026-08-28 09:32:00,2661,2662,2656,2656,2595,427016,427510
2026-08-28 09:33:00,2656,2658,2654,2658,1688,427510,427618
2026-08-28 09:34:00,2658,2661,2658,2659,1145,427618,427662
2026-08-28 09:35:00,2659,2659,2655,2655,738,427662,427631
2026-08-28 09:36:00,2655,2658,2655,2656,630,427631,427474
2026-08-28 09:37:00,2656,2657,2652,2652,896,427474,427540
2026-08-28 09:38:00,2652,2655,2651,2655,1617,427540,427117
2026-08-28 09:39:00,2655,2655,2651,2653,1428,427117,427516
2026-08-28 09:40:00,2653,2656,2651,2653,901,427516,427358
2026-08-28 09:41:00,2653,2656,2653,2654,869,427358,427422
2026-08-28 09:42:00,2654,2657,2654,2657,1045,427422,427647
2026-08-28 09:43:00,2657,2657,2655,2656,609,427647,427552
2026-08-28 09:44:00,2656,2659,2656,2659,1160,427552,427166
2026-08-28 09:45:00,2659,2660,2658,2659,652,427166,427022
2026-08-28 09:46:00,2659,2662,2658,2659,1067,427022,426862
2026-08-28 09:47:00,2659,2659,2654,2657,750,426862,426925
2026-08-28 09:48:00,2657,2657,2654,2655,546,426925,426915
2026-08-28 09:49:00,2655,2658,2655,2658,315,426915,426887
2026-08-28 09:50:00,2658,2658,2655,2655,301,426887,426859
2026-08-28 09:51:00,2655,2657,2655,2656,556,426859,426962
2026-08-28 09:52:00,2656,2658,2654,2654,491,426962,427137
2026-08-28 09:53:00,2654,2658,2654,2658,458,427137,427210
2026-08-28 09:54:00,2658,2658,2655,2655,427,427210,427242
2026-08-28 09:55:00,2655,2656,2652,2653,505,427242,427257
2026-08-28 09:56:00,2653,2656,2653,2654,501,427257,427247
2026-08-28 09:57:00,2654,2655,2652,2653,546,427247,427392
2026-08-28 09:58:00,2653,2654,2651,2654,701,427392,427593
2026-08-28 09:59:00,2654,2654,2650,2651,691,427593,427721
2026-08-28 10:00:00,2651,2656,2651,2656,772,427721,427701
2026-08-28 10:01:00,2656,2656,2653,2653,564,427701,427771
2026-08-28 10:02:00,2653,2655,2650,2651,941,427771,427860
2026-08-28 10:03:00,2651,2654,2651,2653,650,427860,428092
2026-08-28 10:04:00,2653,2654,2652,2653,461,428092,428068
2026-08-28 10:05:00,2653,2656,2652,2655,636,428068,428135
2026-08-28 10:06:00,2655,2656,2654,2655,415,428135,428112
2026-08-28 10:07:00,2655,2656,2653,2654,686,428112,428033
2026-08-28 10:08:00,2654,2658,2654,2657,1170,428033,428334
2026-08-28 10:09:00,2657,2660,2657,2657,1034,428334,428323
2026-08-28 10:10:00,2657,2658,2653,2653,650,428323,428530
2026-08-28 10:11:00,2653,2657,2653,2656,367,428530,428604
2026-08-28 10:12:00,2656,2659,2656,2658,320,428604,428548
2026-08-28 10:13:00,2658,2659,2656,2658,275,428548,428500
2026-08-28 10:14:00,2658,2660,2658,2659,428,428500,428399
2026-08-28 10:30:00,2660,2666,2660,2665,2074,428399,428569
2026-08-28 10:31:00,2665,2669,2664,2669,1859,428569,428770
2026-08-28 10:32:00,2669,2672,2668,2670,2096,428770,428756
2026-08-28 10:33:00,2670,2671,2666,2670,1053,428756,428587
2026-08-28 10:34:00,2670,2670,2665,2669,784,428587,428623
2026-08-28 10:35:00,2669,2670,2666,2668,903,428623,428611
2026-08-28 10:36:00,2668,2668,2665,2667,513,428611,428554
2026-08-28 10:37:00,2667,2667,2663,2663,840,428554,428582
2026-08-28 10:38:00,2663,2665,2661,2664,559,428582,428446
2026-08-28 10:39:00,2664,2666,2662,2665,424,428446,428423
2026-08-28 10:40:00,2665,2666,2662,2663,259,428423,428414
2026-08-28 10:41:00,2663,2664,2661,2661,310,428414,428407
2026-08-28 10:42:00,2661,2666,2661,2665,592,428407,428222
2026-08-28 10:43:00,2665,2665,2664,2664,190,428222,428195
2026-08-28 10:44:00,2664,2665,2662,2664,248,428195,428214
2026-08-28 10:45:00,2664,2666,2664,2665,314,428214,428173
2026-08-28 10:46:00,2665,2666,2664,2666,201,428173,428219
2026-08-28 10:47:00,2666,2668,2666,2667,985,428219,428419
2026-08-28 10:48:00,2667,2670,2667,2669,1216,428419,428365
2026-08-28 10:49:00,2669,2669,2666,2668,459,428365,428352
2026-08-28 10:50:00,2668,2670,2668,2668,298,428352,428455
2026-08-28 10:51:00,2668,2671,2666,2667,726,428455,428417
2026-08-28 10:52:00,2667,2667,2664,2666,413,428417,428388
2026-08-28 10:53:00,2666,2668,2665,2665,338,428388,428368
2026-08-28 10:54:00,2665,2666,2664,2666,119,428368,428376
2026-08-28 10:55:00,2666,2666,2663,2664,541,428376,428250
2026-08-28 10:56:00,2664,2666,2664,2665,221,428250,428242
2026-08-28 10:57:00,2665,2665,2662,2663,579,428242,428267
2026-08-28 10:58:00,2663,2665,2663,2663,330,428267,428302
2026-08-28 10:59:00,2663,2665,2663,2663,305,428302,428198
2026-08-28 11:00:00,2663,2664,2660,2663,734,428198,428096
2026-08-28 11:01:00,2663,2666,2663,2665,568,428096,428052
2026-08-28 11:02:00,2665,2668,2665,2666,438,428052,428086
2026-08-28 11:03:00,2666,2667,2663,2663,273,428086,428136
2026-08-28 11:04:00,2663,2665,2662,2662,299,428136,428216
2026-08-28 11:05:00,2662,2664,2662,2664,205,428216,428310
2026-08-28 11:06:00,2664,2665,2664,2665,120,428310,428304
2026-08-28 11:07:00,2665,2665,2663,2665,176,428304,428318
2026-08-28 11:08:00,2665,2666,2664,2664,144,428318,428287
2026-08-28 11:09:00,2664,2665,2664,2665,270,428287,428274
2026-08-28 11:10:00,2665,2667,2664,2667,378,428274,428139
2026-08-28 11:11:00,2667,2667,2666,2666,293,428139,428167
2026-08-28 11:12:00,2666,2666,2665,2666,231,428167,428181
2026-08-28 11:13:00,2666,2667,2665,2667,511,428181,428423
2026-08-28 11:14:00,2667,2668,2666,2667,315,428423,428419
2026-08-28 11:15:00,2667,2668,2666,2666,433,428419,428398
2026-08-28 11:16:00,2666,2667,2665,2667,266,428398,428441
2026-08-28 11:17:00,2667,2668,2665,2666,228,428441,428389
2026-08-28 11:18:00,2666,2667,2664,2667,234,428389,428333
2026-08-28 11:19:00,2667,2668,2666,2667,267,428333,428358
2026-08-28 11:20:00,2667,2668,2665,2667,185,428358,428341
2026-08-28 11:21:00,2667,2668,2665,2667,1268,428341,428212
2026-08-28 11:22:00,2667,2669,2666,2668,833,428212,428502
2026-08-28 11:23:00,2668,2669,2664,2667,1097,428502,428044
2026-08-28 11:24:00,2667,2669,2666,2669,378,428044,427900
2026-08-28 11:25:00,2669,2670,2666,2666,567,427900,428015
2026-08-28 11:26:00,2666,2668,2666,2668,565,428015,428015
2026-08-28 11:27:00,2668,2669,2667,2668,241,428015,428016
2026-08-28 11:28:00,2668,2668,2666,2667,170,428016,427953
2026-08-28 11:29:00,2667,2668,2666,2667,430,427953,427776
2026-08-28 13:30:00,2667,2668,2663,2664,1382,427776,427540
2026-08-28 13:31:00,2664,2665,2662,2665,721,427540,427508
2026-08-28 13:32:00,2665,2668,2664,2665,587,427508,427356
2026-08-28 13:33:00,2665,2670,2665,2667,1494,427356,427169
2026-08-28 13:34:00,2667,2667,2663,2664,591,427169,427256
2026-08-28 13:35:00,2664,2665,2663,2664,498,427256,427218
2026-08-28 13:36:00,2664,2666,2663,2665,439,427218,427118
2026-08-28 13:37:00,2665,2665,2661,2664,1290,427118,427124
2026-08-28 13:38:00,2664,2666,2663,2664,952,427124,426843
2026-08-28 13:39:00,2664,2665,2662,2664,596,426843,426877
2026-08-28 13:40:00,2664,2665,2661,2664,1305,426877,426938
2026-08-28 13:41:00,2664,2669,2664,2669,1461,426938,426918
2026-08-28 13:42:00,2669,2675,2668,2671,3202,426918,427460
2026-08-28 13:43:00,2671,2674,2670,2672,955,427460,427488
2026-08-28 13:44:00,2672,2674,2671,2671,919,427488,427589
2026-08-28 13:45:00,2671,2672,2668,2669,1576,427589,427502
2026-08-28 13:46:00,2669,2673,2669,2672,1076,427502,427567
2026-08-28 13:47:00,2672,2673,2670,2671,561,427567,427573
2026-08-28 13:48:00,2671,2672,2670,2671,731,427573,427779
2026-08-28 13:49:00,2671,2674,2671,2674,630,427779,427974
2026-08-28 13:50:00,2674,2675,2673,2673,836,427974,428156
2026-08-28 13:51:00,2673,2681,2673,2678,3831,428156,428789
2026-08-28 13:52:00,2678,2678,2675,2677,1101,428789,429095
2026-08-28 13:53:00,2677,2679,2676,2678,661,429095,429315
2026-08-28 13:54:00,2678,2678,2674,2674,1689,429315,430078
2026-08-28 13:55:00,2674,2678,2674,2677,1211,430078,429817
2026-08-28 13:56:00,2677,2677,2675,2675,598,429817,429830
2026-08-28 13:57:00,2675,2676,2672,2674,807,429830,429772
2026-08-28 13:58:00,2674,2678,2674,2675,1365,429772,429682
2026-08-28 13:59:00,2675,2676,2673,2675,297,429682,429738
2026-08-28 14:00:00,2675,2679,2675,2678,1085,429738,430049
2026-08-28 14:01:00,2678,2679,2676,2677,513,430049,430062
2026-08-28 14:02:00,2677,2678,2676,2677,425,430062,430128
2026-08-28 14:03:00,2677,2678,2676,2678,366,430128,430106
2026-08-28 14:04:00,2678,2678,2674,2675,665,430106,430360
2026-08-28 14:05:00,2675,2676,2674,2674,486,430360,430351
2026-08-28 14:06:00,2674,2675,2670,2671,1205,430351,430274
2026-08-28 14:07:00,2671,2672,2670,2672,730,430274,430348
2026-08-28 14:08:00,2672,2674,2672,2673,198,430348,430308
2026-08-28 14:09:00,2673,2673,2670,2672,426,430308,430193
2026-08-28 14:10:00,2672,2673,2670,2671,646,430193,430135
2026-08-28 14:11:00,2671,2672,2669,2670,855,430135,429960
2026-08-28 14:12:00,2670,2673,2670,2672,575,429960,430091
2026-08-28 14:13:00,2672,2673,2671,2673,252,430091,430060
2026-08-28 14:14:00,2673,2673,2671,2672,232,430060,430053
2026-08-28 14:15:00,2672,2674,2671,2672,393,430053,429950
2026-08-28 14:16:00,2672,2673,2671,2672,213,429950,429975
2026-08-28 14:17:00,2672,2673,2671,2673,370,429975,429800
2026-08-28 14:18:00,2673,2673,2671,2671,99,429800,429823
2026-08-28 14:19:00,2671,2672,2670,2670,110,429823,429803
2026-08-28 14:20:00,2670,2671,2668,2670,650,429803,429788
2026-08-28 14:21:00,2670,2672,2670,2671,413,429788,429875
2026-08-28 14:22:00,2671,2672,2670,2670,192,429875,429934
2026-08-28 14:23:00,2670,2672,2670,2672,235,429934,429952
2026-08-28 14:24:00,2672,2674,2671,2674,496,429952,429904
2026-08-28 14:25:00,2674,2674,2672,2673,244,429904,429946
2026-08-28 14:26:00,2673,2673,2671,2673,627,429946,430158
2026-08-28 14:27:00,2673,2673,2671,2673,269,430158,430128
2026-08-28 14:28:00,2673,2675,2673,2674,1120,430128,429954
2026-08-28 14:29:00,2674,2680,2674,2679,1959,429954,429735
2026-08-28 14:30:00,2679,2680,2677,2679,2069,429735,429139
2026-08-28 14:31:00,2679,2680,2678,2680,1062,429139,428623
2026-08-28 14:32:00,2680,2681,2678,2681,1125,428623,428378
2026-08-28 14:33:00,2681,2684,2679,2680,1919,428378,427903
2026-08-28 14:34:00,2680,2681,2676,2678,1726,427903,427816
2026-08-28 14:35:00,2678,2681,2678,2679,698,427816,427936
2026-08-28 14:36:00,2679,2681,2679,2680,641,427936,428018
2026-08-28 14:37:00,2680,2682,2680,2681,951,428018,427988
2026-08-28 14:38:00,2681,2681,2680,2680,461,427988,427924
2026-08-28 14:39:00,2680,2682,2680,2682,625,427924,427822
2026-08-28 14:40:00,2682,2683,2681,2682,1035,427822,427887
2026-08-28 14:41:00,2682,2683,2680,2681,768,427887,427704
2026-08-28 14:42:00,2681,2683,2681,2681,690,427704,427522
2026-08-28 14:43:00,2681,2683,2681,2682,768,427522,427535
2026-08-28 14:44:00,2682,2685,2682,2685,1764,427535,426907
2026-08-28 14:45:00,2685,2685,2682,2682,1112,426907,426716
2026-08-28 14:46:00,2682,2683,2680,2682,1174,426716,426493
2026-08-28 14:47:00,2682,2684,2682,2684,733,426493,426441
2026-08-28 14:48:00,2684,2685,2682,2683,1438,426441,426307
2026-08-28 14:49:00,2683,2683,2680,2682,811,426307,426370
2026-08-28 14:50:00,2682,2683,2680,2680,468,426370,426521
2026-08-28 14:51:00,2680,2682,2680,2681,357,426521,426537
2026-08-28 14:52:00,2681,2682,2681,2682,476,426537,426632
2026-08-28 14:53:00,2682,2682,2680,2682,395,426632,426687
2026-08-28 14:54:00,2682,2682,2679,2680,905,426687,426632
2026-08-28 14:55:00,2680,2685,2679,2684,1832,426632,427276
2026-08-28 14:56:00,2684,2688,2683,2687,1598,427276,427317
2026-08-28 14:57:00,2687,2688,2686,2687,1288,427317,427710
2026-08-28 14:58:00,2687,2691,2687,2689,2268,427710,427991
2026-08-28 14:59:00,2689,2691,2689,2690,2135,427991,427328
2026-08-28 21:00:00,2690,2690,2679,2683,4858,427328,427325
2026-08-28 21:01:00,2683,2688,2681,2684,3056,427325,427986
2026-08-28 21:02:00,2684,2686,2681,2682,2202,427986,428207
2026-08-28 21:03:00,2682,2687,2682,2686,952,428207,428408
2026-08-28 21:04:00,2686,2688,2683,2686,1447,428408,428467
2026-08-28 21:05:00,2686,2687,2684,2685,1045,428467,428725
2026-08-28 21:06:00,2685,2687,2682,2683,1615,428725,428476
2026-08-28 21:07:00,2683,2685,2680,2683,1551,428476,428346
2026-08-28 21:08:00,2683,2694,2683,2691,3665,428346,428349
2026-08-28 21:09:00,2691,2693,2689,2691,1019,428349,428576
2026-08-28 21:10:00,2691,2692,2688,2691,1058,428576,428862
2026-08-28 21:11:00,2691,2694,2690,2690,824,428862,428928
2026-08-28 21:12:00,2690,2691,2688,2689,624,428928,429051
2026-08-28 21:13:00,2689,2690,2688,2689,525,429051,429121
2026-08-28 21:14:00,2689,2690,2688,2690,586,429121,429270
2026-08-28 21:15:00,2690,2690,2687,2688,831,429270,429329
2026-08-28 21:16:00,2688,2691,2688,2690,625,429329,429528
2026-08-28 21:17:00,2690,2693,2689,2693,1087,429528,429734
2026-08-28 21:18:00,2693,2698,2692,2694,2094,429734,429867
2026-08-28 21:19:00,2694,2695,2691,2692,1049,429867,429779
2026-08-28 21:20:00,2692,2695,2692,2693,720,429779,429879
2026-08-28 21:21:00,2693,2693,2690,2690,560,429879,429992
2026-08-28 21:22:00,2690,2691,2688,2689,1136,429992,430105
2026-08-28 21:23:00,2689,2689,2685,2687,1328,430105,430465
2026-08-28 21:24:00,2687,2688,2685,2686,1049,430465,430819
2026-08-28 21:25:00,2686,2688,2685,2687,662,430819,430768
2026-08-28 21:26:00,2687,2687,2684,2685,555,430768,430615
2026-08-28 21:27:00,2685,2688,2685,2687,832,430615,431072
2026-08-28 21:28:00,2687,2688,2685,2685,294,431072,431034
2026-08-28 21:29:00,2685,2686,2685,2686,173,431034,431074
2026-08-28 21:30:00,2686,2691,2685,2691,875,431074,431144
2026-08-28 21:31:00,2691,2693,2691,2692,715,431144,430910
2026-08-28 21:32:00,2692,2692,2690,2691,343,430910,430957
2026-08-28 21:33:00,2691,2692,2691,2691,2805,430957,431145
2026-08-28 21:34:00,2691,2692,2688,2689,277,431145,431134
2026-08-28 21:35:00,2689,2691,2688,2689,302,431134,431149
2026-08-28 21:36:00,2689,2691,2689,2690,254,431149,431146
2026-08-28 21:37:00,2690,2692,2689,2691,474,431146,431362
2026-08-28 21:38:00,2691,2692,2689,2690,280,431362,431501
2026-08-28 21:39:00,2690,2691,2690,2690,324,431501,431515
2026-08-28 21:40:00,2690,2693,2690,2692,335,431515,431569
2026-08-28 21:41:00,2692,2694,2691,2693,429,431569,431547
2026-08-28 21:42:00,2693,2694,2691,2692,484,431547,431603
2026-08-28 21:43:00,2692,2693,2690,2692,342,431603,431526
2026-08-28 21:44:00,2692,2694,2692,2694,329,431526,431548
2026-08-28 21:45:00,2694,2694,2692,2693,407,431548,431446
2026-08-28 21:46:00,2693,2693,2691,2691,286,431446,431413
2026-08-28 21:47:00,2691,2692,2690,2690,272,431413,431416
2026-08-28 21:48:00,2690,2693,2690,2692,416,431416,431493
2026-08-28 21:49:00,2692,2693,2690,2692,258,431493,431507
2026-08-28 21:50:00,2692,2695,2692,2694,642,431507,431352
2026-08-28 21:51:00,2694,2700,2694,2700,2016,431352,431145
2026-08-28 21:52:00,2700,2700,2695,2697,983,431145,431190
2026-08-28 21:53:00,2697,2701,2697,2701,2024,431190,431264
2026-08-28 21:54:00,2701,2701,2697,2698,725,431264,431225
2026-08-28 21:55:00,2698,2698,2694,2695,776,431225,431307
2026-08-28 21:56:00,2695,2695,2692,2692,543,431307,431292
2026-08-28 21:57:00,2692,2695,2692,2695,300,431292,431367
2026-08-28 21:58:00,2695,2695,2693,2694,128,431367,431357
2026-08-28 21:59:00,2694,2694,2690,2693,642,431357,431393
2026-08-28 22:00:00,2693,2694,2691,2692,559,431393,431563
2026-08-28 22:01:00,2692,2693,2691,2693,275,431563,431613
2026-08-28 22:02:00,2693,2694,2692,2693,182,431613,431600
2026-08-28 22:03:00,2693,2695,2692,2695,205,431600,431601
2026-08-28 22:04:00,2695,2695,2693,2694,268,431601,431652
2026-08-28 22:05:00,2694,2694,2690,2691,786,431652,431807
2026-08-28 22:06:00,2691,2691,2688,2689,1221,431807,431696
2026-08-28 22:07:00,2689,2690,2688,2689,235,431696,431715
2026-08-28 22:08:00,2689,2692,2689,2690,504,431715,431964
2026-08-28 22:09:00,2690,2695,2690,2695,614,431964,432085
2026-08-28 22:10:00,2695,2697,2694,2697,655,432085,432120
2026-08-28 22:11:00,2697,2700,2696,2699,1289,432120,432125
2026-08-28 22:12:00,2699,2700,2698,2699,602,432125,432118
2026-08-28 22:13:00,2699,2701,2699,2701,924,432118,432338
2026-08-28 22:14:00,2701,2705,2700,2702,2253,432338,431614
2026-08-28 22:15:00,2702,2705,2701,2704,1118,431614,431768
2026-08-28 22:16:00,2704,2704,2697,2697,1667,431768,432100
2026-08-28 22:17:00,2697,2698,2695,2696,1629,432100,432896
2026-08-28 22:18:00,2696,2699,2696,2699,237,432896,432929
2026-08-28 22:19:00,2699,2700,2699,2700,433,432929,433035
2026-08-28 22:20:00,2700,2702,2699,2700,408,433035,433160
2026-08-28 22:21:00,2700,2701,2698,2698,339,433160,433210
2026-08-28 22:22:00,2698,2700,2698,2699,275,433210,433237
2026-08-28 22:23:00,2699,2699,2697,2699,237,433237,433211
2026-08-28 22:24:00,2699,2699,2697,2698,243,433211,433188
2026-08-28 22:25:00,2698,2699,2698,2698,234,433188,433242
2026-08-28 22:26:00,2698,2699,2698,2699,333,433242,433385
2026-08-28 22:27:00,2699,2700,2698,2700,326,433385,433439
2026-08-28 22:28:00,2700,2700,2698,2698,437,433439,433255
2026-08-28 22:29:00,2698,2700,2698,2699,229,433255,433372
2026-08-28 22:30:00,2699,2703,2699,2702,600,433372,433664
2026-08-28 22:31:00,2702,2702,2698,2700,505,433664,433616
2026-08-28 22:32:00,2700,2700,2698,2700,203,433616,433558
2026-08-28 22:33:00,2700,2701,2698,2700,140,433558,433573
2026-08-28 22:34:00,2700,2701,2698,2699,449,433573,433672
2026-08-28 22:35:00,2699,2700,2697,2699,583,433672,433608
2026-08-28 22:36:00,2699,2701,2699,2699,689,433608,433813
2026-08-28 22:37:00,2699,2701,2699,2701,388,433813,433868
2026-08-28 22:38:00,2701,2701,2699,2699,401,433868,434032
2026-08-28 22:39:00,2699,2701,2699,2699,529,434032,434203
2026-08-28 22:40:00,2699,2701,2699,2699,194,434203,434212
2026-08-28 22:41:00,2699,2703,2699,2702,674,434212,434315
2026-08-28 22:42:00,2702,2702,2699,2701,685,434315,434407
2026-08-28 22:43:00,2701,2703,2701,2702,380,434407,434457
2026-08-28 22:44:00,2702,2705,2702,2704,741,434457,434319
2026-08-28 22:45:00,2704,2705,2703,2704,518,434319,434324
2026-08-28 22:46:00,2704,2708,2704,2708,1147,434324,434488
2026-08-28 22:47:00,2708,2710,2707,2709,1889,434488,434587
2026-08-28 22:48:00,2709,2711,2707,2709,994,434587,434607
2026-08-28 22:49:00,2709,2710,2708,2708,1554,434607,434718
2026-08-28 22:50:00,2708,2712,2708,2711,1170,434718,434649
2026-08-28 22:51:00,2711,2712,2709,2709,1105,434649,434481
2026-08-28 22:52:00,2709,2710,2706,2706,672,434481,434606
2026-08-28 22:53:00,2706,2707,2704,2705,688,434606,434517
2026-08-28 22:54:00,2705,2707,2704,2706,282,434517,434475
2026-08-28 22:55:00,2706,2706,2703,2705,461,434475,434324
2026-08-28 22:56:00,2705,2706,2704,2705,267,434324,434261
2026-08-28 22:57:00,2705,2708,2705,2706,696,434261,434055
2026-08-28 22:58:00,2706,2708,2705,2707,519,434055,433993
2026-08-28 22:59:00,2707,2712,2707,2712,1846,433993,433287
2026-08-31 09:00:00,2712,2751,2712,2746,17461,433287,432991
2026-08-31 09:01:00,2746,2751,2744,2746,7282,432991,432844
2026-08-31 09:02:00,2746,2760,2746,2759,7240,432844,432933
2026-08-31 09:03:00,2759,2769,2758,2761,7896,432933,431355
2026-08-31 09:04:00,2761,2763,2753,2757,5520,431355,431472
2026-08-31 09:05:00,2757,2762,2756,2761,2874,431472,431608
2026-08-31 09:06:00,2761,2762,2752,2755,2650,431608,431544
2026-08-31 09:07:00,2755,2760,2755,2760,1797,431544,431686
2026-08-31 09:08:00,2760,2762,2757,2761,1928,431686,431674
2026-08-31 09:09:00,2761,2761,2758,2759,1523,431674,431467
2026-08-31 09:10:00,2759,2761,2756,2757,1406,431467,431510
2026-08-31 09:11:00,2757,2764,2757,2764,1822,431510,431862
2026-08-31 09:12:00,2764,2766,2761,2763,1851,431862,432072
2026-08-31 09:13:00,2763,2764,2760,2762,1709,432072,432537
2026-08-31 09:14:00,2762,2762,2757,2759,1593,432537,432472
2026-08-31 09:15:00,2759,2763,2757,2762,2478,432472,432458
2026-08-31 09:16:00,2762,2763,2757,2761,2414,432458,432088
2026-08-31 09:17:00,2761,2761,2755,2757,1955,432088,431886
2026-08-31 09:18:00,2757,2763,2755,2761,1519,431886,432147
2026-08-31 09:19:00,2761,2764,2759,2763,893,432147,432353
2026-08-31 09:20:00,2763,2768,2761,2763,2221,432353,432827
2026-08-31 09:21:00,2763,2767,2763,2765,1147,432827,432737
2026-08-31 09:22:00,2765,2765,2761,2763,764,432737,432594
2026-08-31 09:23:00,2763,2766,2763,2764,492,432594,432524
2026-08-31 09:24:00,2764,2766,2763,2764,602,432524,432643
2026-08-31 09:25:00,2764,2780,2764,2778,5828,432643,432250
2026-08-31 09:26:00,2778,2780,2775,2779,2729,432250,432431
2026-08-31 09:27:00,2779,2788,2779,2787,4347,432431,432653
2026-08-31 09:28:00,2787,2787,2783,2783,2248,432653,432650
2026-08-31 09:29:00,2783,2783,2779,2779,1799,432650,432959
2026-08-31 09:30:00,2779,2785,2779,2784,2693,432959,433443
2026-08-31 09:31:00,2784,2790,2784,2787,2577,433443,433398
2026-08-31 09:32:00,2787,2798,2786,2796,4239,433398,433203
2026-08-31 09:33:00,2796,2798,2793,2793,3961,433203,433557
2026-08-31 09:34:00,2793,2796,2791,2795,3755,433557,435478
2026-08-31 09:35:00,2795,2799,2793,2796,3789,435478,437729
2026-08-31 09:36:00,2796,2800,2796,2799,3069,437729,438336
2026-08-31 09:37:00,2799,2803,2798,2800,5122,438336,439780
2026-08-31 09:38:00,2800,2803,2798,2801,2870,439780,439758
2026-08-31 09:39:00,2801,2802,2797,2798,2944,439758,439309
2026-08-31 09:40:00,2798,2800,2797,2799,1906,439309,439961
2026-08-31 09:41:00,2799,2800,2797,2797,1593,439961,440006
2026-08-31 09:42:00,2797,2797,2791,2795,2369,440006,440179
2026-08-31 09:43:00,2795,2796,2791,2792,1111,440179,440354
2026-08-31 09:44:00,2792,2796,2792,2796,1094,440354,440601
2026-08-31 09:45:00,2796,2796,2788,2791,1801,440601,440564
2026-08-31 09:46:00,2791,2791,2786,2789,1725,440564,440532
2026-08-31 09:47:00,2789,2791,2788,2790,1351,440532,441335
2026-08-31 09:48:00,2790,2793,2790,2791,1008,441335,441316
2026-08-31 09:49:00,2791,2796,2791,2794,1111,441316,441538
2026-08-31 09:50:00,2794,2798,2793,2797,919,441538,441924
2026-08-31 09:51:00,2797,2797,2794,2796,629,441924,442083
2026-08-31 09:52:00,2796,2797,2794,2796,504,442083,442117
2026-08-31 09:53:00,2796,2800,2795,2799,1066,442117,442024
2026-08-31 09:54:00,2799,2809,2798,2808,5163,442024,443162
2026-08-31 09:55:00,2808,2810,2806,2807,3570,443162,443587
2026-08-31 09:56:00,2807,2811,2807,2808,1947,443587,443990
2026-08-31 09:57:00,2808,2809,2803,2803,1699,443990,443687
2026-08-31 09:58:00,2803,2803,2799,2801,2533,443687,443585
2026-08-31 09:59:00,2801,2802,2799,2800,1432,443585,443740
2026-08-31 10:00:00,2800,2803,2799,2803,1137,443740,443983
2026-08-31 10:01:00,2803,2806,2802,2806,699,443983,444027
2026-08-31 10:02:00,2806,2811,2805,2810,1790,444027,444008
2026-08-31 10:03:00,2810,2810,2808,2809,962,444008,444017
2026-08-31 10:04:00,2809,2821,2809,2820,5521,444017,443572
2026-08-31 10:05:00,2820,2824,2819,2821,4754,443572,442685
2026-08-31 10:06:00,2821,2822,2819,2822,1705,442685,442584
2026-08-31 10:07:00,2822,2823,2820,2822,4442,442584,443882
2026-08-31 10:08:00,2822,2823,2818,2819,2776,443882,444613
2026-08-31 10:09:00,2819,2820,2814,2819,2596,444613,444348
2026-08-31 10:10:00,2819,2821,2819,2820,1772,444348,444408
2026-08-31 10:11:00,2820,2821,2818,2819,1614,444408,444594
2026-08-31 10:12:00,2819,2820,2816,2816,1876,444594,445189
2026-08-31 10:13:00,2816,2818,2816,2817,708,445189,445237
2026-08-31 10:14:00,2817,2821,2817,2820,1115,445237,444983
2026-08-31 10:30:00,2819,2819,2812,2815,5867,444983,446114
2026-08-31 10:31:00,2815,2823,2815,2823,4491,446114,445578
2026-08-31 10:32:00,2823,2824,2821,2821,2197,445578,445591
2026-08-31 10:33:00,2821,2823,2819,2823,1660,445591,445741
2026-08-31 10:34:00,2823,2825,2822,2825,3941,445741,445156
2026-08-31 10:35:00,2825,2825,2825,2825,439,445156,444994
2026-08-31 10:36:00,2825,2825,2825,2825,457,444994,444743
2026-08-31 10:37:00,2825,2825,2825,2825,260,444743,444655
2026-08-31 10:38:00,2825,2825,2825,2825,139,444655,444600
2026-08-31 10:39:00,2825,2825,2825,2825,273,444600,444459
2026-08-31 10:40:00,2825,2825,2825,2825,368,444459,444282
2026-08-31 10:41:00,2825,2825,2825,2825,89,444282,444234
2026-08-31 10:42:00,2825,2825,2825,2825,72,444234,444212
2026-08-31 10:43:00,2825,2825,2825,2825,625,444212,444159
2026-08-31 10:44:00,2825,2825,2825,2825,263,444159,444068
2026-08-31 10:45:00,2825,2825,2819,2821,6711,444068,445662
2026-08-31 10:46:00,2821,2822,2819,2819,720,445662,445830
2026-08-31 10:47:00,2819,2822,2819,2822,813,445830,446113
2026-08-31 10:48:00,2822,2823,2821,2823,783,446113,446500
2026-08-31 10:49:00,2823,2825,2821,2824,3133,446500,446084
2026-08-31 10:50:00,2824,2825,2822,2823,601,446084,446101
2026-08-31 10:51:00,2823,2824,2820,2821,638,446101,446120
2026-08-31 10:52:00,2821,2822,2818,2820,1208,446120,446166
2026-08-31 10:53:00,2820,2820,2816,2817,945,446166,446272
2026-08-31 10:54:00,2817,2818,2814,2816,1874,446272,446723
2026-08-31 10:55:00,2816,2816,2804,2808,3905,446723,446582
2026-08-31 10:56:00,2808,2813,2806,2807,4513,446582,446123
2026-08-31 10:57:00,2807,2810,2801,2803,3601,446123,446587
2026-08-31 10:58:00,2803,2806,2801,2805,2532,446587,446309
2026-08-31 10:59:00,2805,2813,2805,2811,2057,446309,446564
2026-08-31 11:00:00,2811,2812,2806,2809,1344,446564,446976
2026-08-31 11:01:00,2809,2812,2808,2809,1335,446976,446982
2026-08-31 11:02:00,2809,2812,2808,2811,694,446982,446936
2026-08-31 11:03:00,2811,2814,2810,2813,1166,446936,447704
2026-08-31 11:04:00,2813,2818,2812,2818,895,447704,447554
2026-08-31 11:05:00,2818,2818,2815,2815,538,447554,447561
2026-08-31 11:06:00,2815,2816,2813,2813,498,447561,447709
2026-08-31 11:07:00,2813,2814,2811,2812,485,447709,447929
2026-08-31 11:08:00,2812,2815,2812,2813,427,447929,447864
2026-08-31 11:09:00,2813,2815,2812,2813,215,447864,447917
2026-08-31 11:10:00,2813,2814,2812,2813,119,447917,447966
2026-08-31 11:11:00,2813,2815,2812,2815,225,447966,448038
2026-08-31 11:12:00,2815,2815,2813,2814,80,448038,448063
2026-08-31 11:13:00,2814,2816,2813,2815,584,448063,447992
2026-08-31 11:14:00,2815,2815,2814,2814,260,447992,448030
2026-08-31 11:15:00,2814,2818,2814,2818,540,448030,448031
2026-08-31 11:16:00,2818,2823,2817,2820,1686,448031,447621
2026-08-31 11:17:00,2820,2820,2819,2820,418,447621,447533
2026-08-31 11:18:00,2820,2821,2819,2820,429,447533,447581
2026-08-31 11:19:00,2820,2823,2820,2821,1027,447581,447499
2026-08-31 11:20:00,2821,2821,2820,2820,322,447499,447457
2026-08-31 11:21:00,2820,2821,2819,2819,236,447457,447488
2026-08-31 11:22:00,2819,2819,2813,2814,1097,447488,447266
2026-08-31 11:23:00,2814,2817,2813,2815,373,447266,447243
2026-08-31 11:24:00,2815,2817,2815,2817,130,447243,447280
2026-08-31 11:25:00,2817,2819,2816,2817,427,447280,447444
2026-08-31 11:26:00,2817,2819,2816,2817,245,447444,447348
2026-08-31 11:27:00,2817,2818,2816,2818,420,447348,447438
2026-08-31 11:28:00,2818,2818,2816,2816,588,447438,447593
2026-08-31 11:29:00,2816,2817,2813,2814,737,447593,447629
2026-08-31 13:30:00,2823,2825,2822,2824,7808,447629,447309
2026-08-31 13:31:00,2824,2825,2824,2825,1931,447309,447855
2026-08-31 13:32:00,2825,2825,2825,2825,513,447855,447720
2026-08-31 13:33:00,2825,2825,2825,2825,2592,447720,448008
2026-08-31 13:34:00,2825,2825,2825,2825,122,448008,447986
2026-08-31 13:35:00,2825,2825,2825,2825,674,447986,447369
2026-08-31 13:36:00,2825,2825,2825,2825,104,447369,447366
2026-08-31 13:37:00,2825,2825,2825,2825,954,447366,446441
2026-08-31 13:38:00,2825,2825,2825,2825,45,446441,446438
2026-08-31 13:39:00,2825,2825,2820,2821,7828,446438,447642
2026-08-31 13:40:00,2821,2823,2816,2818,2366,447642,447742
2026-08-31 13:41:00,2818,2818,2815,2816,1731,447742,447252
2026-08-31 13:42:00,2816,2820,2815,2818,1795,447252,447479
2026-08-31 13:43:00,2818,2821,2817,2820,980,447479,447570
2026-08-31 13:44:00,2820,2824,2820,2821,2022,447570,448610
2026-08-31 13:45:00,2821,2822,2819,2821,348,448610,448806
2026-08-31 13:46:00,2821,2822,2819,2822,270,448806,448934
2026-08-31 13:47:00,2822,2822,2820,2821,209,448934,448960
2026-08-31 13:48:00,2821,2821,2820,2820,313,448960,448950
2026-08-31 13:49:00,2820,2821,2819,2820,577,448950,449148
2026-08-31 13:50:00,2820,2821,2820,2820,140,449148,449204
2026-08-31 13:51:00,2820,2822,2820,2822,465,449204,449447
2026-08-31 13:52:00,2822,2822,2821,2822,204,449447,449466
2026-08-31 13:53:00,2822,2824,2821,2823,587,449466,449406
2026-08-31 13:54:00,2823,2825,2823,2825,4422,449406,449024
2026-08-31 13:55:00,2825,2825,2825,2825,174,449024,448979
2026-08-31 13:56:00,2825,2825,2825,2825,5174,448979,449247
2026-08-31 13:57:00,2825,2825,2825,2825,2094,449247,449080
2026-08-31 13:58:00,2825,2825,2825,2825,104,449080,449061
2026-08-31 13:59:00,2825,2825,2825,2825,109,449061,449001
2026-08-31 14:00:00,2825,2825,2825,2825,110,449001,448942
2026-08-31 14:01:00,2825,2825,2825,2825,39,448942,448940
2026-08-31 14:02:00,2825,2825,2825,2825,24,448940,448939
2026-08-31 14:03:00,2825,2825,2825,2825,96,448939,448853
2026-08-31 14:04:00,2825,2825,2825,2825,48,448853,448832
2026-08-31 14:05:00,2825,2825,2825,2825,21,448832,448823
2026-08-31 14:06:00,2825,2825,2825,2825,3,448823,448823
2026-08-31 14:07:00,2825,2825,2825,2825,61,448823,448796
2026-08-31 14:08:00,2825,2825,2825,2825,33,448796,448784
2026-08-31 14:09:00,2825,2825,2825,2825,64,448784,448779
2026-08-31 14:10:00,2825,2825,2825,2825,25,448779,448766
2026-08-31 14:11:00,2825,2825,2825,2825,11,448766,448759
2026-08-31 14:12:00,2825,2825,2825,2825,20,448759,448759
2026-08-31 14:13:00,2825,2825,2825,2825,14,448759,448753
2026-08-31 14:14:00,2825,2825,2825,2825,9,448753,448752
2026-08-31 14:15:00,2825,2825,2825,2825,9,448752,448748
2026-08-31 14:16:00,2825,2825,2825,2825,25,448748,448732
2026-08-31 14:17:00,2825,2825,2825,2825,145,448732,448605
2026-08-31 14:18:00,2825,2825,2825,2825,77,448605,448547
2026-08-31 14:19:00,2825,2825,2825,2825,21,448547,448547
2026-08-31 14:20:00,2825,2825,2825,2825,12,448547,448546
2026-08-31 14:21:00,2825,2825,2825,2825,57,448546,448502
2026-08-31 14:22:00,2825,2825,2825,2825,30,448502,448500
2026-08-31 14:23:00,2825,2825,2825,2825,39,448500,448499
2026-08-31 14:24:00,2825,2825,2825,2825,19,448499,448489
2026-08-31 14:25:00,2825,2825,2825,2825,24,448489,448488
2026-08-31 14:26:00,2825,2825,2825,2825,14,448488,448483
2026-08-31 14:27:00,2825,2825,2825,2825,24,448483,448483
2026-08-31 14:28:00,2825,2825,2825,2825,31,448483,448481
2026-08-31 14:29:00,2825,2825,2825,2825,15,448481,448476
2026-08-31 14:30:00,2825,2825,2825,2825,9,448476,448476
2026-08-31 14:31:00,2825,2825,2825,2825,33,448476,448465
2026-08-31 14:32:00,2825,2825,2825,2825,12,448465,448464
2026-08-31 14:33:00,2825,2825,2825,2825,14,448464,448454
2026-08-31 14:34:00,2825,2825,2825,2825,54,448454,448454
2026-08-31 14:35:00,2825,2825,2825,2825,10,448454,448451
2026-08-31 14:36:00,2825,2825,2825,2825,16,448451,448449
2026-08-31 14:37:00,2825,2825,2825,2825,17,448449,448447
2026-08-31 14:38:00,2825,2825,2825,2825,23,448447,448443
2026-08-31 14:39:00,2825,2825,2825,2825,8,448443,448441
2026-08-31 14:40:00,2825,2825,2825,2825,79,448441,448371
2026-08-31 14:41:00,2825,2825,2825,2825,13,448371,448371
2026-08-31 14:42:00,2825,2825,2825,2825,7,448371,448371
2026-08-31 14:43:00,2825,2825,2825,2825,5,448371,448369
2026-08-31 14:44:00,2825,2825,2825,2825,5,448369,448369
2026-08-31 14:45:00,2825,2825,2825,2825,59,448369,448315
2026-08-31 14:46:00,2825,2825,2825,2825,26,448315,448294
2026-08-31 14:47:00,2825,2825,2825,2825,62,448294,448241
2026-08-31 14:48:00,2825,2825,2825,2825,78,448241,448219
2026-08-31 14:49:00,2825,2825,2825,2825,35,448219,448199
2026-08-31 14:50:00,2825,2825,2825,2825,273,448199,447946
2026-08-31 14:51:00,2825,2825,2825,2825,10,447946,447943
2026-08-31 14:52:00,2825,2825,2825,2825,53,447943,447911
2026-08-31 14:53:00,2825,2825,2825,2825,123,447911,447906
2026-08-31 14:54:00,2825,2825,2825,2825,167,447906,447900
2026-08-31 14:55:00,2825,2825,2825,2825,310,447900,447830
2026-08-31 14:56:00,2825,2825,2825,2825,108,447830,447812
2026-08-31 14:57:00,2825,2825,2825,2825,864,447812,447211
2026-08-31 14:58:00,2825,2825,2825,2825,271,447211,447193
2026-08-31 14:59:00,2825,2825,2825,2825,512,447193,446895
2026-08-31 21:00:00,2839,2854,2835,2838,16198,446895,445719
2026-08-31 21:01:00,2838,2843,2833,2834,7539,445719,444830
2026-08-31 21:02:00,2834,2836,2829,2833,5289,444830,444193
2026-08-31 21:03:00,2833,2839,2831,2832,4234,444193,444007
2026-08-31 21:04:00,2832,2832,2823,2825,4960,444007,443445
2026-08-31 21:05:00,2825,2827,2819,2820,4338,443445,443536
2026-08-31 21:06:00,2820,2824,2820,2822,3187,443536,443195
2026-08-31 21:07:00,2822,2826,2820,2826,2502,443195,443387
2026-08-31 21:08:00,2826,2829,2823,2828,2650,443387,442903
2026-08-31 21:09:00,2828,2831,2826,2828,1380,442903,442900
2026-08-31 21:10:00,2828,2836,2826,2836,2594,442900,442789
2026-08-31 21:11:00,2836,2836,2827,2828,1580,442789,443053
2026-08-31 21:12:00,2828,2830,2827,2829,726,443053,443202
2026-08-31 21:13:00,2829,2831,2828,2828,627,443202,443120
2026-08-31 21:14:00,2828,2828,2826,2828,2292,443120,442640
2026-08-31 21:15:00,2828,2832,2826,2830,1722,442640,442355
2026-08-31 21:16:00,2830,2837,2829,2835,1973,442355,442724
2026-08-31 21:17:00,2835,2842,2835,2841,3768,442724,442300
2026-08-31 21:18:00,2841,2841,2835,2839,2064,442300,442122
2026-08-31 21:19:00,2839,2839,2834,2838,1099,442122,442282
2026-08-31 21:20:00,2838,2839,2833,2835,2769,442282,443041
2026-08-31 21:21:00,2835,2844,2835,2842,3015,443041,443728
2026-08-31 21:22:00,2842,2849,2841,2846,2995,443728,444375
2026-08-31 21:23:00,2846,2853,2845,2845,5936,444375,444142
2026-08-31 21:24:00,2845,2851,2842,2849,4512,444142,443114
2026-08-31 21:25:00,2849,2850,2846,2848,2189,443114,443250
2026-08-31 21:26:00,2848,2849,2845,2846,1755,443250,443664
2026-08-31 21:27:00,2846,2850,2845,2849,1729,443664,443757
2026-08-31 21:28:00,2849,2849,2841,2841,2310,443757,444129
2026-08-31 21:29:00,2841,2843,2841,2842,1358,444129,444031
2026-08-31 21:30:00,2842,2844,2838,2843,2987,444031,444897
2026-08-31 21:31:00,2843,2845,2841,2844,1528,444897,445455
2026-08-31 21:32:00,2844,2847,2843,2845,2004,445455,445715
2026-08-31 21:33:00,2845,2849,2838,2839,2425,445715,446163
2026-08-31 21:34:00,2839,2841,2838,2841,891,446163,446042
2026-08-31 21:35:00,2841,2842,2838,2839,1128,446042,445970
2026-08-31 21:36:00,2839,2840,2837,2837,1590,445970,445751
2026-08-31 21:37:00,2837,2838,2835,2837,1812,445751,445487
2026-08-31 21:38:00,2837,2838,2833,2836,1584,445487,445045
2026-08-31 21:39:00,2836,2837,2834,2835,535,445045,444937
2026-08-31 21:40:00,2835,2839,2835,2837,1609,444937,444736
2026-08-31 21:41:00,2837,2841,2837,2837,1121,444736,445058
2026-08-31 21:42:00,2837,2838,2834,2836,957,445058,445006
2026-08-31 21:43:00,2836,2838,2832,2837,930,445006,444934
2026-08-31 21:44:00,2837,2840,2836,2837,734,444934,444962
2026-08-31 21:45:00,2837,2838,2835,2836,867,444962,445226
2026-08-31 21:46:00,2836,2838,2835,2837,626,445226,445141
2026-08-31 21:47:00,2837,2838,2835,2837,2108,445141,444263
2026-08-31 21:48:00,2837,2838,2836,2837,330,444263,444301
2026-08-31 21:49:00,2837,2838,2836,2837,514,444301,444228
2026-08-31 21:50:00,2837,2839,2836,2839,439,444228,444261
2026-08-31 21:51:00,2839,2845,2839,2840,1327,444261,444369
2026-08-31 21:52:00,2840,2841,2838,2840,1026,444369,444380
2026-08-31 21:53:00,2840,2842,2837,2838,933,444380,444578
2026-08-31 21:54:00,2838,2841,2837,2841,483,444578,444660
2026-08-31 21:55:00,2841,2842,2838,2838,477,444660,444623
2026-08-31 21:56:00,2838,2839,2834,2836,1718,444623,444207
2026-08-31 21:57:00,2836,2837,2835,2837,252,444207,444247
2026-08-31 21:58:00,2837,2837,2834,2835,478,444247,444145
2026-08-31 21:59:00,2835,2836,2833,2833,486,444145,444227
2026-08-31 22:00:00,2833,2837,2833,2835,485,444227,444234
2026-08-31 22:01:00,2835,2838,2835,2838,285,444234,444240
2026-08-31 22:02:00,2838,2838,2833,2835,662,444240,444392
2026-08-31 22:03:00,2835,2835,2827,2827,1911,444392,444128
2026-08-31 22:04:00,2827,2831,2826,2830,1468,444128,444471
2026-08-31 22:05:00,2830,2833,2829,2832,511,444471,444544
2026-08-31 22:06:00,2832,2832,2827,2831,852,444544,444791
2026-08-31 22:07:00,2831,2831,2825,2826,954,444791,444589
2026-08-31 22:08:00,2826,2828,2824,2828,1459,444589,444417
2026-08-31 22:09:00,2828,2832,2828,2829,780,444417,444382
2026-08-31 22:10:00,2829,2831,2828,2830,739,444382,444550
2026-08-31 22:11:00,2830,2832,2828,2831,584,444550,444692
2026-08-31 22:12:00,2831,2832,2828,2832,1157,444692,444949
2026-08-31 22:13:00,2832,2832,2827,2828,793,444949,444858
2026-08-31 22:14:00,2828,2832,2826,2831,1815,444858,445440
2026-08-31 22:15:00,2831,2834,2830,2831,768,445440,445435
2026-08-31 22:16:00,2831,2832,2829,2831,256,445435,445414
2026-08-31 22:17:00,2831,2834,2831,2831,623,445414,445418
2026-08-31 22:18:00,2831,2832,2828,2830,618,445418,445357
2026-08-31 22:19:00,2830,2831,2830,2831,546,445357,445374
2026-08-31 22:20:00,2831,2833,2829,2832,743,445374,445517
2026-08-31 22:21:00,2832,2836,2832,2835,634,445517,445623
2026-08-31 22:22:00,2835,2835,2830,2834,996,445623,445684
2026-08-31 22:23:00,2834,2837,2834,2835,665,445684,445733
2026-08-31 22:24:00,2835,2839,2835,2838,1083,445733,445778
2026-08-31 22:25:00,2838,2839,2835,2838,691,445778,445929
2026-08-31 22:26:00,2838,2842,2838,2841,1441,445929,445994
2026-08-31 22:27:00,2841,2843,2839,2842,727,445994,445990
2026-08-31 22:28:00,2842,2844,2841,2843,1075,445990,446048
2026-08-31 22:29:00,2843,2845,2842,2843,816,446048,446019
2026-08-31 22:30:00,2843,2843,2839,2839,768,446019,446053
2026-08-31 22:31:00,2839,2842,2839,2842,678,446053,446178
2026-08-31 22:32:00,2842,2842,2838,2838,805,446178,446240
2026-08-31 22:33:00,2838,2840,2836,2838,749,446240,446384
2026-08-31 22:34:00,2838,2838,2833,2834,1713,446384,446310
2026-08-31 22:35:00,2834,2836,2833,2834,958,446310,446335
2026-08-31 22:36:00,2834,2835,2832,2834,1308,446335,446320
2026-08-31 22:37:00,2834,2837,2834,2834,1878,446320,445563
2026-08-31 22:38:00,2834,2835,2832,2835,1546,445563,445355
2026-08-31 22:39:00,2835,2838,2833,2837,1666,445355,444820
2026-08-31 22:40:00,2837,2838,2836,2838,594,444820,444856
2026-08-31 22:41:00,2838,2840,2838,2840,825,444856,445052
2026-08-31 22:42:00,2840,2840,2837,2838,663,445052,445108
2026-08-31 22:43:00,2838,2839,2837,2839,498,445108,445027
2026-08-31 22:44:00,2839,2841,2839,2840,923,445027,445129
2026-08-31 22:45:00,2840,2842,2839,2842,761,445129,445156
2026-08-31 22:46:00,2842,2845,2841,2843,1232,445156,444868
2026-08-31 22:47:00,2843,2843,2840,2841,335,444868,444916
2026-08-31 22:48:00,2841,2843,2841,2842,630,444916,444901
2026-08-31 22:49:00,2842,2843,2841,2841,303,444901,444894
2026-08-31 22:50:00,2841,2842,2839,2840,513,444894,444739
2026-08-31 22:51:00,2840,2841,2839,2839,606,444739,444490
2026-08-31 22:52:00,2839,2841,2839,2840,296,444490,444587
2026-08-31 22:53:00,2840,2844,2840,2843,728,444587,444805
2026-08-31 22:54:00,2843,2846,2843,2846,1743,444805,444698
2026-08-31 22:55:00,2846,2846,2844,2844,759,444698,444645
2026-08-31 22:56:00,2844,2844,2841,2841,1418,444645,444049
2026-08-31 22:57:00,2841,2843,2841,2842,450,444049,443979
2026-08-31 22:58:00,2842,2842,2840,2842,427,443979,443849
2026-08-31 22:59:00,2842,2842,2839,2842,1119,443849,443483
2026-09-01 09:00:00,2842,2863,2842,2862,10631,443483,443722
2026-09-01 09:01:00,2862,2868,2859,2867,5451,443722,444053
2026-09-01 09:02:00,2867,2877,2867,2871,4244,444053,444409
2026-09-01 09:03:00,2871,2874,2864,2867,3197,444409,444799
2026-09-01 09:04:00,2867,2868,2862,2867,3407,444799,444910
2026-09-01 09:05:00,2867,2873,2864,2873,2872,444910,445366
2026-09-01 09:06:00,2873,2876,2872,2873,2976,445366,445380
2026-09-01 09:07:00,2873,2878,2873,2877,2887,445380,445893
2026-09-01 09:08:00,2877,2880,2874,2875,2344,445893,446080
2026-09-01 09:09:00,2875,2875,2870,2872,1568,446080,446118
2026-09-01 09:10:00,2872,2875,2869,2872,3002,446118,445595
2026-09-01 09:11:00,2872,2872,2866,2870,1973,445595,445426
2026-09-01 09:12:00,2870,2870,2864,2867,1932,445426,445959
2026-09-01 09:13:00,2867,2870,2865,2869,2305,445959,445745
2026-09-01 09:14:00,2869,2875,2869,2875,1282,445745,445738
2026-09-01 09:15:00,2875,2879,2874,2879,2192,445738,446122
2026-09-01 09:16:00,2879,2879,2876,2877,1635,446122,446258
2026-09-01 09:17:00,2877,2880,2875,2876,1324,446258,446265
2026-09-01 09:18:00,2876,2876,2870,2871,1454,446265,446427
2026-09-01 09:19:00,2871,2872,2870,2870,993,446427,446776
2026-09-01 09:20:00,2870,2873,2870,2871,1114,446776,446598
2026-09-01 09:21:00,2871,2874,2871,2872,846,446598,446752
2026-09-01 09:22:00,2872,2873,2868,2870,1257,446752,446503
2026-09-01 09:23:00,2870,2873,2869,2872,777,446503,446334
2026-09-01 09:24:00,2872,2875,2871,2874,1096,446334,446234
2026-09-01 09:25:00,2874,2879,2873,2879,1149,446234,446037
2026-09-01 09:26:00,2879,2883,2876,2880,3015,446037,446026
2026-09-01 09:27:00,2880,2883,2878,2880,1635,446026,446097
2026-09-01 09:28:00,2880,2881,2877,2877,784,446097,446028
2026-09-01 09:29:00,2877,2878,2873,2877,1186,446028,446073
2026-09-01 09:30:00,2877,2882,2876,2880,1556,446073,445999
2026-09-01 09:31:00,2880,2881,2879,2879,904,445999,446163
2026-09-01 09:32:00,2879,2882,2877,2882,1413,446163,446531
2026-09-01 09:33:00,2882,2887,2880,2884,2960,446531,446789
2026-09-01 09:34:00,2884,2893,2884,2888,3358,446789,447162
2026-09-01 09:35:00,2888,2890,2887,2887,1531,447162,447308
2026-09-01 09:36:00,2887,2889,2881,2885,2178,447308,446819
2026-09-01 09:37:00,2885,2886,2882,2884,1932,446819,446293
2026-09-01 09:38:00,2884,2886,2881,2881,1349,446293,446175
2026-09-01 09:39:00,2881,2882,2876,2878,2318,446175,446294
2026-09-01 09:40:00,2878,2888,2878,2887,1810,446294,446405
2026-09-01 09:41:00,2887,2888,2884,2886,1664,446405,446715
2026-09-01 09:42:00,2886,2888,2885,2888,855,446715,446852
2026-09-01 09:43:00,2888,2891,2887,2890,1756,446852,446842
2026-09-01 09:44:00,2890,2890,2887,2888,1170,446842,446691
2026-09-01 09:45:00,2888,2889,2884,2885,1137,446691,446571
2026-09-01 09:46:00,2885,2888,2883,2883,1647,446571,446877
2026-09-01 09:47:00,2883,2884,2877,2878,1795,446877,447002
2026-09-01 09:48:00,2878,2881,2877,2881,1887,447002,446710
2026-09-01 09:49:00,2881,2881,2876,2877,1686,446710,447053
2026-09-01 09:50:00,2877,2878,2874,2876,1725,447053,447203
2026-09-01 09:51:00,2876,2876,2871,2873,1692,447203,447473
2026-09-01 09:52:00,2873,2876,2872,2876,1923,447473,447835
2026-09-01 09:53:00,2876,2876,2870,2872,2330,447835,448312
2026-09-01 09:54:00,2872,2872,2868,2869,1611,448312,448511
2026-09-01 09:55:00,2869,2869,2862,2862,2627,448511,448721
2026-09-01 09:56:00,2862,2862,2856,2858,3853,448721,448951
2026-09-01 09:57:00,2858,2862,2856,2861,1608,448951,448819
2026-09-01 09:58:00,2861,2862,2857,2860,1475,448819,448846
2026-09-01 09:59:00,2860,2861,2858,2859,1094,448846,449171
2026-09-01 10:00:00,2859,2859,2855,2858,2113,449171,449370
2026-09-01 10:01:00,2858,2871,2858,2871,2141,449370,449605
2026-09-01 10:02:00,2871,2874,2869,2873,1644,449605,449600
2026-09-01 10:03:00,2873,2877,2873,2875,1061,449600,449631
2026-09-01 10:04:00,2875,2876,2874,2875,891,449631,449668
2026-09-01 10:05:00,2875,2876,2872,2874,804,449668,449845
2026-09-01 10:06:00,2874,2876,2873,2874,577,449845,449904
2026-09-01 10:07:00,2874,2877,2874,2875,1312,449904,450066
2026-09-01 10:08:00,2875,2877,2873,2874,686,450066,450123
2026-09-01 10:09:00,2874,2876,2871,2874,790,450123,450216
2026-09-01 10:10:00,2874,2874,2870,2871,1153,450216,450119
2026-09-01 10:11:00,2871,2873,2868,2869,2746,450119,450035
2026-09-01 10:12:00,2869,2872,2867,2872,1222,450035,450096
2026-09-01 10:13:00,2872,2874,2871,2873,638,450096,450097
2026-09-01 10:14:00,2873,2874,2869,2871,788,450097,450211
2026-09-01 10:30:00,2872,2876,2869,2874,3260,450211,451262
2026-09-01 10:31:00,2874,2877,2871,2874,2072,451262,451708
2026-09-01 10:32:00,2874,2875,2868,2870,2918,451708,452075
2026-09-01 10:33:00,2870,2872,2867,2872,1047,452075,452058
2026-09-01 10:34:00,2872,2874,2868,2870,1617,452058,451713
2026-09-01 10:35:00,2870,2871,2866,2867,2845,451713,450967
2026-09-01 10:36:00,2867,2869,2860,2861,2733,450967,451125
2026-09-01 10:37:00,2861,2867,2859,2866,1503,451125,450985
2026-09-01 10:38:00,2866,2871,2866,2871,2659,450985,451190
2026-09-01 10:39:00,2871,2877,2871,2874,3531,451190,450179
2026-09-01 10:40:00,2874,2879,2872,2875,1157,450179,450358
2026-09-01 10:41:00,2875,2876,2871,2871,1102,450358,450625
2026-09-01 10:42:00,2871,2874,2870,2874,899,450625,450799
2026-09-01 10:43:00,2874,2877,2872,2876,1259,450799,451148
2026-09-01 10:44:00,2876,2878,2874,2875,476,451148,451230
2026-09-01 10:45:00,2875,2877,2873,2877,603,451230,451160
2026-09-01 10:46:00,2877,2880,2874,2880,1043,451160,451080
2026-09-01 10:47:00,2880,2881,2878,2880,842,451080,451231
2026-09-01 10:48:00,2880,2882,2878,2882,1049,451231,451386
2026-09-01 10:49:00,2882,2884,2879,2880,940,451386,451465
2026-09-01 10:50:00,2880,2884,2879,2883,1193,451465,451554
2026-09-01 10:51:00,2883,2885,2882,2885,725,451554,451525
2026-09-01 10:52:00,2885,2891,2884,2888,3047,451525,451092
2026-09-01 10:53:00,2888,2890,2885,2886,726,451092,451196
2026-09-01 10:54:00,2886,2890,2885,2889,880,451196,451445
2026-09-01 10:55:00,2889,2890,2885,2887,866,451445,451756
2026-09-01 10:56:00,2887,2888,2876,2877,2080,451756,452071
2026-09-01 10:57:00,2877,2878,2859,2860,5176,452071,452431
2026-09-01 10:58:00,2860,2864,2855,2857,3951,452431,453097
2026-09-01 10:59:00,2857,2861,2853,2855,2069,453097,453144
2026-09-01 11:00:00,2855,2856,2853,2855,2287,453144,452786
2026-09-01 11:01:00,2855,2862,2855,2862,1469,452786,452932
2026-09-01 11:02:00,2862,2862,2853,2854,1708,452932,453062
2026-09-01 11:03:00,2854,2860,2853,2858,766,453062,452975
2026-09-01 11:04:00,2858,2860,2857,2859,736,452975,452948
2026-09-01 11:05:00,2859,2859,2854,2856,997,452948,453112
2026-09-01 11:06:00,2856,2859,2856,2859,713,453112,453268
2026-09-01 11:07:00,2859,2860,2856,2858,802,453268,453373
2026-09-01 11:08:00,2858,2860,2858,2859,369,453373,453407
2026-09-01 11:09:00,2859,2865,2859,2861,848,453407,453381
2026-09-01 11:10:00,2861,2862,2858,2858,615,453381,453355
2026-09-01 11:11:00,2858,2859,2854,2855,951,453355,453280
2026-09-01 11:12:00,2855,2857,2853,2857,833,453280,453008
2026-09-01 11:13:00,2857,2857,2852,2855,1079,453008,453116
2026-09-01 11:14:00,2855,2858,2853,2856,618,453116,452995
2026-09-01 11:15:00,2856,2857,2852,2853,1152,452995,453025
2026-09-01 11:16:00,2853,2853,2848,2851,1910,453025,452944
2026-09-01 11:17:00,2851,2855,2849,2855,1272,452944,452755
2026-09-01 11:18:00,2855,2861,2855,2858,1137,452755,452923
2026-09-01 11:19:00,2858,2859,2853,2855,984,452923,452995
2026-09-01 11:20:00,2855,2857,2853,2857,279,452995,452983
2026-09-01 11:21:00,2857,2858,2855,2857,282,452983,452844
2026-09-01 11:22:00,2857,2861,2857,2861,600,452844,452724
2026-09-01 11:23:00,2861,2862,2859,2860,491,452724,452757
2026-09-01 11:24:00,2860,2863,2859,2861,488,452757,452603
2026-09-01 11:25:00,2861,2863,2861,2862,408,452603,452708
2026-09-01 11:26:00,2862,2866,2862,2864,2173,452708,453522
2026-09-01 11:27:00,2864,2866,2861,2862,1021,453522,453728
2026-09-01 11:28:00,2862,2864,2860,2860,379,453728,453818
2026-09-01 11:29:00,2860,2864,2860,2861,339,453818,453724
2026-09-01 13:30:00,2867,2880,2867,2878,7289,453724,454074
2026-09-01 13:31:00,2878,2878,2872,2873,3112,454074,454333
2026-09-01 13:32:00,2873,2875,2868,2871,2088,454333,454295
2026-09-01 13:33:00,2871,2874,2865,2867,1933,454295,454210
2026-09-01 13:34:00,2867,2870,2866,2868,977,454210,454343
2026-09-01 13:35:00,2868,2871,2867,2868,1380,454343,454068
2026-09-01 13:36:00,2868,2871,2865,2871,1727,454068,454646
2026-09-01 13:37:00,2871,2874,2870,2874,1576,454646,454742
2026-09-01 13:38:00,2874,2874,2861,2863,1332,454742,454977
2026-09-01 13:39:00,2863,2865,2860,2863,1733,454977,455074
2026-09-01 13:40:00,2863,2863,2858,2859,1728,455074,455419
2026-09-01 13:41:00,2859,2864,2859,2862,1325,455419,455747
2026-09-01 13:42:00,2862,2864,2860,2863,955,455747,456019
2026-09-01 13:43:00,2863,2864,2859,2860,717,456019,456012
2026-09-01 13:44:00,2860,2863,2858,2862,937,456012,456252
2026-09-01 13:45:00,2862,2862,2855,2857,1641,456252,456622
2026-09-01 13:46:00,2857,2858,2855,2857,503,456622,456709
2026-09-01 13:47:00,2857,2859,2855,2858,1478,456709,456000
2026-09-01 13:48:00,2858,2860,2855,2855,923,456000,455920
2026-09-01 13:49:00,2855,2857,2854,2855,1596,455920,455507
2026-09-01 13:50:00,2855,2863,2855,2862,1336,455507,455520
2026-09-01 13:51:00,2862,2867,2861,2865,1089,455520,455429
2026-09-01 13:52:00,2865,2868,2864,2865,905,455429,455515
2026-09-01 13:53:00,2865,2866,2864,2866,956,455515,455755
2026-09-01 13:54:00,2866,2867,2860,2862,1681,455755,456237
2026-09-01 13:55:00,2862,2864,2860,2862,490,456237,456335
2026-09-01 13:56:00,2862,2863,2861,2862,203,456335,456359
2026-09-01 13:57:00,2862,2864,2862,2863,757,456359,456818
2026-09-01 13:58:00,2863,2865,2862,2864,432,456818,456741
2026-09-01 13:59:00,2864,2866,2862,2865,453,456741,456487
2026-09-01 14:00:00,2865,2868,2865,2868,516,456487,456364
2026-09-01 14:01:00,2868,2868,2864,2865,518,456364,456322
2026-09-01 14:02:00,2865,2867,2864,2866,644,456322,456252
2026-09-01 14:03:00,2866,2868,2865,2866,468,456252,456121
2026-09-01 14:04:00,2866,2868,2866,2868,459,456121,455932
2026-09-01 14:05:00,2868,2870,2866,2869,1073,455932,456105
2026-09-01 14:06:00,2869,2871,2868,2870,574,456105,456210
2026-09-01 14:07:00,2870,2871,2868,2870,300,456210,456213
2026-09-01 14:08:00,2870,2874,2870,2872,986,456213,456071
2026-09-01 14:09:00,2872,2873,2870,2872,474,456071,456057
2026-09-01 14:10:00,2872,2873,2870,2872,731,456057,456193
2026-09-01 14:11:00,2872,2873,2869,2870,1042,456193,456329
2026-09-01 14:12:00,2870,2872,2870,2872,352,456329,456494
2026-09-01 14:13:00,2872,2874,2872,2873,673,456494,456277
2026-09-01 14:14:00,2873,2875,2872,2873,509,456277,456433
2026-09-01 14:15:00,2873,2874,2869,2869,1098,456433,456108
2026-09-01 14:16:00,2869,2870,2865,2865,503,456108,456080
2026-09-01 14:17:00,2865,2869,2865,2868,310,456080,456102
2026-09-01 14:18:00,2868,2868,2865,2867,620,456102,455766
2026-09-01 14:19:00,2867,2867,2862,2863,735,455766,455818
2026-09-01 14:20:00,2863,2866,2863,2865,370,455818,455740
2026-09-01 14:21:00,2865,2866,2864,2865,266,455740,455671
2026-09-01 14:22:00,2865,2867,2864,2866,341,455671,455618
2026-09-01 14:23:00,2866,2867,2865,2865,185,455618,455551
2026-09-01 14:24:00,2865,2867,2864,2866,250,455551,455522
2026-09-01 14:25:00,2866,2867,2864,2866,734,455522,455396
2026-09-01 14:26:00,2866,2868,2865,2865,300,455396,455420
2026-09-01 14:27:00,2865,2867,2865,2866,146,455420,455404
2026-09-01 14:28:00,2866,2866,2864,2866,217,455404,455443
2026-09-01 14:29:00,2866,2868,2864,2866,561,455443,455617
2026-09-01 14:30:00,2866,2867,2863,2863,945,455617,455778
2026-09-01 14:31:00,2863,2863,2861,2862,628,455778,455512
2026-09-01 14:32:00,2862,2862,2858,2860,845,455512,455389
2026-09-01 14:33:00,2860,2861,2858,2858,373,455389,455453
2026-09-01 14:34:00,2858,2860,2858,2860,513,455453,455509
2026-09-01 14:35:00,2860,2861,2858,2859,631,455509,455473
2026-09-01 14:36:00,2859,2861,2858,2858,658,455473,455244
2026-09-01 14:37:00,2858,2858,2856,2857,725,455244,455031
2026-09-01 14:38:00,2857,2858,2855,2857,543,455031,455023
2026-09-01 14:39:00,2857,2858,2854,2856,504,455023,454998
2026-09-01 14:40:00,2856,2856,2853,2856,785,454998,454825
2026-09-01 14:41:00,2856,2859,2855,2857,353,454825,454909
2026-09-01 14:42:00,2857,2858,2856,2858,465,454909,454853
2026-09-01 14:43:00,2858,2858,2856,2856,325,454853,454726
2026-09-01 14:44:00,2856,2857,2854,2854,238,454726,454709
2026-09-01 14:45:00,2854,2856,2853,2855,546,454709,454765
2026-09-01 14:46:00,2855,2856,2853,2854,635,454765,454887
2026-09-01 14:47:00,2854,2856,2854,2854,460,454887,454901
2026-09-01 14:48:00,2854,2855,2853,2854,925,454901,454497
2026-09-01 14:49:00,2854,2855,2853,2855,644,454497,454082
2026-09-01 14:50:00,2855,2856,2854,2855,633,454082,454103
2026-09-01 14:51:00,2855,2856,2853,2855,777,454103,454098
2026-09-01 14:52:00,2855,2856,2853,2853,749,454098,454056
2026-09-01 14:53:00,2853,2854,2853,2854,1105,454056,453764
2026-09-01 14:54:00,2854,2855,2853,2855,1081,453764,453797
2026-09-01 14:55:00,2855,2859,2854,2858,1306,453797,453741
2026-09-01 14:56:00,2858,2859,2857,2859,1111,453741,454201
2026-09-01 14:57:00,2859,2859,2855,2857,618,454201,454268
2026-09-01 14:58:00,2857,2857,2855,2855,407,454268,454317
2026-09-01 14:59:00,2855,2857,2855,2855,1518,454317,453797
2026-09-01 21:00:00,2880,2882,2873,2875,8936,453797,453555
2026-09-01 21:01:00,2875,2879,2875,2879,5203,453555,454817
2026-09-01 21:02:00,2879,2880,2876,2876,3395,454817,455683
2026-09-01 21:03:00,2876,2878,2872,2873,3280,455683,456287
2026-09-01 21:04:00,2873,2873,2870,2871,1645,456287,456249
2026-09-01 21:05:00,2871,2875,2870,2874,1638,456249,456394
2026-09-01 21:06:00,2874,2879,2873,2874,2428,456394,456385
2026-09-01 21:07:00,2874,2875,2870,2875,1453,456385,456487
2026-09-01 21:08:00,2875,2876,2872,2874,828,456487,456678
2026-09-01 21:09:00,2874,2875,2871,2874,754,456678,456745
2026-09-01 21:10:00,2874,2876,2872,2873,929,456745,456816
2026-09-01 21:11:00,2873,2874,2869,2870,1458,456816,457138
2026-09-01 21:12:00,2870,2874,2870,2874,1059,457138,457184
2026-09-01 21:13:00,2874,2875,2872,2872,440,457184,457181
2026-09-01 21:14:00,2872,2872,2868,2871,1056,457181,457222
2026-09-01 21:15:00,2871,2873,2868,2872,1359,457222,456961
2026-09-01 21:16:00,2872,2877,2872,2875,1607,456961,456808
2026-09-01 21:17:00,2875,2875,2869,2873,1340,456808,456966
2026-09-01 21:18:00,2873,2876,2873,2874,842,456966,457200
2026-09-01 21:19:00,2874,2876,2873,2875,589,457200,457280
2026-09-01 21:20:00,2875,2876,2873,2873,765,457280,457522
2026-09-01 21:21:00,2873,2875,2871,2872,600,457522,457477
2026-09-01 21:22:00,2872,2873,2862,2863,2457,457477,458050
2026-09-01 21:23:00,2863,2867,2861,2864,1514,458050,457880
2026-09-01 21:24:00,2864,2866,2862,2863,1209,457880,457709
2026-09-01 21:25:00,2863,2868,2863,2867,1091,457709,457864
2026-09-01 21:26:00,2867,2867,2863,2864,407,457864,457871
2026-09-01 21:27:00,2864,2866,2864,2866,684,457871,457927
2026-09-01 21:28:00,2866,2867,2864,2867,471,457927,457963
2026-09-01 21:29:00,2867,2867,2864,2865,423,457963,458004
2026-09-01 21:30:00,2865,2866,2862,2863,439,458004,458127
2026-09-01 21:31:00,2863,2864,2861,2863,938,458127,458203
2026-09-01 21:32:00,2863,2866,2862,2865,1433,458203,458270
2026-09-01 21:33:00,2865,2867,2864,2867,747,458270,458263
2026-09-01 21:34:00,2867,2868,2865,2865,611,458263,458396
2026-09-01 21:35:00,2865,2872,2865,2871,1457,458396,458469
2026-09-01 21:36:00,2871,2875,2871,2872,1800,458469,458678
2026-09-01 21:37:00,2872,2873,2871,2873,788,458678,459102
2026-09-01 21:38:00,2873,2873,2871,2871,368,459102,459176
2026-09-01 21:39:00,2871,2872,2870,2872,501,459176,459006
2026-09-01 21:40:00,2872,2873,2870,2873,471,459006,458898
2026-09-01 21:41:00,2873,2875,2871,2875,1649,458898,458959
2026-09-01 21:42:00,2875,2877,2872,2873,1616,458959,459074
2026-09-01 21:43:00,2873,2875,2872,2872,449,459074,459262
2026-09-01 21:44:00,2872,2873,2869,2869,498,459262,459310
2026-09-01 21:45:00,2869,2870,2867,2869,674,459310,459316
2026-09-01 21:46:00,2869,2870,2868,2869,570,459316,459461
2026-09-01 21:47:00,2869,2874,2869,2874,557,459461,459603
2026-09-01 21:48:00,2874,2874,2872,2872,149,459603,459590
2026-09-01 21:49:00,2872,2875,2872,2874,694,459590,459570
2026-09-01 21:50:00,2874,2876,2874,2875,750,459570,459483
2026-09-01 21:51:00,2875,2878,2874,2874,1027,459483,459593
2026-09-01 21:52:00,2874,2875,2872,2874,992,459593,459373
2026-09-01 21:53:00,2874,2874,2870,2871,736,459373,459465
2026-09-01 21:54:00,2871,2873,2871,2871,330,459465,459445
2026-09-01 21:55:00,2871,2872,2870,2871,549,459445,459191
2026-09-01 21:56:00,2871,2872,2869,2869,442,459191,459060
2026-09-01 21:57:00,2869,2870,2868,2870,902,459060,459213
2026-09-01 21:58:00,2870,2870,2869,2870,687,459213,459290
2026-09-01 21:59:00,2870,2870,2867,2869,1088,459290,459133
2026-09-01 22:00:00,2869,2871,2868,2870,343,459133,459178
2026-09-01 22:01:00,2870,2871,2867,2869,550,459178,459269
2026-09-01 22:02:00,2869,2869,2868,2869,215,459269,459291
2026-09-01 22:03:00,2869,2869,2867,2868,619,459291,459509
2026-09-01 22:04:00,2868,2868,2864,2864,869,459509,459392
2026-09-01 22:05:00,2864,2867,2863,2864,1516,459392,459762
2026-09-01 22:06:00,2864,2865,2862,2864,1007,459762,459960
2026-09-01 22:07:00,2864,2865,2863,2864,412,459960,460000
2026-09-01 22:08:00,2864,2866,2864,2866,1256,460000,460067
2026-09-01 22:09:00,2866,2866,2864,2865,248,460067,460008
2026-09-01 22:10:00,2865,2868,2864,2864,770,460008,459824
2026-09-01 22:11:00,2864,2866,2864,2864,701,459824,459886
2026-09-01 22:12:00,2864,2865,2864,2865,396,459886,459877
2026-09-01 22:13:00,2865,2865,2862,2863,864,459877,459893
2026-09-01 22:14:00,2863,2863,2858,2860,2614,459893,460048
2026-09-01 22:15:00,2860,2861,2858,2859,919,460048,460133
2026-09-01 22:16:00,2859,2859,2857,2859,1168,460133,460211
2026-09-01 22:17:00,2859,2861,2859,2860,504,460211,460275
2026-09-01 22:18:00,2860,2861,2858,2860,1531,460275,461020
2026-09-01 22:19:00,2860,2862,2859,2860,722,461020,460946
2026-09-01 22:20:00,2860,2862,2860,2861,314,460946,460877
2026-09-01 22:21:00,2861,2863,2861,2861,356,460877,460957
2026-09-01 22:22:00,2861,2863,2861,2862,173,460957,460949
2026-09-01 22:23:00,2862,2863,2862,2862,171,460949,460908
2026-09-01 22:24:00,2862,2862,2859,2861,697,460908,460844
2026-09-01 22:25:00,2861,2863,2860,2862,329,460844,460843
2026-09-01 22:26:00,2862,2863,2861,2862,327,460843,460786
2026-09-01 22:27:00,2862,2864,2861,2862,696,460786,460557
2026-09-01 22:28:00,2862,2863,2861,2861,427,460557,460469
2026-09-01 22:29:00,2861,2863,2861,2862,508,460469,460344
2026-09-01 22:30:00,2862,2864,2861,2864,780,460344,460357
2026-09-01 22:31:00,2864,2864,2862,2863,675,460357,460159
2026-09-01 22:32:00,2863,2863,2861,2861,548,460159,460251
2026-09-01 22:33:00,2861,2862,2859,2860,1564,460251,459536
2026-09-01 22:34:00,2860,2861,2859,2859,522,459536,459557
2026-09-01 22:35:00,2859,2865,2859,2864,679,459557,459618
2026-09-01 22:36:00,2864,2865,2861,2863,451,459618,459636
2026-09-01 22:37:00,2863,2866,2863,2866,715,459636,459679
2026-09-01 22:38:00,2866,2867,2865,2867,393,459679,459605
2026-09-01 22:39:00,2867,2868,2866,2868,346,459605,459650
2026-09-01 22:40:00,2868,2868,2865,2865,735,459650,459576
2026-09-01 22:41:00,2865,2866,2865,2866,144,459576,459606
2026-09-01 22:42:00,2866,2867,2865,2866,177,459606,459591
2026-09-01 22:43:00,2866,2867,2864,2864,395,459591,459625
2026-09-01 22:44:00,2864,2866,2864,2865,273,459625,459540
2026-09-01 22:45:00,2865,2867,2865,2865,220,459540,459540
2026-09-01 22:46:00,2865,2866,2864,2864,143,459540,459548
2026-09-01 22:47:00,2864,2865,2863,2864,125,459548,459559
2026-09-01 22:48:00,2864,2865,2864,2864,168,459559,459586
2026-09-01 22:49:00,2864,2866,2864,2865,325,459586,459432
2026-09-01 22:50:00,2865,2866,2864,2865,491,459432,459502
2026-09-01 22:51:00,2865,2867,2865,2866,373,459502,459363
2026-09-01 22:52:00,2866,2868,2866,2866,488,459363,459067
2026-09-01 22:53:00,2866,2867,2866,2867,253,459067,459094
2026-09-01 22:54:00,2867,2868,2866,2866,283,459094,459011
2026-09-01 22:55:00,2866,2867,2866,2867,204,459011,459010
2026-09-01 22:56:00,2867,2867,2865,2866,215,459010,458941
2026-09-01 22:57:00,2866,2868,2865,2867,630,458941,458575
2026-09-01 22:58:00,2867,2868,2866,2868,481,458575,458491
2026-09-01 22:59:00,2868,2868,2864,2864,938,458491,458334
2026-09-02 09:00:00,2864,2985,2864,2975,28015,458334,457534
2026-09-02 09:01:00,2975,2993,2971,2993,12463,457534,458155
2026-09-02 09:02:00,2993,2996,2987,2996,10672,458155,457031
2026-09-02 09:03:00,2996,3019,2995,3014,16605,457031,456712
2026-09-02 09:04:00,3014,3021,3009,3018,11513,456712,457426
2026-09-02 09:05:00,3018,3024,3017,3020,9423,457426,458730
2026-09-02 09:06:00,3020,3023,3016,3021,6024,458730,459552
2026-09-02 09:07:00,3021,3021,3017,3018,6209,459552,460231
2026-09-02 09:08:00,3018,3018,3011,3017,4203,460231,460493
2026-09-02 09:09:00,3017,3017,3011,3013,4586,460493,460284
2026-09-02 09:10:00,3013,3018,3013,3014,4003,460284,460228
2026-09-02 09:11:00,3014,3020,3011,3020,4326,460228,458778
2026-09-02 09:12:00,3020,3021,3017,3020,3887,458778,458597
2026-09-02 09:13:00,3020,3022,3018,3020,2814,458597,458776
2026-09-02 09:14:00,3020,3022,3019,3020,2812,458776,458316
2026-09-02 09:15:00,3020,3021,3000,3000,6328,458316,458964
2026-09-02 09:16:00,3000,3002,2995,2999,6322,458964,458337
2026-09-02 09:17:00,2999,3004,2998,3001,3237,458337,458048
2026-09-02 09:18:00,3001,3001,2985,2992,5808,458048,457666
2026-09-02 09:19:00,2992,2994,2984,2987,8028,457666,455674
2026-09-02 09:20:00,2987,2987,2975,2980,6759,455674,453643
2026-09-02 09:21:00,2980,2980,2968,2975,7281,453643,452413
2026-09-02 09:22:00,2975,2977,2972,2975,3308,452413,451866
2026-09-02 09:23:00,2975,2982,2970,2970,4359,451866,452306
2026-09-02 09:24:00,2970,2975,2967,2974,2283,452306,452268
2026-09-02 09:25:00,2974,2974,2967,2970,6387,452268,451351
2026-09-02 09:26:00,2970,2974,2968,2972,2598,451351,451373
2026-09-02 09:27:00,2972,2978,2971,2978,2425,451373,450866
2026-09-02 09:28:00,2978,2981,2977,2979,2305,450866,450696
2026-09-02 09:29:00,2979,2979,2970,2971,2259,450696,451121
2026-09-02 09:30:00,2971,2974,2968,2971,1961,451121,450993
2026-09-02 09:31:00,2971,2972,2960,2961,3395,450993,451073
2026-09-02 09:32:00,2961,2967,2961,2963,2794,451073,451384
2026-09-02 09:33:00,2963,2966,2962,2965,1926,451384,451339
2026-09-02 09:34:00,2965,2966,2960,2964,1404,451339,451486
2026-09-02 09:35:00,2964,2971,2962,2971,2256,451486,451169
2026-09-02 09:36:00,2971,2975,2968,2970,1762,451169,451439
2026-09-02 09:37:00,2970,2978,2970,2978,952,451439,451418
2026-09-02 09:38:00,2978,2979,2977,2978,1308,451418,451699
2026-09-02 09:39:00,2978,2983,2975,2975,2872,451699,452505
2026-09-02 09:40:00,2975,2978,2972,2977,1552,452505,452693
2026-09-02 09:41:00,2977,2977,2973,2975,901,452693,452724
2026-09-02 09:42:00,2975,2978,2973,2978,1167,452724,452846
2026-09-02 09:43:00,2978,2978,2971,2975,1148,452846,452764
2026-09-02 09:44:00,2975,2975,2968,2969,948,452764,452824
2026-09-02 09:45:00,2969,2970,2965,2969,1519,452824,452704
2026-09-02 09:46:00,2969,2973,2969,2972,632,452704,452768
2026-09-02 09:47:00,2972,2977,2971,2973,941,452768,452851
2026-09-02 09:48:00,2973,2975,2969,2970,980,452851,453138
2026-09-02 09:49:00,2970,2971,2965,2965,1005,453138,453160
2026-09-02 09:50:00,2965,2965,2957,2959,3088,453160,453268
2026-09-02 09:51:00,2959,2961,2955,2955,3143,453268,453802
2026-09-02 09:52:00,2955,2956,2950,2951,3293,453802,453895
2026-09-02 09:53:00,2951,2951,2943,2946,5116,453895,453929
2026-09-02 09:54:00,2946,2950,2945,2949,2922,453929,454164
2026-09-02 09:55:00,2949,2953,2946,2947,2682,454164,453704
2026-09-02 09:56:00,2947,2950,2946,2947,1341,453704,453411
2026-09-02 09:57:00,2947,2952,2946,2951,779,453411,453523
2026-09-02 09:58:00,2951,2951,2947,2949,1152,453523,453745
2026-09-02 09:59:00,2949,2949,2945,2947,986,453745,453772
2026-09-02 10:00:00,2947,2948,2944,2946,1253,453772,453587
2026-09-02 10:01:00,2946,2946,2942,2943,1839,453587,453124
2026-09-02 10:02:00,2943,2953,2942,2953,1554,453124,453215
2026-09-02 10:03:00,2953,2955,2952,2954,1328,453215,453202
2026-09-02 10:04:00,2954,2955,2947,2947,1175,453202,453434
2026-09-02 10:05:00,2947,2948,2944,2946,764,453434,453266
2026-09-02 10:06:00,2946,2946,2939,2940,2393,453266,453546
2026-09-02 10:07:00,2940,2940,2934,2937,2139,453546,453516
2026-09-02 10:08:00,2937,2938,2935,2938,947,453516,453597
2026-09-02 10:09:00,2938,2941,2937,2939,962,453597,453570
2026-09-02 10:10:00,2939,2944,2939,2939,1286,453570,453725
2026-09-02 10:11:00,2939,2939,2936,2939,742,453725,453937
2026-09-02 10:12:00,2939,2944,2939,2943,734,453937,453953
2026-09-02 10:13:00,2943,2943,2940,2942,933,453953,453762
2026-09-02 10:14:00,2942,2944,2940,2942,817,453762,453632
2026-09-02 10:30:00,2940,2940,2932,2939,2895,453632,453636
2026-09-02 10:31:00,2939,2947,2938,2946,1911,453636,453801
2026-09-02 10:32:00,2946,2947,2941,2942,1513,453801,453979
2026-09-02 10:33:00,2942,2942,2937,2938,1720,453979,454280
2026-09-02 10:34:00,2938,2939,2936,2936,938,454280,454294
2026-09-02 10:35:00,2936,2938,2936,2937,851,454294,454370
2026-09-02 10:36:00,2937,2937,2934,2937,1307,454370,454940
2026-09-02 10:37:00,2937,2949,2936,2948,3367,454940,456083
2026-09-02 10:38:00,2948,2950,2946,2948,1992,456083,456440
2026-09-02 10:39:00,2948,2949,2945,2945,941,456440,456558
2026-09-02 10:40:00,2945,2945,2942,2942,658,456558,456514
2026-09-02 10:41:00,2942,2946,2942,2944,676,456514,456578
2026-09-02 10:42:00,2944,2945,2941,2943,1508,456578,456298
2026-09-02 10:43:00,2943,2947,2942,2947,824,456298,456385
2026-09-02 10:44:00,2947,2948,2945,2946,512,456385,456558
2026-09-02 10:45:00,2946,2947,2944,2945,722,456558,456883
2026-09-02 10:46:00,2945,2945,2942,2944,635,456883,457034
2026-09-02 10:47:00,2944,2949,2944,2947,1324,457034,457220
2026-09-02 10:48:00,2947,2952,2946,2948,1891,457220,457508
2026-09-02 10:49:00,2948,2952,2947,2951,700,457508,457565
2026-09-02 10:50:00,2951,2953,2949,2952,794,457565,457795
2026-09-02 10:51:00,2952,2952,2946,2947,789,457795,457912
2026-09-02 10:52:00,2947,2947,2944,2946,1101,457912,457916
2026-09-02 10:53:00,2946,2947,2942,2942,1028,457916,458107
2026-09-02 10:54:00,2942,2944,2938,2939,979,458107,458179
2026-09-02 10:55:00,2939,2944,2938,2944,839,458179,458272
2026-09-02 10:56:00,2944,2945,2942,2944,356,458272,458238
2026-09-02 10:57:00,2944,2944,2936,2939,1271,458238,458499
2026-09-02 10:58:00,2939,2941,2938,2939,371,458499,458515
2026-09-02 10:59:00,2939,2942,2938,2938,541,458515,458517
2026-09-02 11:00:00,2938,2941,2938,2938,619,458517,458616
2026-09-02 11:01:00,2938,2939,2936,2937,847,458616,458667
2026-09-02 11:02:00,2937,2937,2935,2936,1482,458667,458938
2026-09-02 11:03:00,2936,2939,2935,2939,443,458938,458926
2026-09-02 11:04:00,2939,2943,2939,2943,898,458926,458888
2026-09-02 11:05:00,2943,2948,2943,2946,1629,458888,459170
2026-09-02 11:06:00,2946,2950,2946,2950,1745,459170,459479
2026-09-02 11:07:00,2950,2953,2948,2950,1504,459479,459450
2026-09-02 11:08:00,2950,2950,2947,2948,854,459450,459465
2026-09-02 11:09:00,2948,2948,2945,2945,645,459465,459555
2026-09-02 11:10:00,2945,2948,2945,2947,462,459555,459606
2026-09-02 11:11:00,2947,2950,2946,2948,789,459606,459779
2026-09-02 11:12:00,2948,2948,2946,2946,234,459779,459776
2026-09-02 11:13:00,2946,2947,2944,2945,429,459776,459730
2026-09-02 11:14:00,2945,2945,2941,2942,621,459730,459759
2026-09-02 11:15:00,2942,2947,2942,2946,398,459759,459741
2026-09-02 11:16:00,2946,2949,2946,2948,375,459741,459754
2026-09-02 11:17:00,2948,2950,2948,2949,638,459754,459793
2026-09-02 11:18:00,2949,2949,2946,2947,551,459793,459853
2026-09-02 11:19:00,2947,2948,2946,2947,317,459853,459952
2026-09-02 11:20:00,2947,2947,2945,2946,400,459952,459938
2026-09-02 11:21:00,2946,2946,2941,2941,874,459938,460177
2026-09-02 11:22:00,2941,2943,2937,2938,1501,460177,460399
2026-09-02 11:23:00,2938,2942,2938,2941,422,460399,460458
2026-09-02 11:24:00,2941,2944,2941,2943,273,460458,460425
2026-09-02 11:25:00,2943,2943,2941,2942,279,460425,460420
2026-09-02 11:26:00,2942,2944,2941,2944,294,460420,460442
2026-09-02 11:27:00,2944,2944,2939,2940,694,460442,460336
2026-09-02 11:28:00,2940,2941,2939,2940,412,460336,460411
2026-09-02 11:29:00,2940,2943,2940,2942,968,460411,460445
2026-09-02 13:30:00,2936,2940,2933,2937,3317,460445,460323
2026-09-02 13:31:00,2937,2937,2933,2934,1949,460323,460726
2026-09-02 13:32:00,2934,2936,2933,2936,1683,460726,461151
2026-09-02 13:33:00,2936,2936,2925,2927,3168,461151,460494
2026-09-02 13:34:00,2927,2929,2925,2929,1589,460494,460454
2026-09-02 13:35:00,2929,2933,2929,2931,1424,460454,460620
2026-09-02 13:36:00,2931,2932,2928,2928,1224,460620,460814
2026-09-02 13:37:00,2928,2931,2924,2929,2080,460814,460887
2026-09-02 13:38:00,2929,2932,2929,2931,499,460887,460922
2026-09-02 13:39:00,2931,2931,2928,2929,569,460922,461055
2026-09-02 13:40:00,2929,2931,2929,2930,495,461055,461167
2026-09-02 13:41:00,2930,2933,2929,2933,999,461167,461299
2026-09-02 13:42:00,2933,2933,2931,2931,323,461299,461301
2026-09-02 13:43:00,2931,2933,2931,2932,503,461301,461365
2026-09-02 13:44:00,2932,2932,2929,2929,893,461365,461548
2026-09-02 13:45:00,2929,2929,2923,2928,1783,461548,461564
2026-09-02 13:46:00,2928,2930,2927,2928,483,461564,461522
2026-09-02 13:47:00,2928,2929,2926,2927,609,461522,461625
2026-09-02 13:48:00,2927,2928,2925,2926,618,461625,461382
2026-09-02 13:49:00,2926,2926,2922,2923,1167,461382,461347
2026-09-02 13:50:00,2923,2928,2923,2928,496,461347,461458
2026-09-02 13:51:00,2928,2929,2925,2927,1228,461458,461773
2026-09-02 13:52:00,2927,2929,2926,2927,256,461773,461767
2026-09-02 13:53:00,2927,2929,2927,2928,272,461767,461788
2026-09-02 13:54:00,2928,2935,2928,2935,1552,461788,461748
2026-09-02 13:55:00,2935,2936,2932,2933,808,461748,461788
2026-09-02 13:56:00,2933,2933,2929,2932,396,461788,461843
2026-09-02 13:57:00,2932,2935,2931,2934,430,461843,461906
2026-09-02 13:58:00,2934,2938,2933,2936,1452,461906,461769
2026-09-02 13:59:00,2936,2937,2935,2936,510,461769,461880
2026-09-02 14:00:00,2936,2937,2933,2935,1119,461880,462081
2026-09-02 14:01:00,2935,2937,2934,2937,463,462081,462235
2026-09-02 14:02:00,2937,2939,2936,2939,1258,462235,462332
2026-09-02 14:03:00,2939,2948,2938,2946,2943,462332,462625
2026-09-02 14:04:00,2946,2953,2945,2953,3923,462625,462999
2026-09-02 14:05:00,2953,2954,2949,2953,3116,462999,463408
2026-09-02 14:06:00,2953,2955,2949,2950,1657,463408,463399
2026-09-02 14:07:00,2950,2951,2944,2946,1737,463399,463489
2026-09-02 14:08:00,2946,2946,2934,2937,3093,463489,463733
2026-09-02 14:09:00,2937,2941,2934,2935,1482,463733,463573
2026-09-02 14:10:00,2935,2942,2935,2941,946,463573,463670
2026-09-02 14:11:00,2941,2942,2939,2942,871,463670,463715
2026-09-02 14:12:00,2942,2944,2940,2941,1637,463715,464122
2026-09-02 14:13:00,2941,2941,2937,2938,1106,464122,464189
2026-09-02 14:14:00,2938,2940,2936,2937,708,464189,464289
2026-09-02 14:15:00,2937,2939,2937,2937,336,464289,464382
2026-09-02 14:16:00,2937,2941,2936,2938,1253,464382,464306
2026-09-02 14:17:00,2938,2939,2936,2936,717,464306,464237
2026-09-02 14:18:00,2936,2939,2934,2937,690,464237,464126
2026-09-02 14:19:00,2937,2939,2934,2935,695,464126,464054
2026-09-02 14:20:00,2935,2936,2931,2932,1689,464054,463965
2026-09-02 14:21:00,2932,2933,2930,2933,2064,463965,464331
2026-09-02 14:22:00,2933,2934,2932,2933,615,464331,464307
2026-09-02 14:23:00,2933,2934,2931,2931,1013,464307,464062
2026-09-02 14:24:00,2931,2933,2927,2927,1698,464062,463920
2026-09-02 14:25:00,2927,2929,2927,2927,1034,463920,464133
2026-09-02 14:26:00,2927,2927,2918,2920,4953,464133,463229
2026-09-02 14:27:00,2920,2926,2919,2923,1957,463229,463562
2026-09-02 14:28:00,2923,2926,2922,2925,545,463562,463401
2026-09-02 14:29:00,2925,2926,2923,2926,797,463401,463442
2026-09-02 14:30:00,2926,2927,2923,2923,876,463442,463409
2026-09-02 14:31:00,2923,2924,2919,2920,1915,463409,462956
2026-09-02 14:32:00,2920,2923,2920,2923,444,462956,463012
2026-09-02 14:33:00,2923,2926,2923,2925,878,463012,462776
2026-09-02 14:34:00,2925,2926,2922,2923,797,462776,462542
2026-09-02 14:35:00,2923,2927,2921,2927,856,462542,462458
2026-09-02 14:36:00,2927,2929,2926,2929,1144,462458,462422
2026-09-02 14:37:00,2929,2929,2926,2926,825,462422,462376
2026-09-02 14:38:00,2926,2927,2924,2924,657,462376,462387
2026-09-02 14:39:00,2924,2926,2924,2924,484,462387,462417
2026-09-02 14:40:00,2924,2931,2923,2930,990,462417,462516
2026-09-02 14:41:00,2930,2930,2924,2924,823,462516,462502
2026-09-02 14:42:00,2924,2925,2921,2924,1250,462502,462126
2026-09-02 14:43:00,2924,2929,2923,2928,1069,462126,462174
2026-09-02 14:44:00,2928,2929,2926,2929,720,462174,462089
2026-09-02 14:45:00,2929,2930,2928,2928,763,462089,461931
2026-09-02 14:46:00,2928,2929,2925,2928,1008,461931,461917
2026-09-02 14:47:00,2928,2929,2926,2928,650,461917,461804
2026-09-02 14:48:00,2928,2932,2928,2931,757,461804,461722
2026-09-02 14:49:00,2931,2934,2930,2934,1142,461722,461697
2026-09-02 14:50:00,2934,2937,2933,2934,1862,461697,461418
2026-09-02 14:51:00,2934,2934,2930,2931,1065,461418,461479
2026-09-02 14:52:00,2931,2933,2931,2932,559,461479,461516
2026-09-02 14:53:00,2932,2933,2931,2931,485,461516,461385
2026-09-02 14:54:00,2931,2935,2931,2933,1004,461385,461223
2026-09-02 14:55:00,2933,2934,2930,2932,727,461223,461168
2026-09-02 14:56:00,2932,2932,2924,2925,2241,461168,460816
2026-09-02 14:57:00,2925,2928,2924,2924,1288,460816,460595
2026-09-02 14:58:00,2924,2925,2921,2922,1569,460595,460457
2026-09-02 14:59:00,2922,2923,2919,2921,2128,460457,460392
2026-09-02 21:00:00,2904,2909,2903,2908,7660,460392,459833
2026-09-02 21:01:00,2908,2916,2907,2913,5075,459833,459473
2026-09-02 21:02:00,2913,2916,2911,2911,3599,459473,459628
2026-09-02 21:03:00,2911,2912,2904,2905,4825,459628,459870
2026-09-02 21:04:00,2905,2906,2900,2900,3471,459870,459951
2026-09-02 21:05:00,2900,2900,2890,2891,6157,459951,459542
2026-09-02 21:06:00,2891,2896,2891,2894,4092,459542,460049
2026-09-02 21:07:00,2894,2894,2887,2891,4671,460049,460572
2026-09-02 21:08:00,2891,2894,2889,2894,2763,460572,460355
2026-09-02 21:09:00,2894,2898,2893,2897,2742,460355,460369
2026-09-02 21:10:00,2897,2906,2895,2901,3855,460369,460676
2026-09-02 21:11:00,2901,2902,2896,2898,2615,460676,461290
2026-09-02 21:12:00,2898,2900,2897,2898,1739,461290,461409
2026-09-02 21:13:00,2898,2900,2898,2900,1108,461409,461435
2026-09-02 21:14:00,2900,2903,2899,2903,1252,461435,461507
2026-09-02 21:15:00,2903,2906,2901,2906,1917,461507,461613
2026-09-02 21:16:00,2906,2912,2906,2911,2577,461613,461069
2026-09-02 21:17:00,2911,2913,2909,2909,2351,461069,461264
2026-09-02 21:18:00,2909,2910,2905,2906,2166,461264,461369
2026-09-02 21:19:00,2906,2907,2903,2904,1465,461369,461315
2026-09-02 21:20:00,2904,2909,2904,2907,1582,461315,461367
2026-09-02 21:21:00,2907,2908,2905,2906,1490,461367,461536
2026-09-02 21:22:00,2906,2909,2904,2908,1014,461536,461882
2026-09-02 21:23:00,2908,2910,2905,2907,1946,461882,462087
2026-09-02 21:24:00,2907,2907,2898,2898,2160,462087,462108
2026-09-02 21:25:00,2898,2900,2897,2899,2022,462108,462282
2026-09-02 21:26:00,2899,2899,2894,2897,1775,462282,462432
2026-09-02 21:27:00,2897,2899,2896,2898,991,462432,462322
2026-09-02 21:28:00,2898,2898,2892,2893,2691,462322,462446
2026-09-02 21:29:00,2893,2897,2893,2894,908,462446,462549
2026-09-02 21:30:00,2894,2897,2892,2893,1196,462549,462684
2026-09-02 21:31:00,2893,2900,2891,2899,2176,462684,462971
2026-09-02 21:32:00,2899,2900,2895,2896,1046,462971,463005
2026-09-02 21:33:00,2896,2898,2894,2898,1615,463005,463194
2026-09-02 21:34:00,2898,2901,2896,2897,2792,463194,463467
2026-09-02 21:35:00,2897,2899,2895,2896,1568,463467,463432
2026-09-02 21:36:00,2896,2900,2896,2900,1634,463432,463488
2026-09-02 21:37:00,2900,2900,2896,2898,1300,463488,463325
2026-09-02 21:38:00,2898,2900,2897,2898,1302,463325,463180
2026-09-02 21:39:00,2898,2901,2898,2900,1166,463180,463019
2026-09-02 21:40:00,2900,2901,2898,2899,1292,463019,462554
2026-09-02 21:41:00,2899,2900,2894,2896,1616,462554,462172
2026-09-02 21:42:00,2896,2897,2894,2895,1157,462172,462082
2026-09-02 21:43:00,2895,2898,2895,2896,445,462082,462127
2026-09-02 21:44:00,2896,2898,2893,2898,1759,462127,462370
2026-09-02 21:45:00,2898,2900,2896,2898,1243,462370,462102
2026-09-02 21:46:00,2898,2908,2898,2903,2825,462102,462030
2026-09-02 21:47:00,2903,2907,2901,2907,1156,462030,461694
2026-09-02 21:48:00,2907,2907,2905,2905,620,461694,461723
2026-09-02 21:49:00,2905,2908,2904,2905,1130,461723,462019
2026-09-02 21:50:00,2905,2906,2902,2904,1214,462019,462064
2026-09-02 21:51:00,2904,2906,2903,2904,765,462064,462009
2026-09-02 21:52:00,2904,2907,2904,2905,670,462009,461930
2026-09-02 21:53:00,2905,2906,2903,2905,573,461930,461867
2026-09-02 21:54:00,2905,2906,2903,2904,332,461867,461845
2026-09-02 21:55:00,2904,2906,2903,2905,1025,461845,462319
2026-09-02 21:56:00,2905,2907,2902,2902,883,462319,462173
2026-09-02 21:57:00,2902,2903,2895,2896,2115,462173,461806
2026-09-02 21:58:00,2896,2899,2893,2894,1737,461806,461596
2026-09-02 21:59:00,2894,2895,2890,2890,3046,461596,461465
2026-09-02 22:00:00,2890,2890,2883,2885,3578,461465,461005
2026-09-02 22:01:00,2885,2890,2885,2889,1497,461005,461205
2026-09-02 22:02:00,2889,2890,2885,2888,1575,461205,461016
2026-09-02 22:03:00,2888,2889,2885,2887,804,461016,460877
2026-09-02 22:04:00,2887,2889,2887,2887,942,460877,460780
2026-09-02 22:05:00,2887,2891,2887,2889,1257,460780,460718
2026-09-02 22:06:00,2889,2892,2889,2890,1134,460718,460685
2026-09-02 22:07:00,2890,2890,2887,2887,901,460685,460896
2026-09-02 22:08:00,2887,2890,2885,2889,1116,460896,460941
2026-09-02 22:09:00,2889,2892,2888,2892,834,460941,460879
2026-09-02 22:10:00,2892,2895,2892,2894,1115,460879,460848
2026-09-02 22:11:00,2894,2895,2892,2892,894,460848,460819
2026-09-02 22:12:00,2892,2895,2890,2895,591,460819,460729
2026-09-02 22:13:00,2895,2897,2894,2895,668,460729,460700
2026-09-02 22:14:00,2895,2897,2894,2896,842,460700,460686
2026-09-02 22:15:00,2896,2898,2896,2897,576,460686,460603
2026-09-02 22:16:00,2897,2898,2894,2898,504,460603,460627
2026-09-02 22:17:00,2898,2898,2895,2895,666,460627,460779
2026-09-02 22:18:00,2895,2897,2895,2896,605,460779,461060
2026-09-02 22:19:00,2896,2898,2895,2897,406,461060,461057
2026-09-02 22:20:00,2897,2897,2895,2896,580,461057,461074
2026-09-02 22:21:00,2896,2897,2895,2896,391,461074,461104
2026-09-02 22:22:00,2896,2901,2895,2900,1796,461104,461508
2026-09-02 22:23:00,2900,2902,2899,2900,697,461508,461462
2026-09-02 22:24:00,2900,2902,2899,2900,615,461462,461531
2026-09-02 22:25:00,2900,2902,2899,2901,745,461531,461547
2026-09-02 22:26:00,2901,2904,2899,2903,655,461547,461464
2026-09-02 22:27:00,2903,2904,2902,2902,449,461464,461436
2026-09-02 22:28:00,2902,2903,2901,2902,416,461436,461479
2026-09-02 22:29:00,2902,2905,2901,2905,668,461479,461665
2026-09-02 22:30:00,2905,2910,2902,2909,2425,461665,462179
2026-09-02 22:31:00,2909,2914,2906,2912,2804,462179,462005
2026-09-02 22:32:00,2912,2914,2910,2911,1398,462005,461859
2026-09-02 22:33:00,2911,2917,2910,2914,3204,461859,461431
2026-09-02 22:34:00,2914,2916,2913,2914,1150,461431,461673
2026-09-02 22:35:00,2914,2914,2912,2913,1080,461673,461681
2026-09-02 22:36:00,2913,2913,2909,2911,1721,461681,461894
2026-09-02 22:37:00,2911,2913,2909,2910,1142,461894,462389
2026-09-02 22:38:00,2910,2912,2910,2912,366,462389,462369
2026-09-02 22:39:00,2912,2914,2912,2912,815,462369,462459
2026-09-02 22:40:00,2912,2916,2911,2914,2004,462459,462850
2026-09-02 22:41:00,2914,2916,2911,2912,1360,462850,462801
2026-09-02 22:42:00,2912,2913,2910,2913,317,462801,462757
2026-09-02 22:43:00,2913,2916,2913,2913,1086,462757,462850
2026-09-02 22:44:00,2913,2915,2912,2914,365,462850,462830
2026-09-02 22:45:00,2914,2917,2913,2916,1558,462830,462839
2026-09-02 22:46:00,2916,2919,2915,2917,1036,462839,462773
2026-09-02 22:47:00,2917,2918,2915,2915,650,462773,462719
2026-09-02 22:48:00,2915,2917,2915,2916,272,462719,462727
2026-09-02 22:49:00,2916,2923,2916,2920,2359,462727,461984
2026-09-02 22:50:00,2920,2923,2919,2922,1139,461984,461781
2026-09-02 22:51:00,2922,2923,2921,2922,753,461781,461794
2026-09-02 22:52:00,2922,2923,2919,2920,1259,461794,461502
2026-09-02 22:53:00,2920,2922,2919,2920,739,461502,461366
2026-09-02 22:54:00,2920,2921,2918,2918,1052,461366,461046
2026-09-02 22:55:00,2918,2918,2914,2916,966,461046,460934
2026-09-02 22:56:00,2916,2919,2916,2919,512,460934,461152
2026-09-02 22:57:00,2919,2920,2917,2919,577,461152,461104
2026-09-02 22:58:00,2919,2925,2918,2924,2058,461104,460850
2026-09-02 22:59:00,2924,2926,2919,2925,3171,460850,460277
2026-09-03 09:00:00,2925,2935,2904,2906,7058,460277,459044
2026-09-03 09:01:00,2906,2907,2896,2896,4800,459044,459144
2026-09-03 09:02:00,2896,2898,2892,2895,4448,459144,459517
2026-09-03 09:03:00,2895,2896,2893,2893,2603,459517,459474
2026-09-03 09:04:00,2893,2898,2890,2891,2503,459474,459297
2026-09-03 09:05:00,2891,2897,2889,2897,1601,459297,459155
2026-09-03 09:06:00,2897,2898,2891,2892,2555,459155,459585
2026-09-03 09:07:00,2892,2894,2886,2892,3340,459585,459834
2026-09-03 09:08:00,2892,2898,2891,2898,1111,459834,459789
2026-09-03 09:09:00,2898,2899,2894,2895,1329,459789,460121
2026-09-03 09:10:00,2895,2898,2893,2896,1284,460121,460351
2026-09-03 09:11:00,2896,2897,2894,2894,902,460351,460383
2026-09-03 09:12:00,2894,2896,2892,2895,1339,460383,460418
2026-09-03 09:13:00,2895,2899,2894,2894,919,460418,460399
2026-09-03 09:14:00,2894,2895,2890,2894,1777,460399,460753
2026-09-03 09:15:00,2894,2896,2893,2896,1843,460753,460319
2026-09-03 09:16:00,2896,2903,2895,2901,3679,460319,459842
2026-09-03 09:17:00,2901,2902,2897,2899,1522,459842,459992
2026-09-03 09:18:00,2899,2900,2896,2900,1560,459992,460093
2026-09-03 09:19:00,2900,2902,2899,2902,1358,460093,460072
2026-09-03 09:20:00,2902,2904,2902,2903,1346,460072,460460
2026-09-03 09:21:00,2903,2904,2899,2903,897,460460,460458
2026-09-03 09:22:00,2903,2903,2897,2898,1110,460458,460656
2026-09-03 09:23:00,2898,2901,2898,2899,737,460656,460707
2026-09-03 09:24:00,2899,2910,2899,2910,3043,460707,461207
2026-09-03 09:25:00,2910,2912,2906,2906,2395,461207,461232
2026-09-03 09:26:00,2906,2909,2906,2907,1235,461232,461471
2026-09-03 09:27:00,2907,2909,2905,2908,1418,461471,461727
2026-09-03 09:28:00,2908,2909,2906,2907,945,461727,461845
2026-09-03 09:29:00,2907,2908,2905,2906,727,461845,461849
2026-09-03 09:30:00,2906,2909,2905,2905,1231,461849,461908
2026-09-03 09:31:00,2905,2905,2900,2901,2042,461908,461841
2026-09-03 09:32:00,2901,2901,2898,2899,992,461841,461733
2026-09-03 09:33:00,2899,2900,2895,2899,1556,461733,462036
2026-09-03 09:34:00,2899,2899,2895,2895,621,462036,462116
2026-09-03 09:35:00,2895,2900,2894,2899,1244,462116,462197
2026-09-03 09:36:00,2899,2899,2895,2897,1201,462197,461954
2026-09-03 09:37:00,2897,2898,2894,2897,967,461954,462040
2026-09-03 09:38:00,2897,2900,2896,2897,911,462040,461914
2026-09-03 09:39:00,2897,2900,2896,2900,305,461914,461842
2026-09-03 09:40:00,2900,2903,2898,2903,972,461842,461812
2026-09-03 09:41:00,2903,2904,2901,2903,884,461812,461866
2026-09-03 09:42:00,2903,2908,2903,2908,1417,461866,462135
2026-09-03 09:43:00,2908,2908,2905,2907,1224,462135,461927
2026-09-03 09:44:00,2907,2908,2905,2907,646,461927,462027
2026-09-03 09:45:00,2907,2909,2905,2905,1442,462027,461940
2026-09-03 09:46:00,2905,2912,2905,2911,1305,461940,461970
2026-09-03 09:47:00,2911,2913,2908,2913,972,461970,462072
2026-09-03 09:48:00,2913,2915,2911,2913,2002,462072,461946
2026-09-03 09:49:00,2913,2916,2912,2915,1678,461946,462226
2026-09-03 09:50:00,2915,2918,2914,2915,1710,462226,462514
2026-09-03 09:51:00,2915,2917,2908,2908,1486,462514,462210
2026-09-03 09:52:00,2908,2909,2905,2908,1274,462210,462232
2026-09-03 09:53:00,2908,2908,2906,2906,745,462232,462295
2026-09-03 09:54:00,2906,2911,2906,2910,1172,462295,462646
2026-09-03 09:55:00,2910,2912,2909,2912,659,462646,462817
2026-09-03 09:56:00,2912,2912,2908,2909,1581,462817,462844
2026-09-03 09:57:00,2909,2914,2909,2913,864,462844,463003
2026-09-03 09:58:00,2913,2918,2912,2916,1114,463003,463112
2026-09-03 09:59:00,2916,2916,2914,2915,594,463112,463103
2026-09-03 10:00:00,2915,2918,2913,2915,1504,463103,463557
2026-09-03 10:01:00,2915,2916,2913,2916,1997,463557,464158
2026-09-03 10:02:00,2916,2917,2915,2915,933,464158,464367
2026-09-03 10:03:00,2915,2916,2910,2914,1281,464367,464323
2026-09-03 10:04:00,2914,2914,2912,2914,477,464323,464497
2026-09-03 10:05:00,2914,2917,2913,2914,1114,464497,464550
2026-09-03 10:06:00,2914,2914,2911,2912,1346,464550,465097
2026-09-03 10:07:00,2912,2913,2911,2912,692,465097,465303
2026-09-03 10:08:00,2912,2915,2912,2914,613,465303,465397
2026-09-03 10:09:00,2914,2914,2905,2906,2482,465397,465548
2026-09-03 10:10:00,2906,2909,2906,2907,502,465548,465598
2026-09-03 10:11:00,2907,2909,2906,2909,345,465598,465631
2026-09-03 10:12:00,2909,2910,2908,2910,275,465631,465724
2026-09-03 10:13:00,2910,2910,2906,2907,642,465724,465829
2026-09-03 10:14:00,2907,2908,2905,2908,890,465829,465826
2026-09-03 10:30:00,2907,2910,2901,2903,2700,465826,465884
2026-09-03 10:31:00,2903,2905,2900,2903,1629,465884,465797
2026-09-03 10:32:00,2903,2905,2899,2905,2458,465797,466374
2026-09-03 10:33:00,2905,2907,2905,2906,930,466374,466122
2026-09-03 10:34:00,2906,2906,2903,2904,217,466122,466178
2026-09-03 10:35:00,2904,2907,2901,2907,1324,466178,466287
2026-09-03 10:36:00,2907,2910,2906,2909,726,466287,466309
2026-09-03 10:37:00,2909,2912,2908,2911,887,466309,466200
2026-09-03 10:38:00,2911,2914,2909,2910,1202,466200,466362
2026-09-03 10:39:00,2910,2912,2909,2910,368,466362,466428
2026-09-03 10:40:00,2910,2911,2906,2908,806,466428,466422
2026-09-03 10:41:00,2908,2909,2905,2906,630,466422,466662
2026-09-03 10:42:00,2906,2908,2905,2907,359,466662,466732
2026-09-03 10:43:00,2907,2908,2907,2908,177,466732,466829
2026-09-03 10:44:00,2908,2909,2902,2903,1240,466829,467060
2026-09-03 10:45:00,2903,2903,2896,2900,3257,467060,467066
2026-09-03 10:46:00,2900,2900,2896,2900,2076,467066,466669
2026-09-03 10:47:00,2900,2901,2898,2901,770,466669,466639
2026-09-03 10:48:00,2901,2901,2896,2898,1028,466639,466481
2026-09-03 10:49:00,2898,2898,2892,2894,3031,466481,466473
2026-09-03 10:50:00,2894,2897,2892,2894,950,466473,466667
2026-09-03 10:51:00,2894,2897,2890,2891,1491,466667,466730
2026-09-03 10:52:00,2891,2892,2890,2892,877,466730,466792
2026-09-03 10:53:00,2892,2894,2890,2891,1336,466792,466793
2026-09-03 10:54:00,2891,2893,2889,2891,2391,466793,465959
2026-09-03 10:55:00,2891,2891,2886,2887,2143,465959,465691
2026-09-03 10:56:00,2887,2887,2877,2880,4268,465691,465364
2026-09-03 10:57:00,2880,2882,2878,2880,2293,465364,464808
2026-09-03 10:58:00,2880,2883,2878,2881,1552,464808,465072
2026-09-03 10:59:00,2881,2887,2880,2885,1940,465072,465145
2026-09-03 11:00:00,2885,2890,2885,2889,2316,465145,465039
2026-09-03 11:01:00,2889,2890,2889,2890,533,465039,465096
2026-09-03 11:02:00,2890,2891,2887,2888,793,465096,465261
2026-09-03 11:03:00,2888,2892,2888,2891,622,465261,465295
2026-09-03 11:04:00,2891,2893,2889,2891,580,465295,465430
2026-09-03 11:05:00,2891,2892,2887,2890,781,465430,465462
2026-09-03 11:06:00,2890,2890,2888,2889,791,465462,465887
2026-09-03 11:07:00,2889,2890,2887,2888,696,465887,465874
2026-09-03 11:08:00,2888,2891,2888,2890,389,465874,465804
2026-09-03 11:09:00,2890,2895,2890,2894,1037,465804,465498
2026-09-03 11:10:00,2894,2895,2892,2893,1070,465498,465468
2026-09-03 11:11:00,2893,2894,2890,2890,604,465468,465354
2026-09-03 11:12:00,2890,2891,2886,2888,1198,465354,465393
2026-09-03 11:13:00,2888,2890,2887,2888,616,465393,465445
2026-09-03 11:14:00,2888,2889,2885,2886,597,465445,465351
2026-09-03 11:15:00,2886,2886,2880,2880,2257,465351,465057
2026-09-03 11:16:00,2880,2882,2878,2882,1810,465057,464771
2026-09-03 11:17:00,2882,2883,2881,2882,1022,464771,464688
2026-09-03 11:18:00,2882,2886,2882,2884,803,464688,464681
2026-09-03 11:19:00,2884,2887,2882,2886,791,464681,464811
2026-09-03 11:20:00,2886,2889,2884,2889,678,464811,464725
2026-09-03 11:21:00,2889,2891,2889,2891,1538,464725,464564
2026-09-03 11:22:00,2891,2893,2889,2893,842,464564,464384
2026-09-03 11:23:00,2893,2893,2891,2893,561,464384,464273
2026-09-03 11:24:00,2893,2893,2889,2892,702,464273,464183
2026-09-03 11:25:00,2892,2895,2892,2893,1543,464183,464668
2026-09-03 11:26:00,2893,2894,2890,2893,970,464668,464970
2026-09-03 11:27:00,2893,2896,2892,2895,1051,464970,465025
2026-09-03 11:28:00,2895,2896,2894,2895,1034,465025,464865
2026-09-03 11:29:00,2895,2898,2894,2897,1472,464865,464697
2026-09-03 13:30:00,2880,2882,2872,2875,7897,464697,464670
2026-09-03 13:31:00,2875,2876,2873,2874,2446,464670,464147
2026-09-03 13:32:00,2874,2874,2869,2874,4021,464147,463575
2026-09-03 13:33:00,2874,2874,2867,2867,2555,463575,463493
2026-09-03 13:34:00,2867,2867,2861,2863,4558,463493,463140
2026-09-03 13:35:00,2863,2863,2852,2853,5095,463140,463343
2026-09-03 13:36:00,2853,2854,2846,2847,5397,463343,463048
2026-09-03 13:37:00,2847,2848,2842,2844,4945,463048,463729
2026-09-03 13:38:00,2844,2846,2841,2842,5234,463729,464369
2026-09-03 13:39:00,2842,2847,2837,2846,5206,464369,464369
2026-09-03 13:40:00,2846,2851,2843,2845,3573,464369,464597
2026-09-03 13:41:00,2845,2845,2841,2841,2153,464597,465044
2026-09-03 13:42:00,2841,2848,2840,2846,2644,465044,465474
2026-09-03 13:43:00,2846,2847,2842,2844,2459,465474,466220
2026-09-03 13:44:00,2844,2851,2843,2849,2958,466220,466771
2026-09-03 13:45:00,2849,2850,2845,2846,2583,466771,466990
2026-09-03 13:46:00,2846,2846,2839,2842,3919,466990,467683
2026-09-03 13:47:00,2842,2844,2841,2841,1468,467683,468018
2026-09-03 13:48:00,2841,2843,2839,2840,1473,468018,468481
2026-09-03 13:49:00,2840,2845,2839,2844,1039,468481,468227
2026-09-03 13:50:00,2844,2845,2841,2842,1347,468227,468286
2026-09-03 13:51:00,2842,2844,2840,2841,1917,468286,469101
2026-09-03 13:52:00,2841,2842,2833,2837,3262,469101,469097
2026-09-03 13:53:00,2837,2840,2836,2839,969,469097,469090
2026-09-03 13:54:00,2839,2841,2838,2840,1246,469090,468908
2026-09-03 13:55:00,2840,2843,2839,2840,2094,468908,468593
2026-09-03 13:56:00,2840,2842,2837,2838,937,468593,468842
2026-09-03 13:57:00,2838,2840,2834,2834,1900,468842,469323
2026-09-03 13:58:00,2834,2839,2831,2839,2019,469323,468844
2026-09-03 13:59:00,2839,2842,2838,2839,2989,468844,468184
2026-09-03 14:00:00,2839,2840,2836,2837,1616,468184,467602
2026-09-03 14:01:00,2837,2840,2835,2840,1867,467602,466941
2026-09-03 14:02:00,2840,2841,2837,2838,918,466941,466896
2026-09-03 14:03:00,2838,2842,2838,2841,1143,466896,466490
2026-09-03 14:04:00,2841,2842,2838,2839,1274,466490,466298
2026-09-03 14:05:00,2839,2839,2836,2838,1240,466298,466284
2026-09-03 14:06:00,2838,2842,2838,2841,1119,466284,466425
2026-09-03 14:07:00,2841,2842,2840,2841,419,466425,466361
2026-09-03 14:08:00,2841,2842,2836,2836,1516,466361,466642
2026-09-03 14:09:00,2836,2839,2833,2835,1625,466642,467029
2026-09-03 14:10:00,2835,2840,2834,2836,1015,467029,467010
2026-09-03 14:11:00,2836,2839,2835,2837,484,467010,467095
2026-09-03 14:12:00,2837,2837,2830,2830,1993,467095,467036
2026-09-03 14:13:00,2830,2832,2828,2830,2718,467036,466953
2026-09-03 14:14:00,2830,2834,2830,2834,1589,466953,466681
2026-09-03 14:15:00,2834,2837,2831,2831,2023,466681,466413
2026-09-03 14:16:00,2831,2832,2825,2826,2146,466413,466471
2026-09-03 14:17:00,2826,2829,2825,2827,1694,466471,466758
2026-09-03 14:18:00,2827,2828,2817,2820,5107,466758,466930
2026-09-03 14:19:00,2820,2824,2820,2823,1267,466930,467103
2026-09-03 14:20:00,2823,2825,2823,2825,1033,467103,467217
2026-09-03 14:21:00,2825,2830,2825,2825,1903,467217,467194
2026-09-03 14:22:00,2825,2826,2823,2823,635,467194,467247
2026-09-03 14:23:00,2823,2827,2823,2826,993,467247,467339
2026-09-03 14:24:00,2826,2829,2824,2828,1188,467339,467606
2026-09-03 14:25:00,2828,2832,2828,2829,1144,467606,467786
2026-09-03 14:26:00,2829,2835,2829,2834,1426,467786,467576
2026-09-03 14:27:00,2834,2839,2832,2838,2442,467576,467392
2026-09-03 14:28:00,2838,2838,2835,2837,2108,467392,467755
2026-09-03 14:29:00,2837,2838,2836,2837,680,467755,467886
2026-09-03 14:30:00,2837,2840,2836,2838,1566,467886,467760
2026-09-03 14:31:00,2838,2842,2837,2841,1790,467760,467840
2026-09-03 14:32:00,2841,2843,2838,2839,1389,467840,468263
2026-09-03 14:33:00,2839,2840,2836,2838,760,468263,468466
2026-09-03 14:34:00,2838,2839,2835,2835,835,468466,468596
2026-09-03 14:35:00,2835,2837,2832,2837,1521,468596,468784
2026-09-03 14:36:00,2837,2838,2836,2837,437,468784,468881
2026-09-03 14:37:00,2837,2838,2836,2838,598,468881,469033
2026-09-03 14:38:00,2838,2839,2837,2839,335,469033,469041
2026-09-03 14:39:00,2839,2841,2838,2841,1198,469041,469173
2026-09-03 14:40:00,2841,2841,2838,2840,1133,469173,469049
2026-09-03 14:41:00,2840,2840,2837,2838,589,469049,469054
2026-09-03 14:42:00,2838,2841,2836,2837,824,469054,469036
2026-09-03 14:43:00,2837,2837,2834,2835,492,469036,468935
2026-09-03 14:44:00,2835,2838,2835,2837,835,468935,468654
2026-09-03 14:45:00,2837,2839,2834,2836,837,468654,468589
2026-09-03 14:46:00,2836,2836,2832,2833,1227,468589,468174
2026-09-03 14:47:00,2833,2838,2833,2836,537,468174,468045
2026-09-03 14:48:00,2836,2838,2835,2837,292,468045,467997
2026-09-03 14:49:00,2837,2837,2835,2836,257,467997,467903
2026-09-03 14:50:00,2836,2840,2836,2838,853,467903,467898
2026-09-03 14:51:00,2838,2839,2837,2838,592,467898,468038
2026-09-03 14:52:00,2838,2840,2838,2839,753,468038,468244
2026-09-03 14:53:00,2839,2842,2838,2841,1204,468244,468445
2026-09-03 14:54:00,2841,2842,2839,2840,425,468445,468427
2026-09-03 14:55:00,2840,2840,2838,2838,635,468427,468404
2026-09-03 14:56:00,2838,2840,2838,2839,581,468404,468212
2026-09-03 14:57:00,2839,2840,2838,2839,561,468212,468068
2026-09-03 14:58:00,2839,2841,2838,2839,1595,468068,468062
2026-09-03 14:59:00,2839,2840,2838,2840,1231,468062,467860
2026-09-03 21:00:00,2873,2877,2864,2866,12657,467860,468351
2026-09-03 21:01:00,2866,2868,2862,2864,6447,468351,469894
2026-09-03 21:02:00,2864,2866,2863,2865,3720,469894,470759
2026-09-03 21:03:00,2865,2866,2860,2861,3556,470759,472000
2026-09-03 21:04:00,2861,2864,2858,2864,2743,472000,471940
2026-09-03 21:05:00,2864,2864,2860,2860,2146,471940,472188
2026-09-03 21:06:00,2860,2864,2859,2861,1799,472188,472188
2026-09-03 21:07:00,2861,2863,2859,2861,1322,472188,472420
2026-09-03 21:08:00,2861,2863,2859,2863,1004,472420,472495
2026-09-03 21:09:00,2863,2865,2861,2862,1607,472495,472424
2026-09-03 21:10:00,2862,2864,2860,2862,2009,472424,472092
2026-09-03 21:11:00,2862,2863,2858,2858,1410,472092,472171
2026-09-03 21:12:00,2858,2861,2856,2859,2919,472171,471983
2026-09-03 21:13:00,2859,2862,2858,2861,1812,471983,472059
2026-09-03 21:14:00,2861,2863,2859,2861,2032,472059,471683
2026-09-03 21:15:00,2861,2869,2861,2867,3675,471683,471798
2026-09-03 21:16:00,2867,2870,2866,2869,2364,471798,472272
2026-09-03 21:17:00,2869,2871,2868,2869,1952,472272,472491
2026-09-03 21:18:00,2869,2875,2869,2874,2419,472491,472477
2026-09-03 21:19:00,2874,2881,2873,2880,4688,472477,471636
2026-09-03 21:20:00,2880,2882,2879,2881,1983,471636,471857
2026-09-03 21:21:00,2881,2885,2878,2883,2823,471857,472711
2026-09-03 21:22:00,2883,2893,2882,2891,6743,472711,473172
2026-09-03 21:23:00,2891,2897,2888,2895,6187,473172,472731
2026-09-03 21:24:00,2895,2904,2893,2898,7266,472731,473300
2026-09-03 21:25:00,2898,2906,2898,2905,4961,473300,473610
2026-09-03 21:26:00,2905,2907,2902,2905,3276,473610,473878
2026-09-03 21:27:00,2905,2905,2899,2899,2013,473878,473776
2026-09-03 21:28:00,2899,2902,2897,2900,2471,473776,474073
2026-09-03 21:29:00,2900,2903,2898,2901,3095,474073,473793
2026-09-03 21:30:00,2901,2903,2899,2901,1559,473793,473862
2026-09-03 21:31:00,2901,2904,2894,2896,2381,473862,473959
2026-09-03 21:32:00,2896,2897,2894,2895,1609,473959,474341
2026-09-03 21:33:00,2895,2898,2894,2896,1465,474341,474609
2026-09-03 21:34:00,2896,2899,2894,2895,1591,474609,474866
2026-09-03 21:35:00,2895,2895,2889,2891,2378,474866,474653
2026-09-03 21:36:00,2891,2892,2889,2889,1036,474653,474651
2026-09-03 21:37:00,2889,2890,2884,2885,2896,474651,474071
2026-09-03 21:38:00,2885,2889,2885,2889,1398,474071,474096
2026-09-03 21:39:00,2889,2892,2889,2889,1282,474096,473965
2026-09-03 21:40:00,2889,2894,2889,2893,1282,473965,473987
2026-09-03 21:41:00,2893,2894,2891,2893,774,473987,474004
2026-09-03 21:42:00,2893,2894,2891,2894,924,474004,474191
2026-09-03 21:43:00,2894,2895,2892,2892,1335,474191,474300
2026-09-03 21:44:00,2892,2895,2891,2893,768,474300,474461
2026-09-03 21:45:00,2893,2895,2893,2894,435,474461,474369
2026-09-03 21:46:00,2894,2897,2894,2896,1788,474369,474442
2026-09-03 21:47:00,2896,2898,2895,2897,916,474442,474350
2026-09-03 21:48:00,2897,2897,2895,2896,650,474350,474426
2026-09-03 21:49:00,2896,2899,2896,2898,817,474426,474303
2026-09-03 21:50:00,2898,2899,2897,2897,468,474303,474269
2026-09-03 21:51:00,2897,2898,2892,2892,734,474269,474293
2026-09-03 21:52:00,2892,2893,2888,2888,1884,474293,474144
2026-09-03 21:53:00,2888,2890,2887,2889,1056,474144,474130
2026-09-03 21:54:00,2889,2891,2889,2890,699,474130,473986
2026-09-03 21:55:00,2890,2893,2888,2890,953,473986,473968
2026-09-03 21:56:00,2890,2890,2888,2890,487,473968,473909
2026-09-03 21:57:00,2890,2891,2888,2889,359,473909,473840
2026-09-03 21:58:00,2889,2890,2887,2888,620,473840,473875
2026-09-03 21:59:00,2888,2890,2887,2889,1270,473875,474082
2026-09-03 22:00:00,2889,2890,2886,2887,560,474082,474107
2026-09-03 22:01:00,2887,2889,2883,2888,1772,474107,474081
2026-09-03 22:02:00,2888,2889,2886,2888,727,474081,474204
2026-09-03 22:03:00,2888,2889,2885,2888,759,474204,474174
2026-09-03 22:04:00,2888,2894,2888,2893,1746,474174,474109
2026-09-03 22:05:00,2893,2894,2891,2891,953,474109,474428
2026-09-03 22:06:00,2891,2891,2888,2888,1003,474428,474673
2026-09-03 22:07:00,2888,2889,2884,2887,1812,474673,474774
2026-09-03 22:08:00,2887,2890,2885,2889,1769,474774,474931
2026-09-03 22:09:00,2889,2894,2887,2891,1699,474931,475189
2026-09-03 22:10:00,2891,2892,2889,2889,511,475189,475131
2026-09-03 22:11:00,2889,2890,2887,2889,569,475131,475138
2026-09-03 22:12:00,2889,2891,2888,2891,515,475138,475206
2026-09-03 22:13:00,2891,2891,2889,2891,587,475206,475289
2026-09-03 22:14:00,2891,2892,2890,2891,282,475289,475358
2026-09-03 22:15:00,2891,2892,2890,2891,620,475358,475346
2026-09-03 22:16:00,2891,2894,2891,2892,462,475346,475262
2026-09-03 22:17:00,2892,2894,2891,2893,605,475262,475174
2026-09-03 22:18:00,2893,2895,2892,2893,789,475174,475177
2026-09-03 22:19:00,2893,2894,2891,2893,500,475177,475081
2026-09-03 22:20:00,2893,2894,2892,2892,289,475081,475152
2026-09-03 22:21:00,2892,2895,2892,2894,695,475152,474977
2026-09-03 22:22:00,2894,2897,2893,2895,1028,474977,475143
2026-09-03 22:23:00,2895,2896,2894,2895,447,475143,475216
2026-09-03 22:24:00,2895,2896,2892,2895,692,475216,475307
2026-09-03 22:25:00,2895,2897,2894,2895,1256,475307,475044
2026-09-03 22:26:00,2895,2896,2893,2896,662,475044,475166
2026-09-03 22:27:00,2896,2897,2895,2896,574,475166,475113
2026-09-03 22:28:00,2896,2899,2896,2899,1367,475113,474785
2026-09-03 22:29:00,2899,2899,2891,2893,1053,474785,474608
2026-09-03 22:30:00,2893,2897,2893,2895,603,474608,474814
2026-09-03 22:31:00,2895,2896,2894,2895,263,474814,474821
2026-09-03 22:32:00,2895,2898,2895,2897,476,474821,474739
2026-09-03 22:33:00,2897,2900,2897,2900,776,474739,474755
2026-09-03 22:34:00,2900,2903,2899,2901,1996,474755,475058
2026-09-03 22:35:00,2901,2903,2901,2901,704,475058,475078
2026-09-03 22:36:00,2901,2903,2900,2902,1233,475078,475215
2026-09-03 22:37:00,2902,2902,2900,2900,352,475215,475125
2026-09-03 22:38:00,2900,2901,2898,2900,614,475125,475128
2026-09-03 22:39:00,2900,2901,2899,2900,666,475128,475096
2026-09-03 22:40:00,2900,2901,2899,2900,1003,475096,474891
2026-09-03 22:41:00,2900,2901,2898,2899,639,474891,474709
2026-09-03 22:42:00,2899,2900,2898,2899,605,474709,474559
2026-09-03 22:43:00,2899,2900,2898,2899,216,474559,474627
2026-09-03 22:44:00,2899,2899,2896,2897,740,474627,474353
2026-09-03 22:45:00,2897,2899,2896,2897,548,474353,474408
2026-09-03 22:46:00,2897,2901,2897,2899,539,474408,474437
2026-09-03 22:47:00,2899,2899,2897,2897,328,474437,474536
2026-09-03 22:48:00,2897,2899,2895,2898,528,474536,474451
2026-09-03 22:49:00,2898,2899,2898,2899,657,474451,474595
2026-09-03 22:50:00,2899,2899,2897,2897,335,474595,474572
2026-09-03 22:51:00,2897,2898,2896,2898,419,474572,474471
2026-09-03 22:52:00,2898,2899,2897,2898,341,474471,474503
2026-09-03 22:53:00,2898,2899,2897,2897,191,474503,474487
2026-09-03 22:54:00,2897,2899,2897,2898,186,474487,474481
2026-09-03 22:55:00,2898,2899,2896,2897,737,474481,474395
2026-09-03 22:56:00,2897,2900,2897,2899,839,474395,474505
2026-09-03 22:57:00,2899,2900,2898,2899,372,474505,474412
2026-09-03 22:58:00,2899,2900,2897,2898,984,474412,474180
2026-09-03 22:59:00,2898,2899,2897,2899,1677,474180,473641
2026-09-04 09:00:00,2899,2899,2874,2881,6100,473641,472830
2026-09-04 09:01:00,2881,2890,2879,2889,3094,472830,472414
2026-09-04 09:02:00,2889,2893,2887,2893,2480,472414,472531
2026-09-04 09:03:00,2893,2895,2891,2894,1513,472531,472489
2026-09-04 09:04:00,2894,2894,2887,2888,1948,472489,472658
2026-09-04 09:05:00,2888,2893,2888,2892,641,472658,472731
2026-09-04 09:06:00,2892,2895,2891,2894,1270,472731,472931
2026-09-04 09:07:00,2894,2894,2891,2892,533,472931,472875
2026-09-04 09:08:00,2892,2894,2890,2890,655,472875,472855
2026-09-04 09:09:00,2890,2892,2887,2890,1117,472855,472833
2026-09-04 09:10:00,2890,2892,2888,2890,468,472833,472956
2026-09-04 09:11:00,2890,2891,2888,2890,690,472956,473017
2026-09-04 09:12:00,2890,2892,2889,2890,1044,473017,472808
2026-09-04 09:13:00,2890,2893,2890,2892,625,472808,472898
2026-09-04 09:14:00,2892,2893,2889,2890,387,472898,472908
2026-09-04 09:15:00,2890,2892,2890,2891,356,472908,472866
2026-09-04 09:16:00,2891,2900,2891,2900,1788,472866,473012
2026-09-04 09:17:00,2900,2900,2896,2896,650,473012,473089
2026-09-04 09:18:00,2896,2897,2894,2895,329,473089,473067
2026-09-04 09:19:00,2895,2899,2894,2898,627,473067,473105
2026-09-04 09:20:00,2898,2899,2896,2898,621,473105,473310
2026-09-04 09:21:00,2898,2899,2895,2897,582,473310,473401
2026-09-04 09:22:00,2897,2897,2893,2895,737,473401,473508
2026-09-04 09:23:00,2895,2899,2895,2897,1426,473508,473779
2026-09-04 09:24:00,2897,2898,2896,2898,632,473779,473721
2026-09-04 09:25:00,2898,2900,2898,2899,765,473721,473628
2026-09-04 09:26:00,2899,2900,2897,2898,769,473628,473470
2026-09-04 09:27:00,2898,2899,2893,2894,624,473470,473388
2026-09-04 09:28:00,2894,2896,2893,2895,568,473388,473201
2026-09-04 09:29:00,2895,2896,2893,2894,343,473201,473296
2026-09-04 09:30:00,2894,2895,2892,2892,1049,473296,473463
2026-09-04 09:31:00,2892,2895,2891,2894,461,473463,473542
2026-09-04 09:32:00,2894,2897,2893,2895,496,473542,473617
2026-09-04 09:33:00,2895,2898,2894,2898,635,473617,473848
2026-09-04 09:34:00,2898,2901,2898,2900,1136,473848,474139
2026-09-04 09:35:00,2900,2900,2897,2898,988,474139,474350
2026-09-04 09:36:00,2898,2898,2895,2897,254,474350,474414
2026-09-04 09:37:00,2897,2899,2896,2899,551,474414,474613
2026-09-04 09:38:00,2899,2900,2898,2898,214,474613,474633
2026-09-04 09:39:00,2898,2902,2897,2900,1073,474633,474594
2026-09-04 09:40:00,2900,2902,2898,2901,827,474594,474916
2026-09-04 09:41:00,2901,2904,2901,2903,996,474916,474941
2026-09-04 09:42:00,2903,2903,2900,2901,745,474941,474758
2026-09-04 09:43:00,2901,2901,2898,2900,734,474758,474837
2026-09-04 09:44:00,2900,2903,2899,2901,1402,474837,474561
2026-09-04 09:45:00,2901,2906,2901,2902,2615,474561,474627
2026-09-04 09:46:00,2902,2904,2901,2903,697,474627,474727
2026-09-04 09:47:00,2903,2908,2903,2906,1749,474727,474763
2026-09-04 09:48:00,2906,2915,2906,2913,3615,474763,475183
2026-09-04 09:49:00,2913,2917,2912,2914,3405,475183,475487
2026-09-04 09:50:00,2914,2919,2914,2917,3025,475487,475159
2026-09-04 09:51:00,2917,2918,2911,2918,2530,475159,475421
2026-09-04 09:52:00,2918,2918,2911,2912,1446,475421,475829
2026-09-04 09:53:00,2912,2917,2912,2915,806,475829,476148
2026-09-04 09:54:00,2915,2918,2914,2916,1389,476148,476310
2026-09-04 09:55:00,2916,2919,2915,2917,1333,476310,476429
2026-09-04 09:56:00,2917,2918,2915,2918,1202,476429,476625
2026-09-04 09:57:00,2918,2918,2915,2915,751,476625,476849
2026-09-04 09:58:00,2915,2915,2911,2913,1769,476849,476845
2026-09-04 09:59:00,2913,2916,2912,2915,871,476845,477080
2026-09-04 10:00:00,2915,2922,2913,2922,2712,477080,477718
2026-09-04 10:01:00,2922,2923,2918,2918,1673,477718,478378
2026-09-04 10:02:00,2918,2920,2916,2916,804,478378,478396
2026-09-04 10:03:00,2916,2919,2914,2919,754,478396,478561
2026-09-04 10:04:00,2919,2919,2917,2918,1329,478561,478928
2026-09-04 10:05:00,2918,2918,2915,2915,1146,478928,478573
2026-09-04 10:06:00,2915,2916,2912,2916,1117,478573,478455
2026-09-04 10:07:00,2916,2918,2914,2916,1229,478455,478757
2026-09-04 10:08:00,2916,2919,2915,2917,828,478757,478917
2026-09-04 10:09:00,2917,2918,2915,2916,945,478917,478957
2026-09-04 10:10:00,2916,2918,2915,2918,627,478957,479028
2026-09-04 10:11:00,2918,2918,2914,2917,616,479028,478991
2026-09-04 10:12:00,2917,2918,2915,2917,461,478991,478996
2026-09-04 10:13:00,2917,2917,2914,2915,420,478996,478870
2026-09-04 10:14:00,2915,2917,2914,2916,1362,478870,478381
2026-09-04 10:30:00,2912,2912,2905,2907,2836,478381,478293
2026-09-04 10:31:00,2907,2907,2900,2904,2231,478293,477901
2026-09-04 10:32:00,2904,2909,2904,2909,1254,477901,477848
2026-09-04 10:33:00,2909,2910,2906,2909,609,477848,477954
2026-09-04 10:34:00,2909,2910,2906,2909,997,477954,477952
2026-09-04 10:35:00,2909,2913,2907,2913,1731,477952,478409
2026-09-04 10:36:00,2913,2916,2911,2913,1110,478409,478566
2026-09-04 10:37:00,2913,2913,2910,2911,526,478566,478606
2026-09-04 10:38:00,2911,2912,2910,2912,342,478606,478657
2026-09-04 10:39:00,2912,2912,2908,2910,720,478657,478689
2026-09-04 10:40:00,2910,2911,2906,2908,660,478689,478696
2026-09-04 10:41:00,2908,2910,2907,2909,568,478696,478697
2026-09-04 10:42:00,2909,2913,2909,2911,705,478697,478699
2026-09-04 10:43:00,2911,2914,2910,2913,391,478699,478630
2026-09-04 10:44:00,2913,2919,2912,2918,1391,478630,478661
2026-09-04 10:45:00,2918,2919,2916,2918,820,478661,478577
2026-09-04 10:46:00,2918,2919,2916,2918,418,478577,478498
2026-09-04 10:47:00,2918,2920,2916,2916,1091,478498,478650
2026-09-04 10:48:00,2916,2917,2913,2914,657,478650,478734
2026-09-04 10:49:00,2914,2915,2910,2912,868,478734,478906
2026-09-04 10:50:00,2912,2913,2910,2910,701,478906,479018
2026-09-04 10:51:00,2910,2913,2910,2912,432,479018,479006
2026-09-04 10:52:00,2912,2915,2912,2915,775,479006,478874
2026-09-04 10:53:00,2915,2916,2914,2914,480,478874,478819
2026-09-04 10:54:00,2914,2915,2912,2915,576,478819,478830
2026-09-04 10:55:00,2915,2916,2913,2915,339,478830,478889
2026-09-04 10:56:00,2915,2916,2914,2915,351,478889,478915
2026-09-04 10:57:00,2915,2915,2912,2912,464,478915,479042
2026-09-04 10:58:00,2912,2913,2911,2912,432,479042,478949
2026-09-04 10:59:00,2912,2915,2911,2914,424,478949,478894
2026-09-04 11:00:00,2914,2914,2911,2911,347,478894,478832
2026-09-04 11:01:00,2911,2913,2910,2912,466,478832,478911
2026-09-04 11:02:00,2912,2912,2908,2909,625,478911,478986
2026-09-04 11:03:00,2909,2909,2904,2904,1226,478986,478900
2026-09-04 11:04:00,2904,2906,2903,2904,1323,478900,478697
2026-09-04 11:05:00,2904,2905,2896,2900,2093,478697,478606
2026-09-04 11:06:00,2900,2901,2897,2900,1069,478606,478563
2026-09-04 11:07:00,2900,2902,2898,2901,875,478563,478583
2026-09-04 11:08:00,2901,2905,2900,2905,626,478583,478594
2026-09-04 11:09:00,2905,2905,2901,2902,451,478594,478667
2026-09-04 11:10:00,2902,2908,2902,2906,767,478667,478720
2026-09-04 11:11:00,2906,2906,2902,2904,437,478720,478787
2026-09-04 11:12:00,2904,2905,2903,2904,316,478787,478790
2026-09-04 11:13:00,2904,2905,2902,2903,987,478790,478607
2026-09-04 11:14:00,2903,2904,2900,2902,877,478607,478634
2026-09-04 11:15:00,2902,2904,2900,2904,748,478634,478560
2026-09-04 11:16:00,2904,2907,2904,2905,1053,478560,478933
2026-09-04 11:17:00,2905,2905,2903,2904,323,478933,478940
2026-09-04 11:18:00,2904,2907,2904,2906,459,478940,478979
2026-09-04 11:19:00,2906,2909,2905,2906,774,478979,478872
2026-09-04 11:20:00,2906,2907,2904,2906,593,478872,478938
2026-09-04 11:21:00,2906,2906,2904,2905,169,478938,478938
2026-09-04 11:22:00,2905,2908,2905,2907,437,478938,478883
2026-09-04 11:23:00,2907,2908,2906,2908,202,478883,478880
2026-09-04 11:24:00,2908,2910,2906,2908,907,478880,478632
2026-09-04 11:25:00,2908,2909,2907,2908,173,478632,478630
2026-09-04 11:26:00,2908,2908,2905,2907,408,478630,478702
2026-09-04 11:27:00,2907,2909,2906,2909,1016,478702,478629
2026-09-04 11:28:00,2909,2909,2907,2908,585,478629,478823
2026-09-04 11:29:00,2908,2909,2906,2907,619,478823,478621
2026-09-04 13:30:00,2896,2905,2896,2903,4532,478621,479084
2026-09-04 13:31:00,2903,2903,2900,2903,1470,479084,478791
2026-09-04 13:32:00,2903,2905,2902,2903,1469,478791,478306
2026-09-04 13:33:00,2903,2905,2900,2901,2234,478306,478333
2026-09-04 13:34:00,2901,2901,2896,2897,2328,478333,478083
2026-09-04 13:35:00,2897,2898,2893,2894,2084,478083,477897
2026-09-04 13:36:00,2894,2896,2892,2894,1452,477897,477742
2026-09-04 13:37:00,2894,2897,2894,2895,1314,477742,477905
2026-09-04 13:38:00,2895,2897,2894,2896,417,477905,477839
2026-09-04 13:39:00,2896,2897,2891,2893,2084,477839,478116
2026-09-04 13:40:00,2893,2893,2890,2890,1192,478116,478089
2026-09-04 13:41:00,2890,2897,2889,2895,1866,478089,478242
2026-09-04 13:42:00,2895,2899,2895,2897,721,478242,478239
2026-09-04 13:43:00,2897,2901,2897,2899,1551,478239,478517
2026-09-04 13:44:00,2899,2900,2892,2893,1309,478517,478792
2026-09-04 13:45:00,2893,2897,2892,2897,628,478792,478840
2026-09-04 13:46:00,2897,2897,2895,2897,831,478840,478898
2026-09-04 13:47:00,2897,2901,2897,2900,1095,478898,478794
2026-09-04 13:48:00,2900,2902,2897,2902,1796,478794,479225
2026-09-04 13:49:00,2902,2903,2900,2903,736,479225,479159
2026-09-04 13:50:00,2903,2904,2899,2899,1017,479159,479251
2026-09-04 13:51:00,2899,2900,2897,2897,915,479251,479259
2026-09-04 13:52:00,2897,2898,2886,2887,2926,479259,478564
2026-09-04 13:53:00,2887,2887,2879,2882,4824,478564,478431
2026-09-04 13:54:00,2882,2888,2882,2885,2174,478431,478501
2026-09-04 13:55:00,2885,2887,2884,2886,1324,478501,478676
2026-09-04 13:56:00,2886,2887,2881,2881,1304,478676,478635
2026-09-04 13:57:00,2881,2885,2880,2884,1788,478635,478729
2026-09-04 13:58:00,2884,2886,2883,2884,1502,478729,478904
2026-09-04 13:59:00,2884,2887,2884,2884,1346,478904,478807
2026-09-04 14:00:00,2884,2891,2884,2891,1975,478807,478885
2026-09-04 14:01:00,2891,2891,2886,2890,1170,478885,479018
2026-09-04 14:02:00,2890,2893,2888,2892,1947,479018,478944
2026-09-04 14:03:00,2892,2896,2891,2895,1740,478944,478256
2026-09-04 14:04:00,2895,2895,2891,2891,947,478256,478267
2026-09-04 14:05:00,2891,2894,2891,2893,438,478267,478262
2026-09-04 14:06:00,2893,2895,2891,2892,686,478262,478422
2026-09-04 14:07:00,2892,2893,2889,2890,599,478422,478400
2026-09-04 14:08:00,2890,2893,2890,2891,1007,478400,478314
2026-09-04 14:09:00,2891,2892,2889,2892,837,478314,478445
2026-09-04 14:10:00,2892,2892,2889,2890,891,478445,478536
2026-09-04 14:11:00,2890,2893,2889,2893,976,478536,478318
2026-09-04 14:12:00,2893,2894,2891,2894,995,478318,477873
2026-09-04 14:13:00,2894,2896,2893,2895,974,477873,477674
2026-09-04 14:14:00,2895,2897,2893,2897,721,477674,477617
2026-09-04 14:15:00,2897,2897,2895,2896,502,477617,477644
2026-09-04 14:16:00,2896,2896,2893,2894,713,477644,477595
2026-09-04 14:17:00,2894,2895,2892,2894,606,477595,477625
2026-09-04 14:18:00,2894,2897,2893,2897,395,477625,477612
2026-09-04 14:19:00,2897,2897,2895,2896,633,477612,477803
2026-09-04 14:20:00,2896,2896,2892,2893,762,477803,477817
2026-09-04 14:21:00,2893,2893,2890,2890,883,477817,477854
2026-09-04 14:22:00,2890,2894,2890,2893,456,477854,477864
2026-09-04 14:23:00,2893,2895,2892,2893,635,477864,477893
2026-09-04 14:24:00,2893,2894,2892,2894,295,477893,477842
2026-09-04 14:25:00,2894,2897,2894,2895,1134,477842,477910
2026-09-04 14:26:00,2895,2895,2891,2892,573,477910,477921
2026-09-04 14:27:00,2892,2893,2891,2892,502,477921,478005
2026-09-04 14:28:00,2892,2892,2890,2891,784,478005,478110
2026-09-04 14:29:00,2891,2891,2889,2889,778,478110,478227
2026-09-04 14:30:00,2889,2891,2888,2890,1133,478227,478422
2026-09-04 14:31:00,2890,2894,2889,2893,780,478422,478448
2026-09-04 14:32:00,2893,2894,2890,2891,637,478448,478677
2026-09-04 14:33:00,2891,2893,2890,2892,696,478677,478684
2026-09-04 14:34:00,2892,2893,2891,2892,509,478684,478762
2026-09-04 14:35:00,2892,2893,2890,2891,819,478762,478778
2026-09-04 14:36:00,2891,2891,2887,2890,1567,478778,478560
2026-09-04 14:37:00,2890,2893,2890,2893,1073,478560,478390
2026-09-04 14:38:00,2893,2895,2892,2895,945,478390,478473
2026-09-04 14:39:00,2895,2897,2895,2895,1692,478473,477915
2026-09-04 14:40:00,2895,2897,2894,2895,1079,477915,477797
2026-09-04 14:41:00,2895,2895,2893,2894,824,477797,478105
2026-09-04 14:42:00,2894,2895,2892,2894,401,478105,478131
2026-09-04 14:43:00,2894,2896,2893,2894,1180,478131,478478
2026-09-04 14:44:00,2894,2895,2893,2894,358,478478,478528
2026-09-04 14:45:00,2894,2898,2894,2897,1264,478528,478242
2026-09-04 14:46:00,2897,2899,2897,2898,1217,478242,478031
2026-09-04 14:47:00,2898,2900,2897,2899,1070,478031,478222
2026-09-04 14:48:00,2899,2901,2899,2901,1335,478222,478240
2026-09-04 14:49:00,2901,2903,2900,2902,1484,478240,478672
2026-09-04 14:50:00,2902,2904,2900,2900,822,478672,478663
2026-09-04 14:51:00,2900,2903,2900,2902,675,478663,478635
2026-09-04 14:52:00,2902,2902,2901,2902,555,478635,478476
2026-09-04 14:53:00,2902,2904,2902,2903,711,478476,478362
2026-09-04 14:54:00,2903,2904,2903,2903,479,478362,478332
2026-09-04 14:55:00,2903,2905,2903,2904,1314,478332,478391
2026-09-04 14:56:00,2904,2905,2901,2901,859,478391,478201
2026-09-04 14:57:00,2901,2902,2900,2901,902,478201,478163
2026-09-04 14:58:00,2901,2903,2900,2901,1454,478163,477657
2026-09-04 14:59:00,2901,2902,2899,2900,1619,477657,477007
2026-09-04 21:00:00,2877,2890,2877,2888,6978,477007,477140
2026-09-04 21:01:00,2888,2889,2885,2888,3424,477140,476836
2026-09-04 21:02:00,2888,2895,2887,2893,2762,476836,476670
2026-09-04 21:03:00,2893,2896,2889,2891,2138,476670,476566
2026-09-04 21:04:00,2891,2893,2888,2892,1310,476566,476454
2026-09-04 21:05:00,2892,2895,2891,2895,1654,476454,476410
2026-09-04 21:06:00,2895,2902,2895,2898,3008,476410,476491
2026-09-04 21:07:00,2898,2898,2894,2895,1247,476491,476410
2026-09-04 21:08:00,2895,2895,2892,2894,1061,476410,476513
2026-09-04 21:09:00,2894,2895,2892,2893,1223,476513,476472
2026-09-04 21:10:00,2893,2895,2892,2893,1038,476472,476775
2026-09-04 21:11:00,2893,2895,2892,2892,1037,476775,476587
2026-09-04 21:12:00,2892,2894,2890,2894,863,476587,476815
2026-09-04 21:13:00,2894,2896,2893,2895,1180,476815,477020
2026-09-04 21:14:00,2895,2896,2894,2895,1138,477020,477177
2026-09-04 21:15:00,2895,2895,2891,2893,1044,477177,476939
2026-09-04 21:16:00,2893,2894,2890,2893,799,476939,476909
2026-09-04 21:17:00,2893,2899,2893,2897,1158,476909,477278
2026-09-04 21:18:00,2897,2899,2896,2897,1253,477278,476968
2026-09-04 21:19:00,2897,2899,2895,2895,918,476968,476593
2026-09-04 21:20:00,2895,2898,2893,2898,903,476593,476883
2026-09-04 21:21:00,2898,2898,2897,2897,508,476883,476783
2026-09-04 21:22:00,2897,2899,2896,2899,698,476783,476827
2026-09-04 21:23:00,2899,2900,2898,2899,387,476827,476863
2026-09-04 21:24:00,2899,2899,2897,2899,660,476863,476919
2026-09-04 21:25:00,2899,2900,2897,2897,727,476919,477058
2026-09-04 21:26:00,2897,2900,2897,2900,654,477058,477124
2026-09-04 21:27:00,2900,2902,2900,2901,702,477124,477272
2026-09-04 21:28:00,2901,2901,2898,2901,645,477272,477376
2026-09-04 21:29:00,2901,2901,2898,2900,545,477376,477296
2026-09-04 21:30:00,2900,2902,2898,2899,872,477296,477167
2026-09-04 21:31:00,2899,2900,2898,2900,304,477167,477191
2026-09-04 21:32:00,2900,2901,2899,2900,308,477191,477144
2026-09-04 21:33:00,2900,2900,2897,2898,794,477144,477374
2026-09-04 21:34:00,2898,2898,2892,2892,1584,477374,477336
2026-09-04 21:35:00,2892,2892,2888,2889,1964,477336,477647
2026-09-04 21:36:00,2889,2889,2880,2880,4610,477647,477769
2026-09-04 21:37:00,2880,2880,2870,2871,4783,477769,476767
2026-09-04 21:38:00,2871,2874,2870,2873,2508,476767,476786
2026-09-04 21:39:00,2873,2873,2866,2867,3717,476786,476213
2026-09-04 21:40:00,2867,2868,2859,2864,4835,476213,475260
2026-09-04 21:41:00,2864,2867,2863,2866,2683,475260,474919
2026-09-04 21:42:00,2866,2867,2860,2861,2691,474919,474593
2026-09-04 21:43:00,2861,2865,2861,2863,1875,474593,474304
2026-09-04 21:44:00,2863,2869,2862,2865,2410,474304,474053
2026-09-04 21:45:00,2865,2869,2864,2868,1374,474053,473898
2026-09-04 21:46:00,2868,2870,2864,2866,1899,473898,473638
2026-09-04 21:47:00,2866,2868,2864,2868,1006,473638,473452
2026-09-04 21:48:00,2868,2868,2863,2865,1461,473452,473364
2026-09-04 21:49:00,2865,2866,2860,2863,2921,473364,473190
2026-09-04 21:50:00,2863,2864,2861,2863,1124,473190,473196
2026-09-04 21:51:00,2863,2865,2862,2862,1168,473196,473288
2026-09-04 21:52:00,2862,2864,2861,2863,929,473288,473252
2026-09-04 21:53:00,2863,2864,2858,2859,1989,473252,473023
2026-09-04 21:54:00,2859,2860,2855,2858,2983,473023,472579
2026-09-04 21:55:00,2858,2861,2857,2860,1490,472579,472318
2026-09-04 21:56:00,2860,2862,2860,2860,901,472318,472206
2026-09-04 21:57:00,2860,2862,2858,2861,1044,472206,472092
2026-09-04 21:58:00,2861,2864,2860,2863,1075,472092,471897
2026-09-04 21:59:00,2863,2865,2861,2864,1197,471897,471967
2026-09-04 22:00:00,2864,2873,2863,2871,3001,471967,471252
2026-09-04 22:01:00,2871,2875,2871,2872,2208,471252,471088
2026-09-04 22:02:00,2872,2872,2868,2869,1564,471088,471404
2026-09-04 22:03:00,2869,2871,2868,2869,1205,471404,471611
2026-09-04 22:04:00,2869,2870,2866,2867,2199,471611,472249
2026-09-04 22:05:00,2867,2867,2863,2865,1593,472249,472220
2026-09-04 22:06:00,2865,2866,2860,2860,1584,472220,472522
2026-09-04 22:07:00,2860,2861,2856,2858,2148,472522,472729
2026-09-04 22:08:00,2858,2861,2857,2859,1607,472729,473041
2026-09-04 22:09:00,2859,2862,2859,2861,1539,473041,473279
2026-09-04 22:10:00,2861,2861,2858,2859,1238,473279,473583
2026-09-04 22:11:00,2859,2859,2856,2857,1878,473583,474026
2026-09-04 22:12:00,2857,2858,2855,2857,1732,474026,474277
2026-09-04 22:13:00,2857,2858,2856,2856,1076,474277,474704
2026-09-04 22:14:00,2856,2856,2853,2855,1756,474704,474903
2026-09-04 22:15:00,2855,2860,2855,2860,1345,474903,474905
2026-09-04 22:16:00,2860,2864,2860,2863,1598,474905,475250
2026-09-04 22:17:00,2863,2864,2862,2862,574,475250,475101
2026-09-04 22:18:00,2862,2865,2862,2864,472,475101,475030
2026-09-04 22:19:00,2864,2865,2862,2864,783,475030,475009
2026-09-04 22:20:00,2864,2866,2864,2866,989,475009,474965
2026-09-04 22:21:00,2866,2866,2864,2865,538,474965,474807
2026-09-04 22:22:00,2865,2869,2864,2868,1246,474807,474478
2026-09-04 22:23:00,2868,2869,2865,2868,578,474478,474539
2026-09-04 22:24:00,2868,2868,2865,2867,512,474539,474436
2026-09-04 22:25:00,2867,2869,2865,2869,516,474436,474586
2026-09-04 22:26:00,2869,2871,2867,2871,1110,474586,474629
2026-09-04 22:27:00,2871,2871,2867,2868,797,474629,474679
2026-09-04 22:28:00,2868,2869,2866,2869,592,474679,474656
2026-09-04 22:29:00,2869,2870,2867,2869,653,474656,474406
2026-09-04 22:30:00,2869,2873,2868,2872,2355,474406,473775
2026-09-04 22:31:00,2872,2874,2871,2873,923,473775,473730
2026-09-04 22:32:00,2873,2874,2872,2874,858,473730,473694
2026-09-04 22:33:00,2874,2876,2874,2875,1605,473694,473292
2026-09-04 22:34:00,2875,2878,2874,2875,1470,473292,473141
2026-09-04 22:35:00,2875,2876,2873,2874,915,473141,473062
2026-09-04 22:36:00,2874,2881,2874,2880,2523,473062,472709
2026-09-04 22:37:00,2880,2882,2879,2881,1039,472709,472835
2026-09-04 22:38:00,2881,2883,2881,2882,1336,472835,472754
2026-09-04 22:39:00,2882,2882,2877,2877,1724,472754,472847
2026-09-04 22:40:00,2877,2879,2876,2878,749,472847,472930
2026-09-04 22:41:00,2878,2880,2878,2878,2049,472930,474037
2026-09-04 22:42:00,2878,2880,2877,2880,513,474037,474019
2026-09-04 22:43:00,2880,2880,2879,2879,792,474019,474154
2026-09-04 22:44:00,2879,2880,2876,2878,897,474154,474086
2026-09-04 22:45:00,2878,2879,2875,2879,794,474086,473954
2026-09-04 22:46:00,2879,2880,2878,2879,473,473954,474033
2026-09-04 22:47:00,2879,2882,2879,2882,576,474033,474122
2026-09-04 22:48:00,2882,2883,2879,2880,994,474122,473935
2026-09-04 22:49:00,2880,2881,2879,2879,332,473935,473982
2026-09-04 22:50:00,2879,2880,2878,2878,520,473982,473946
2026-09-04 22:51:00,2878,2884,2878,2884,815,473946,473913
2026-09-04 22:52:00,2884,2885,2882,2884,562,473913,473917
2026-09-04 22:53:00,2884,2887,2884,2886,1444,473917,473934
2026-09-04 22:54:00,2886,2888,2885,2887,792,473934,473910
2026-09-04 22:55:00,2887,2888,2885,2886,654,473910,473879
2026-09-04 22:56:00,2886,2887,2885,2886,706,473879,473872
2026-09-04 22:57:00,2886,2887,2885,2886,490,473872,473711
2026-09-04 22:58:00,2886,2888,2885,2887,959,473711,473531
2026-09-04 22:59:00,2887,2891,2886,2890,2323,473531,472839
2026-09-07 09:00:00,2890,2917,2890,2903,14540,472839,474243
2026-09-07 09:01:00,2903,2906,2893,2893,4492,474243,474838
2026-09-07 09:02:00,2893,2895,2889,2894,3177,474838,475452
2026-09-07 09:03:00,2894,2898,2894,2896,2495,475452,475790
2026-09-07 09:04:00,2896,2897,2889,2890,3045,475790,476703
2026-09-07 09:05:00,2890,2893,2887,2888,2402,476703,476717
2026-09-07 09:06:00,2888,2893,2886,2888,2210,476717,476930
2026-09-07 09:07:00,2888,2889,2882,2882,1710,476930,477172
2026-09-07 09:08:00,2882,2888,2882,2888,1815,477172,477233
2026-09-07 09:09:00,2888,2892,2886,2891,1735,477233,477278
2026-09-07 09:10:00,2891,2892,2888,2891,1468,477278,477435
2026-09-07 09:11:00,2891,2896,2891,2894,1998,477435,477527
2026-09-07 09:12:00,2894,2896,2892,2893,1654,477527,477763
2026-09-07 09:13:00,2893,2898,2893,2896,1424,477763,477817
2026-09-07 09:14:00,2896,2898,2893,2895,1480,477817,478122
2026-09-07 09:15:00,2895,2899,2894,2896,1250,478122,478212
2026-09-07 09:16:00,2896,2897,2894,2895,1132,478212,478326
2026-09-07 09:17:00,2895,2897,2893,2894,1007,478326,478354
2026-09-07 09:18:00,2894,2902,2894,2900,2857,478354,478639
2026-09-07 09:19:00,2900,2902,2897,2901,2636,478639,478053
2026-09-07 09:20:00,2901,2907,2900,2904,4627,478053,477020
2026-09-07 09:21:00,2904,2906,2899,2899,2439,477020,477109
2026-09-07 09:22:00,2899,2902,2897,2898,1645,477109,476826
2026-09-07 09:23:00,2898,2902,2897,2902,1381,476826,477249
2026-09-07 09:24:00,2902,2909,2902,2906,2230,477249,476955
2026-09-07 09:25:00,2906,2908,2903,2905,1433,476955,477592
2026-09-07 09:26:00,2905,2909,2903,2907,824,477592,477737
2026-09-07 09:27:00,2907,2910,2907,2908,1916,477737,477900
2026-09-07 09:28:00,2908,2912,2907,2911,3749,477900,477317
2026-09-07 09:29:00,2911,2915,2911,2914,3948,477317,477156
2026-09-07 09:30:00,2914,2915,2906,2908,3960,477156,477923
2026-09-07 09:31:00,2908,2911,2905,2910,1221,477923,477940
2026-09-07 09:32:00,2910,2911,2908,2909,584,477940,478134
2026-09-07 09:33:00,2909,2910,2907,2908,498,478134,478148
2026-09-07 09:34:00,2908,2909,2906,2908,1169,478148,478370
2026-09-07 09:35:00,2908,2912,2906,2912,1960,478370,478359
2026-09-07 09:36:00,2912,2913,2905,2907,3332,478359,478617
2026-09-07 09:37:00,2907,2908,2903,2907,1913,478617,478623
2026-09-07 09:38:00,2907,2908,2902,2902,1496,478623,479145
2026-09-07 09:39:00,2902,2907,2901,2907,654,479145,479062
2026-09-07 09:40:00,2907,2909,2905,2908,1154,479062,479061
2026-09-07 09:41:00,2908,2911,2907,2909,879,479061,479227
2026-09-07 09:42:00,2909,2910,2904,2905,914,479227,479286
2026-09-07 09:43:00,2905,2907,2905,2905,966,479286,479074
2026-09-07 09:44:00,2905,2906,2901,2902,693,479074,479126
2026-09-07 09:45:00,2902,2905,2901,2905,1245,479126,478910
2026-09-07 09:46:00,2905,2908,2904,2905,1372,478910,478602
2026-09-07 09:47:00,2905,2906,2899,2899,1090,478602,478307
2026-09-07 09:48:00,2899,2900,2896,2897,2049,478307,477968
2026-09-07 09:49:00,2897,2897,2894,2894,1845,477968,477920
2026-09-07 09:50:00,2894,2895,2889,2892,2554,477920,477511
2026-09-07 09:51:00,2892,2894,2890,2893,1338,477511,477450
2026-09-07 09:52:00,2893,2897,2893,2897,761,477450,477536
2026-09-07 09:53:00,2897,2898,2895,2896,882,477536,477668
2026-09-07 09:54:00,2896,2896,2891,2892,1078,477668,477507
2026-09-07 09:55:00,2892,2893,2889,2892,1434,477507,477571
2026-09-07 09:56:00,2892,2900,2891,2899,2115,477571,478169
2026-09-07 09:57:00,2899,2902,2897,2900,1522,478169,478426
2026-09-07 09:58:00,2900,2902,2899,2900,1110,478426,478515
2026-09-07 09:59:00,2900,2900,2894,2896,908,478515,478542
2026-09-07 10:00:00,2896,2900,2895,2898,638,478542,478720
2026-09-07 10:01:00,2898,2900,2898,2899,728,478720,478808
2026-09-07 10:02:00,2899,2902,2898,2901,528,478808,478854
2026-09-07 10:03:00,2901,2903,2899,2901,823,478854,478755
2026-09-07 10:04:00,2901,2901,2895,2895,637,478755,478761
2026-09-07 10:05:00,2895,2899,2895,2895,881,478761,478587
2026-09-07 10:06:00,2895,2898,2895,2896,462,478587,478574
2026-09-07 10:07:00,2896,2900,2895,2897,863,478574,478792
2026-09-07 10:08:00,2897,2897,2895,2896,739,478792,478434
2026-09-07 10:09:00,2896,2896,2894,2894,639,478434,478335
2026-09-07 10:10:00,2894,2896,2891,2891,800,478335,478432
2026-09-07 10:11:00,2891,2895,2890,2895,838,478432,478178
2026-09-07 10:12:00,2895,2895,2892,2895,683,478178,478233
2026-09-07 10:13:00,2895,2897,2894,2895,725,478233,478229
2026-09-07 10:14:00,2895,2899,2894,2898,888,478229,478044
2026-09-07 10:30:00,2894,2894,2886,2887,3360,478044,477927
2026-09-07 10:31:00,2887,2892,2887,2892,1339,477927,477830
2026-09-07 10:32:00,2892,2896,2891,2895,1583,477830,478106
2026-09-07 10:33:00,2895,2898,2892,2896,1016,478106,478270
2026-09-07 10:34:00,2896,2900,2895,2899,1025,478270,478355
2026-09-07 10:35:00,2899,2903,2898,2902,1226,478355,478441
2026-09-07 10:36:00,2902,2903,2901,2902,839,478441,478660
2026-09-07 10:37:00,2902,2902,2899,2900,895,478660,479018
2026-09-07 10:38:00,2900,2904,2900,2903,1182,479018,478986
2026-09-07 10:39:00,2903,2907,2902,2907,1501,478986,479001
2026-09-07 10:40:00,2907,2907,2904,2906,902,479001,479032
2026-09-07 10:41:00,2906,2907,2903,2903,701,479032,479180
2026-09-07 10:42:00,2903,2906,2902,2905,634,479180,479328
2026-09-07 10:43:00,2905,2907,2905,2905,879,479328,479522
2026-09-07 10:44:00,2905,2905,2901,2902,666,479522,479573
2026-09-07 10:45:00,2902,2904,2902,2902,354,479573,479787
2026-09-07 10:46:00,2902,2903,2898,2898,729,479787,479955
2026-09-07 10:47:00,2898,2898,2893,2893,863,479955,479929
2026-09-07 10:48:00,2893,2896,2891,2892,1312,479929,479891
2026-09-07 10:49:00,2892,2894,2891,2892,694,479891,479877
2026-09-07 10:50:00,2892,2896,2891,2895,575,479877,479900
2026-09-07 10:51:00,2895,2895,2893,2895,665,479900,479966
2026-09-07 10:52:00,2895,2896,2894,2895,389,479966,479969
2026-09-07 10:53:00,2895,2897,2893,2895,1077,479969,480078
2026-09-07 10:54:00,2895,2897,2894,2897,597,480078,480301
2026-09-07 10:55:00,2897,2897,2890,2890,1081,480301,480286
2026-09-07 10:56:00,2890,2893,2890,2892,676,480286,480405
2026-09-07 10:57:00,2892,2894,2892,2893,383,480405,480475
2026-09-07 10:58:00,2893,2895,2892,2892,1312,480475,480507
2026-09-07 10:59:00,2892,2895,2892,2892,1035,480507,480395
2026-09-07 11:00:00,2892,2898,2892,2894,2772,480395,481138
2026-09-07 11:01:00,2894,2898,2894,2896,1367,481138,481276
2026-09-07 11:02:00,2896,2898,2895,2896,527,481276,481355
2026-09-07 11:03:00,2896,2898,2894,2898,514,481355,481407
2026-09-07 11:04:00,2898,2898,2894,2895,586,481407,481488
2026-09-07 11:05:00,2895,2898,2895,2897,519,481488,481639
2026-09-07 11:06:00,2897,2897,2892,2893,1005,481639,481404
2026-09-07 11:07:00,2893,2895,2892,2894,631,481404,481551
2026-09-07 11:08:00,2894,2896,2893,2894,255,481551,481514
2026-09-07 11:09:00,2894,2898,2894,2897,442,481514,481620
2026-09-07 11:10:00,2897,2899,2896,2898,411,481620,481761
2026-09-07 11:11:00,2898,2900,2897,2899,766,481761,481833
2026-09-07 11:12:00,2899,2900,2898,2899,679,481833,481755
2026-09-07 11:13:00,2899,2900,2898,2900,527,481755,481923
2026-09-07 11:14:00,2900,2901,2899,2901,434,481923,482102
2026-09-07 11:15:00,2901,2901,2898,2898,564,482102,482183
2026-09-07 11:16:00,2898,2899,2897,2897,483,482183,482403
2026-09-07 11:17:00,2897,2901,2897,2900,459,482403,482532
2026-09-07 11:18:00,2900,2900,2899,2900,511,482532,482680
2026-09-07 11:19:00,2900,2900,2897,2898,475,482680,482740
2026-09-07 11:20:00,2898,2899,2893,2895,1092,482740,482749
2026-09-07 11:21:00,2895,2898,2894,2897,543,482749,482755
2026-09-07 11:22:00,2897,2898,2896,2896,498,482755,482668
2026-09-07 11:23:00,2896,2898,2895,2896,504,482668,482710
2026-09-07 11:24:00,2896,2899,2896,2898,470,482710,482744
2026-09-07 11:25:00,2898,2898,2896,2897,303,482744,482893
2026-09-07 11:26:00,2897,2899,2897,2899,222,482893,482833
2026-09-07 11:27:00,2899,2900,2898,2898,373,482833,482729
2026-09-07 11:28:00,2898,2899,2896,2897,336,482729,482683
2026-09-07 11:29:00,2897,2897,2894,2896,632,482683,482480
2026-09-07 13:30:00,2904,2912,2904,2907,6680,482480,482521
2026-09-07 13:31:00,2907,2908,2902,2904,1719,482521,482731
2026-09-07 13:32:00,2904,2906,2903,2903,783,482731,482700
2026-09-07 13:33:00,2903,2905,2902,2905,715,482700,482826
2026-09-07 13:34:00,2905,2910,2905,2910,2387,482826,483462
2026-09-07 13:35:00,2910,2911,2906,2907,1826,483462,483665
2026-09-07 13:36:00,2907,2908,2904,2905,1037,483665,483940
2026-09-07 13:37:00,2905,2908,2904,2907,751,483940,484240
2026-09-07 13:38:00,2907,2909,2907,2908,1026,484240,484560
2026-09-07 13:39:00,2908,2909,2907,2908,448,484560,484665
2026-09-07 13:40:00,2908,2911,2907,2910,1379,484665,485057
2026-09-07 13:41:00,2910,2914,2910,2913,1868,485057,485392
2026-09-07 13:42:00,2913,2919,2913,2919,2950,485392,486150
2026-09-07 13:43:00,2919,2921,2915,2915,2597,486150,486710
2026-09-07 13:44:00,2915,2917,2912,2914,2432,486710,487444
2026-09-07 13:45:00,2914,2915,2912,2915,1091,487444,487675
2026-09-07 13:46:00,2915,2918,2914,2917,1339,487675,487799
2026-09-07 13:47:00,2917,2918,2914,2917,1570,487799,488185
2026-09-07 13:48:00,2917,2917,2915,2915,1330,488185,488282
2026-09-07 13:49:00,2915,2916,2913,2916,1536,488282,488489
2026-09-07 13:50:00,2916,2920,2915,2918,2033,488489,488792
2026-09-07 13:51:00,2918,2922,2917,2920,2170,488792,489308
2026-09-07 13:52:00,2920,2920,2916,2918,1013,489308,489453
2026-09-07 13:53:00,2918,2918,2916,2916,582,489453,489515
2026-09-07 13:54:00,2916,2918,2916,2917,606,489515,489693
2026-09-07 13:55:00,2917,2920,2916,2919,1262,489693,489934
2026-09-07 13:56:00,2919,2921,2918,2919,1178,489934,490153
2026-09-07 13:57:00,2919,2919,2915,2916,1089,490153,490136
2026-09-07 13:58:00,2916,2916,2913,2914,1214,490136,490398
2026-09-07 13:59:00,2914,2917,2914,2917,1037,490398,490629
2026-09-07 14:00:00,2917,2920,2915,2917,1778,490629,490877
2026-09-07 14:01:00,2917,2918,2914,2915,1638,490877,490661
2026-09-07 14:02:00,2915,2918,2914,2918,1046,490661,491174
2026-09-07 14:03:00,2918,2920,2916,2919,1106,491174,491391
2026-09-07 14:04:00,2919,2920,2915,2918,1254,491391,491491
2026-09-07 14:05:00,2918,2919,2915,2918,1103,491491,491750
2026-09-07 14:06:00,2918,2919,2913,2914,1798,491750,492078
2026-09-07 14:07:00,2914,2917,2914,2916,924,492078,492177
2026-09-07 14:08:00,2916,2920,2916,2919,1167,492177,492370
2026-09-07 14:09:00,2919,2920,2915,2915,1136,492370,492561
2026-09-07 14:10:00,2915,2916,2912,2916,2285,492561,493049
2026-09-07 14:11:00,2916,2918,2915,2917,1652,493049,493157
2026-09-07 14:12:00,2917,2919,2916,2919,1188,493157,493697
2026-09-07 14:13:00,2919,2920,2917,2917,1135,493697,494079
2026-09-07 14:14:00,2917,2920,2917,2920,926,494079,494429
2026-09-07 14:15:00,2920,2920,2916,2918,1028,494429,494769
2026-09-07 14:16:00,2918,2919,2916,2918,838,494769,494956
2026-09-07 14:17:00,2918,2918,2914,2916,2238,494956,494413
2026-09-07 14:18:00,2916,2919,2915,2916,990,494413,494749
2026-09-07 14:19:00,2916,2917,2913,2915,1402,494749,494823
2026-09-07 14:20:00,2915,2917,2912,2917,2006,494823,494873
2026-09-07 14:21:00,2917,2918,2916,2918,1430,494873,495158
2026-09-07 14:22:00,2918,2919,2916,2918,1504,495158,495263
2026-09-07 14:23:00,2918,2919,2917,2919,830,495263,495560
2026-09-07 14:24:00,2919,2921,2918,2921,1339,495560,496097
2026-09-07 14:25:00,2921,2921,2918,2918,1089,496097,496167
2026-09-07 14:26:00,2918,2920,2918,2919,728,496167,496385
2026-09-07 14:27:00,2919,2920,2918,2920,767,496385,496446
2026-09-07 14:28:00,2920,2920,2918,2918,942,496446,496511
2026-09-07 14:29:00,2918,2919,2918,2918,449,496511,496275
2026-09-07 14:30:00,2918,2919,2915,2915,615,496275,496180
2026-09-07 14:31:00,2915,2919,2915,2919,538,496180,496296
2026-09-07 14:32:00,2919,2921,2918,2920,1159,496296,496560
2026-09-07 14:33:00,2920,2921,2918,2918,715,496560,496868
2026-09-07 14:34:00,2918,2920,2917,2919,487,496868,496954
2026-09-07 14:35:00,2919,2920,2918,2920,628,496954,497289
2026-09-07 14:36:00,2920,2920,2918,2919,684,497289,497312
2026-09-07 14:37:00,2919,2920,2919,2919,215,497312,497290
2026-09-07 14:38:00,2919,2921,2919,2921,692,497290,497407
2026-09-07 14:39:00,2921,2921,2917,2918,898,497407,497644
2026-09-07 14:40:00,2918,2920,2916,2917,997,497644,497918
2026-09-07 14:41:00,2917,2918,2914,2914,1064,497918,497900
2026-09-07 14:42:00,2914,2917,2914,2917,569,497900,497843
2026-09-07 14:43:00,2917,2917,2915,2916,504,497843,497888
2026-09-07 14:44:00,2916,2917,2915,2916,782,497888,497975
2026-09-07 14:45:00,2916,2920,2916,2920,1449,497975,497857
2026-09-07 14:46:00,2920,2920,2918,2920,774,497857,498034
2026-09-07 14:47:00,2920,2920,2917,2918,548,498034,497985
2026-09-07 14:48:00,2918,2922,2918,2922,2319,497985,498949
2026-09-07 14:49:00,2922,2924,2921,2924,2607,498949,499885
2026-09-07 14:50:00,2924,2925,2923,2925,2411,499885,500350
2026-09-07 14:51:00,2925,2927,2924,2926,2649,500350,501004
2026-09-07 14:52:00,2926,2928,2926,2927,1600,501004,501579
2026-09-07 14:53:00,2927,2928,2926,2926,779,501579,501649
2026-09-07 14:54:00,2926,2930,2926,2929,2504,501649,502510
2026-09-07 14:55:00,2929,2930,2928,2928,1981,502510,502692
2026-09-07 14:56:00,2928,2930,2927,2928,1345,502692,502872
2026-09-07 14:57:00,2928,2929,2927,2927,1192,502872,502710
2026-09-07 14:58:00,2927,2930,2926,2930,1244,502710,502846
2026-09-07 14:59:00,2930,2931,2928,2929,2751,502846,502716
2026-09-07 21:00:00,2933,2933,2924,2925,6306,502716,502491
2026-09-07 21:01:00,2925,2930,2924,2929,3469,502491,502358
2026-09-07 21:02:00,2929,2937,2929,2937,4278,502358,502590
2026-09-07 21:03:00,2937,2945,2934,2934,5430,502590,503416
2026-09-07 21:04:00,2934,2935,2925,2927,4565,503416,502540
2026-09-07 21:05:00,2927,2931,2927,2928,1996,502540,502842
2026-09-07 21:06:00,2928,2931,2926,2927,3141,502842,502597
2026-09-07 21:07:00,2927,2930,2926,2927,2338,502597,502557
2026-09-07 21:08:00,2927,2928,2919,2920,3656,502557,502295
2026-09-07 21:09:00,2920,2921,2912,2915,4918,502295,501412
2026-09-07 21:10:00,2915,2918,2915,2917,2376,501412,501479
2026-09-07 21:11:00,2917,2919,2915,2916,2477,501479,500987
2026-09-07 21:12:00,2916,2918,2915,2916,1298,500987,500847
2026-09-07 21:13:00,2916,2917,2915,2916,2143,500847,500315
2026-09-07 21:14:00,2916,2919,2914,2916,1612,500315,500219
2026-09-07 21:15:00,2916,2917,2914,2917,861,500219,500243
2026-09-07 21:16:00,2917,2918,2915,2916,1657,500243,500282
2026-09-07 21:17:00,2916,2916,2908,2912,4581,500282,499523
2026-09-07 21:18:00,2912,2912,2910,2911,1208,499523,499427
2026-09-07 21:19:00,2911,2914,2911,2914,1498,499427,499591
2026-09-07 21:20:00,2914,2917,2913,2916,1452,499591,499240
2026-09-07 21:21:00,2916,2916,2912,2914,1320,499240,499178
2026-09-07 21:22:00,2914,2916,2913,2915,1051,499178,499017
2026-09-07 21:23:00,2915,2917,2913,2915,1044,499017,499279
2026-09-07 21:24:00,2915,2916,2913,2914,639,499279,499442
2026-09-07 21:25:00,2914,2915,2911,2915,926,499442,499387
2026-09-07 21:26:00,2915,2915,2912,2913,610,499387,499436
2026-09-07 21:27:00,2913,2915,2913,2914,323,499436,499543
2026-09-07 21:28:00,2914,2914,2912,2914,351,499543,499500
2026-09-07 21:29:00,2914,2919,2914,2916,1865,499500,499447
2026-09-07 21:30:00,2916,2917,2912,2913,788,499447,499612
2026-09-07 21:31:00,2913,2916,2912,2914,1341,499612,499305
2026-09-07 21:32:00,2914,2919,2914,2918,1956,499305,498819
2026-09-07 21:33:00,2918,2924,2918,2923,2751,498819,498274
2026-09-07 21:34:00,2923,2926,2923,2924,3074,498274,498472
2026-09-07 21:35:00,2924,2926,2922,2922,1161,498472,498925
2026-09-07 21:36:00,2922,2924,2922,2923,918,498925,499111
2026-09-07 21:37:00,2923,2925,2922,2924,1019,499111,499011
2026-09-07 21:38:00,2924,2924,2921,2921,675,499011,499001
2026-09-07 21:39:00,2921,2922,2920,2920,605,499001,498845
2026-09-07 21:40:00,2920,2921,2919,2919,728,498845,498721
2026-09-07 21:41:00,2919,2919,2917,2917,1081,498721,498487
2026-09-07 21:42:00,2917,2918,2915,2918,1335,498487,498514
2026-09-07 21:43:00,2918,2920,2917,2919,383,498514,498437
2026-09-07 21:44:00,2919,2920,2916,2917,418,498437,498430
2026-09-07 21:45:00,2917,2918,2915,2916,1050,498430,498661
2026-09-07 21:46:00,2916,2918,2916,2917,443,498661,498511
2026-09-07 21:47:00,2917,2919,2916,2918,602,498511,498416
2026-09-07 21:48:00,2918,2919,2917,2918,310,498416,498392
2026-09-07 21:49:00,2918,2919,2917,2918,467,498392,498196
2026-09-07 21:50:00,2918,2921,2918,2921,713,498196,498055
2026-09-07 21:51:00,2921,2921,2916,2917,582,498055,498143
2026-09-07 21:52:00,2917,2919,2917,2918,307,498143,498048
2026-09-07 21:53:00,2918,2919,2916,2918,584,498048,497972
2026-09-07 21:54:00,2918,2920,2916,2916,644,497972,497851
2026-09-07 21:55:00,2916,2916,2914,2915,1680,497851,497581
2026-09-07 21:56:00,2915,2915,2913,2915,589,497581,497638
2026-09-07 21:57:00,2915,2918,2915,2917,1543,497638,497558
2026-09-07 21:58:00,2917,2920,2917,2919,527,497558,497489
2026-09-07 21:59:00,2919,2920,2916,2917,294,497489,497579
2026-09-07 22:00:00,2917,2918,2915,2916,845,497579,497416
2026-09-07 22:01:00,2916,2918,2915,2917,340,497416,497422
2026-09-07 22:02:00,2917,2919,2917,2917,702,497422,497403
2026-09-07 22:03:00,2917,2918,2916,2918,447,497403,497440
2026-09-07 22:04:00,2918,2921,2917,2921,720,497440,497501
2026-09-07 22:05:00,2921,2923,2918,2922,1830,497501,497663
2026-09-07 22:06:00,2922,2922,2920,2920,586,497663,497655
2026-09-07 22:07:00,2920,2923,2920,2921,807,497655,497719
2026-09-07 22:08:00,2921,2922,2919,2920,562,497719,497617
2026-09-07 22:09:00,2920,2923,2919,2923,505,497617,497587
2026-09-07 22:10:00,2923,2925,2922,2924,1124,497587,497587
2026-09-07 22:11:00,2924,2926,2924,2926,1446,497587,497566
2026-09-07 22:12:00,2926,2926,2924,2924,744,497566,497507
2026-09-07 22:13:00,2924,2926,2924,2926,545,497507,497504
2026-09-07 22:14:00,2926,2928,2925,2926,1227,497504,497431
2026-09-07 22:15:00,2926,2927,2921,2922,1003,497431,497295
2026-09-07 22:16:00,2922,2923,2921,2922,599,497295,497262
2026-09-07 22:17:00,2922,2923,2920,2920,637,497262,497044
2026-09-07 22:18:00,2920,2922,2919,2920,632,497044,496831
2026-09-07 22:19:00,2920,2921,2919,2920,510,496831,496588
2026-09-07 22:20:00,2920,2921,2919,2920,501,496588,496770
2026-09-07 22:21:00,2920,2923,2919,2922,799,496770,496771
2026-09-07 22:22:00,2922,2922,2920,2921,559,496771,496902
2026-09-07 22:23:00,2921,2922,2920,2922,110,496902,496887
2026-09-07 22:24:00,2922,2924,2922,2923,389,496887,496747
2026-09-07 22:25:00,2923,2924,2922,2923,212,496747,496770
2026-09-07 22:26:00,2923,2925,2922,2925,494,496770,496844
2026-09-07 22:27:00,2925,2927,2924,2924,902,496844,496712
2026-09-07 22:28:00,2924,2925,2923,2924,564,496712,496542
2026-09-07 22:29:00,2924,2925,2924,2925,373,496542,496369
2026-09-07 22:30:00,2925,2925,2923,2925,821,496369,496193
2026-09-07 22:31:00,2925,2926,2924,2925,758,496193,496248
2026-09-07 22:32:00,2925,2925,2921,2922,971,496248,496533
2026-09-07 22:33:00,2922,2925,2922,2924,529,496533,496770
2026-09-07 22:34:00,2924,2932,2924,2931,2842,496770,497189
2026-09-07 22:35:00,2931,2933,2929,2929,1932,497189,497704
2026-09-07 22:36:00,2929,2931,2928,2929,913,497704,497892
2026-09-07 22:37:00,2929,2931,2928,2931,723,497892,497718
2026-09-07 22:38:00,2931,2931,2929,2929,678,497718,497848
2026-09-07 22:39:00,2929,2930,2928,2928,323,497848,497793
2026-09-07 22:40:00,2928,2930,2927,2930,412,497793,497721
2026-09-07 22:41:00,2930,2932,2927,2930,1770,497721,498172
2026-09-07 22:42:00,2930,2931,2926,2926,1365,498172,498190
2026-09-07 22:43:00,2926,2929,2926,2929,344,498190,498269
2026-09-07 22:44:00,2929,2930,2927,2928,239,498269,498258
2026-09-07 22:45:00,2928,2930,2928,2930,399,498258,498118
2026-09-07 22:46:00,2930,2931,2928,2931,573,498118,498146
2026-09-07 22:47:00,2931,2931,2929,2930,234,498146,498157
2026-09-07 22:48:00,2930,2931,2929,2929,401,498157,498071
2026-09-07 22:49:00,2929,2930,2928,2928,242,498071,498038
2026-09-07 22:50:00,2928,2928,2927,2928,330,498038,497971
2026-09-07 22:51:00,2928,2931,2927,2930,514,497971,497899
2026-09-07 22:52:00,2930,2932,2929,2931,505,497899,497903
2026-09-07 22:53:00,2931,2932,2929,2929,482,497903,497939
2026-09-07 22:54:00,2929,2931,2929,2929,174,497939,497898
2026-09-07 22:55:00,2929,2931,2929,2931,382,497898,497992
2026-09-07 22:56:00,2931,2934,2931,2934,1003,497992,497930
2026-09-07 22:57:00,2934,2934,2932,2933,700,497930,497930
2026-09-07 22:58:00,2933,2935,2933,2933,804,497930,497998
2026-09-07 22:59:00,2933,2938,2933,2936,2535,497998,497652
2026-09-08 09:00:00,2936,2936,2922,2930,6999,497652,498101
2026-09-08 09:01:00,2930,2932,2927,2931,2556,498101,498178
2026-09-08 09:02:00,2931,2933,2928,2929,1969,498178,498476
2026-09-08 09:03:00,2929,2934,2929,2932,2331,498476,498834
2026-09-08 09:04:00,2932,2933,2928,2928,1926,498834,499177
2026-09-08 09:05:00,2928,2929,2926,2927,1323,499177,499138
2026-09-08 09:06:00,2927,2928,2920,2922,1996,499138,498908
2026-09-08 09:07:00,2922,2924,2920,2923,2735,498908,499390
2026-09-08 09:08:00,2923,2925,2922,2923,990,499390,499465
2026-09-08 09:09:00,2923,2924,2922,2924,750,499465,499623
2026-09-08 09:10:00,2924,2924,2920,2922,1271,499623,500045
2026-09-08 09:11:00,2922,2925,2921,2924,710,500045,500084
2026-09-08 09:12:00,2924,2925,2920,2923,955,500084,500041
2026-09-08 09:13:00,2923,2923,2920,2920,639,500041,499996
2026-09-08 09:14:00,2920,2923,2920,2923,619,499996,500118
2026-09-08 09:15:00,2923,2924,2922,2924,910,500118,500020
2026-09-08 09:16:00,2924,2926,2923,2925,739,500020,500193
2026-09-08 09:17:00,2925,2926,2922,2925,791,500193,500205
2026-09-08 09:18:00,2925,2926,2924,2924,621,500205,500328
2026-09-08 09:19:00,2924,2926,2922,2923,386,500328,500349
2026-09-08 09:20:00,2923,2926,2922,2925,627,500349,500332
2026-09-08 09:21:00,2925,2928,2925,2927,664,500332,500416
2026-09-08 09:22:00,2927,2928,2924,2924,702,500416,500579
2026-09-08 09:23:00,2924,2925,2922,2925,579,500579,500583
2026-09-08 09:24:00,2925,2926,2924,2926,287,500583,500627
2026-09-08 09:25:00,2926,2926,2924,2925,295,500627,500709
2026-09-08 09:26:00,2925,2926,2923,2924,357,500709,500784
2026-09-08 09:27:00,2924,2926,2923,2925,165,500784,500814
2026-09-08 09:28:00,2925,2927,2925,2926,586,500814,500596
2026-09-08 09:29:00,2926,2927,2924,2924,505,500596,500735
2026-09-08 09:30:00,2924,2928,2924,2924,1401,500735,500785
2026-09-08 09:31:00,2924,2925,2922,2923,514,500785,500816
2026-09-08 09:32:00,2923,2926,2923,2926,472,500816,500811
2026-09-08 09:33:00,2926,2927,2925,2926,503,500811,500913
2026-09-08 09:34:00,2926,2929,2925,2929,958,500913,501130
2026-09-08 09:35:00,2929,2932,2929,2930,1402,501130,501288
2026-09-08 09:36:00,2930,2932,2930,2931,761,501288,501396
2026-09-08 09:37:00,2931,2933,2930,2931,765,501396,501556
2026-09-08 09:38:00,2931,2935,2931,2934,1729,501556,501453
2026-09-08 09:39:00,2934,2937,2932,2936,2271,501453,501914
2026-09-08 09:40:00,2936,2937,2934,2935,1779,501914,502301
2026-09-08 09:41:00,2935,2939,2935,2939,2568,502301,502685
2026-09-08 09:42:00,2939,2939,2936,2937,2440,502685,503017
2026-09-08 09:43:00,2937,2939,2936,2936,1515,503017,502961
2026-09-08 09:44:00,2936,2937,2933,2934,1131,502961,503384
2026-09-08 09:45:00,2934,2936,2933,2935,1242,503384,503382
2026-09-08 09:46:00,2935,2936,2933,2935,780,503382,503399
2026-09-08 09:47:00,2935,2936,2933,2934,364,503399,503482
2026-09-08 09:48:00,2934,2935,2932,2933,541,503482,503604
2026-09-08 09:49:00,2933,2935,2932,2935,345,503604,503640
2026-09-08 09:50:00,2935,2937,2933,2936,1205,503640,503511
2026-09-08 09:51:00,2936,2936,2933,2933,370,503511,503536
2026-09-08 09:52:00,2933,2933,2928,2929,1273,503536,503294
2026-09-08 09:53:00,2929,2930,2928,2929,422,503294,503362
2026-09-08 09:54:00,2929,2931,2929,2931,580,503362,503330
2026-09-08 09:55:00,2931,2931,2928,2928,798,503330,503268
2026-09-08 09:56:00,2928,2931,2927,2930,1389,503268,503542
2026-09-08 09:57:00,2930,2934,2930,2932,1034,503542,503824
2026-09-08 09:58:00,2932,2936,2932,2934,1129,503824,504021
2026-09-08 09:59:00,2934,2939,2934,2938,2291,504021,504696
2026-09-08 10:00:00,2938,2939,2936,2938,1915,504696,505231
2026-09-08 10:01:00,2938,2940,2936,2939,1090,505231,505448
2026-09-08 10:02:00,2939,2940,2937,2939,756,505448,505712
2026-09-08 10:03:00,2939,2940,2937,2937,1774,505712,505648
2026-09-08 10:04:00,2937,2938,2936,2938,788,505648,505677
2026-09-08 10:05:00,2938,2939,2936,2937,1043,505677,505206
2026-09-08 10:06:00,2937,2938,2935,2936,574,505206,505211
2026-09-08 10:07:00,2936,2938,2936,2936,443,505211,505139
2026-09-08 10:08:00,2936,2939,2936,2939,350,505139,505248
2026-09-08 10:09:00,2939,2941,2938,2939,1367,505248,505370
2026-09-08 10:10:00,2939,2940,2934,2935,1161,505370,505270
2026-09-08 10:11:00,2935,2935,2932,2934,805,505270,505126
2026-09-08 10:12:00,2934,2935,2933,2934,171,505126,505112
2026-09-08 10:13:00,2934,2936,2934,2934,477,505112,505164
2026-09-08 10:14:00,2934,2935,2933,2935,693,505164,505407
2026-09-08 10:30:00,2936,2940,2936,2939,2273,505407,505734
2026-09-08 10:31:00,2939,2940,2936,2939,1149,505734,506071
2026-09-08 10:32:00,2939,2939,2934,2936,3078,506071,507142
2026-09-08 10:33:00,2936,2937,2935,2937,864,507142,507412
2026-09-08 10:34:00,2937,2941,2937,2937,1320,507412,507599
2026-09-08 10:35:00,2937,2938,2931,2933,2772,507599,508904
2026-09-08 10:36:00,2933,2937,2932,2936,660,508904,509016
2026-09-08 10:37:00,2936,2938,2935,2938,439,509016,509059
2026-09-08 10:38:00,2938,2938,2934,2935,612,509059,509269
2026-09-08 10:39:00,2935,2937,2933,2937,443,509269,509341
2026-09-08 10:40:00,2937,2937,2935,2936,397,509341,509431
2026-09-08 10:41:00,2936,2937,2934,2936,491,509431,509634
2026-09-08 10:42:00,2936,2939,2936,2939,676,509634,509829
2026-09-08 10:43:00,2939,2939,2935,2935,1140,509829,510341
2026-09-08 10:44:00,2935,2937,2934,2935,957,510341,510680
2026-09-08 10:45:00,2935,2936,2930,2933,1538,510680,511040
2026-09-08 10:46:00,2933,2936,2933,2935,560,511040,511093
2026-09-08 10:47:00,2935,2937,2934,2935,955,511093,511251
2026-09-08 10:48:00,2935,2938,2934,2936,1583,511251,512105
2026-09-08 10:49:00,2936,2940,2936,2936,1811,512105,512145
2026-09-08 10:50:00,2936,2936,2934,2935,1011,512145,512081
2026-09-08 10:51:00,2935,2940,2935,2939,897,512081,512404
2026-09-08 10:52:00,2939,2940,2938,2938,1047,512404,512495
2026-09-08 10:53:00,2938,2940,2937,2939,581,512495,512658
2026-09-08 10:54:00,2939,2940,2937,2939,597,512658,512949
2026-09-08 10:55:00,2939,2940,2938,2939,701,512949,513176
2026-09-08 10:56:00,2939,2943,2939,2942,2981,513176,514064
2026-09-08 10:57:00,2942,2942,2940,2941,913,514064,514300
2026-09-08 10:58:00,2941,2944,2941,2943,1512,514300,514623
2026-09-08 10:59:00,2943,2945,2942,2942,1625,514623,514959
2026-09-08 11:00:00,2942,2945,2942,2944,1001,514959,514948
2026-09-08 11:01:00,2944,2946,2944,2945,2331,514948,515642
2026-09-08 11:02:00,2945,2945,2942,2943,1242,515642,515832
2026-09-08 11:03:00,2943,2945,2943,2945,664,515832,515918
2026-09-08 11:04:00,2945,2952,2944,2952,4403,515918,517597
2026-09-08 11:05:00,2952,2953,2948,2949,2405,517597,518393
2026-09-08 11:06:00,2949,2950,2947,2948,1496,518393,518721
2026-09-08 11:07:00,2948,2948,2945,2947,1133,518721,518994
2026-09-08 11:08:00,2947,2949,2945,2946,1045,518994,519439
2026-09-08 11:09:00,2946,2947,2945,2947,813,519439,519580
2026-09-08 11:10:00,2947,2950,2946,2948,955,519580,520016
2026-09-08 11:11:00,2948,2949,2947,2949,807,520016,520183
2026-09-08 11:12:00,2949,2951,2948,2950,1389,520183,520515
2026-09-08 11:13:00,2950,2952,2948,2950,925,520515,520561
2026-09-08 11:14:00,2950,2952,2949,2950,1530,520561,521128
2026-09-08 11:15:00,2950,2953,2950,2952,1148,521128,521471
2026-09-08 11:16:00,2952,2958,2952,2955,2860,521471,521644
2026-09-08 11:17:00,2955,2956,2954,2955,839,521644,521941
2026-09-08 11:18:00,2955,2956,2953,2955,1139,521941,522209
2026-09-08 11:19:00,2955,2956,2954,2956,543,522209,522268
2026-09-08 11:20:00,2956,2957,2953,2953,1051,522268,522183
2026-09-08 11:21:00,2953,2954,2952,2953,325,522183,522280
2026-09-08 11:22:00,2953,2953,2950,2951,825,522280,522310
2026-09-08 11:23:00,2951,2952,2947,2949,1114,522310,522538
2026-09-08 11:24:00,2949,2950,2948,2949,405,522538,522604
2026-09-08 11:25:00,2949,2951,2949,2949,389,522604,522723
2026-09-08 11:26:00,2949,2951,2949,2950,620,522723,522832
2026-09-08 11:27:00,2950,2952,2949,2952,468,522832,522795
2026-09-08 11:28:00,2952,2952,2950,2951,646,522795,522865
2026-09-08 11:29:00,2951,2951,2950,2950,394,522865,522844
2026-09-08 13:30:00,2957,2975,2957,2972,8549,522844,523873
2026-09-08 13:31:00,2972,2972,2969,2970,2763,523873,524331
2026-09-08 13:32:00,2970,2972,2965,2966,2198,524331,524907
2026-09-08 13:33:00,2966,2972,2965,2971,2834,524907,525707
2026-09-08 13:34:00,2971,2972,2968,2968,1878,525707,526072
2026-09-08 13:35:00,2968,2970,2967,2969,1668,526072,526223
2026-09-08 13:36:00,2969,2971,2968,2969,1419,526223,526384
2026-09-08 13:37:00,2969,2969,2963,2964,3623,526384,526650
2026-09-08 13:38:00,2964,2965,2961,2962,1475,526650,526748
2026-09-08 13:39:00,2962,2963,2958,2959,1528,526748,526765
2026-09-08 13:40:00,2959,2960,2956,2957,2012,526765,526743
2026-09-08 13:41:00,2957,2961,2957,2960,1479,526743,526430
2026-09-08 13:42:00,2960,2963,2958,2960,1113,526430,526712
2026-09-08 13:43:00,2960,2964,2960,2963,879,526712,526783
2026-09-08 13:44:00,2963,2970,2963,2967,2953,526783,526314
2026-09-08 13:45:00,2967,2968,2965,2967,1116,526314,526835
2026-09-08 13:46:00,2967,2967,2964,2966,1044,526835,527099
2026-09-08 13:47:00,2966,2969,2966,2968,1822,527099,527094
2026-09-08 13:48:00,2968,2969,2966,2968,868,527094,527240
2026-09-08 13:49:00,2968,2968,2965,2966,539,527240,527426
2026-09-08 13:50:00,2966,2968,2964,2967,851,527426,527500
2026-09-08 13:51:00,2967,2971,2967,2971,1193,527500,527606
2026-09-08 13:52:00,2971,2976,2970,2976,3072,527606,528283
2026-09-08 13:53:00,2976,2976,2972,2973,1733,528283,528393
2026-09-08 13:54:00,2973,2975,2970,2972,2424,528393,529498
2026-09-08 13:55:00,2972,2976,2972,2976,1232,529498,529834
2026-09-08 13:56:00,2976,2976,2972,2972,1250,529834,530302
2026-09-08 13:57:00,2972,2976,2972,2975,1439,530302,530841
2026-09-08 13:58:00,2975,2976,2973,2975,1129,530841,531411
2026-09-08 13:59:00,2975,2976,2974,2975,670,531411,531686
2026-09-08 14:00:00,2975,2986,2975,2986,4719,531686,532244
2026-09-08 14:01:00,2986,2988,2984,2986,3797,532244,533206
2026-09-08 14:02:00,2986,2992,2986,2986,4028,533206,534006
2026-09-08 14:03:00,2986,2991,2986,2990,2375,534006,534751
2026-09-08 14:04:00,2990,2990,2984,2985,2996,534751,535494
2026-09-08 14:05:00,2985,2990,2983,2988,3913,535494,536929
2026-09-08 14:06:00,2988,2989,2984,2987,2092,536929,537429
2026-09-08 14:07:00,2987,2988,2983,2986,1513,537429,537452
2026-09-08 14:08:00,2986,2989,2984,2985,2293,537452,538393
2026-09-08 14:09:00,2985,2988,2982,2988,1706,538393,538731
2026-09-08 14:10:00,2988,2991,2986,2991,1647,538731,539185
2026-09-08 14:11:00,2991,3004,2991,2999,12115,539185,541252
2026-09-08 14:12:00,2999,2999,2981,2982,11399,541252,542511
2026-09-08 14:13:00,2982,2983,2979,2983,5045,542511,543572
2026-09-08 14:14:00,2983,2987,2981,2984,5364,543572,544432
2026-09-08 14:15:00,2984,2988,2983,2983,3880,544432,544719
2026-09-08 14:16:00,2983,2985,2980,2981,3117,544719,544747
2026-09-08 14:17:00,2981,2989,2981,2983,3425,544747,545720
2026-09-08 14:18:00,2983,2985,2979,2983,3434,545720,545363
2026-09-08 14:19:00,2983,2988,2983,2985,2491,545363,545780
2026-09-08 14:20:00,2985,2986,2983,2985,1399,545780,545615
2026-09-08 14:21:00,2985,2987,2984,2986,2219,545615,546012
2026-09-08 14:22:00,2986,2988,2979,2982,3294,546012,545157
2026-09-08 14:23:00,2982,2985,2980,2981,2184,545157,545218
2026-09-08 14:24:00,2981,2985,2980,2984,1375,545218,545018
2026-09-08 14:25:00,2984,2986,2983,2984,1298,545018,545112
2026-09-08 14:26:00,2984,2984,2977,2978,2818,545112,545257
2026-09-08 14:27:00,2978,2979,2967,2972,7530,545257,545293
2026-09-08 14:28:00,2972,2974,2972,2973,1461,545293,545378
2026-09-08 14:29:00,2973,2974,2970,2972,2939,545378,546285
2026-09-08 14:30:00,2972,2977,2971,2977,1866,546285,546504
2026-09-08 14:31:00,2977,2977,2973,2974,1614,546504,546936
2026-09-08 14:32:00,2974,2976,2973,2974,1155,546936,546926
2026-09-08 14:33:00,2974,2976,2973,2975,2075,546926,547645
2026-09-08 14:34:00,2975,2981,2975,2979,2582,547645,547876
2026-09-08 14:35:00,2979,2979,2978,2979,377,547876,547941
2026-09-08 14:36:00,2979,2981,2977,2981,1316,547941,548426
2026-09-08 14:37:00,2981,2982,2979,2979,1789,548426,549095
2026-09-08 14:38:00,2979,2980,2977,2980,675,549095,549058
2026-09-08 14:39:00,2980,2980,2976,2977,575,549058,549110
2026-09-08 14:40:00,2977,2978,2976,2978,592,549110,549106
2026-09-08 14:41:00,2978,2980,2977,2980,653,549106,548942
2026-09-08 14:42:00,2980,2984,2980,2984,1083,548942,549015
2026-09-08 14:43:00,2984,2985,2982,2983,1974,549015,549151
2026-09-08 14:44:00,2983,2984,2983,2984,891,549151,549198
2026-09-08 14:45:00,2984,2987,2983,2985,1573,549198,549311
2026-09-08 14:46:00,2985,2986,2984,2985,872,549311,549531
2026-09-08 14:47:00,2985,2989,2985,2988,1341,549531,549633
2026-09-08 14:48:00,2988,2993,2988,2991,2685,549633,549388
2026-09-08 14:49:00,2991,2992,2988,2990,1566,549388,549624
2026-09-08 14:50:00,2990,2992,2990,2990,1358,549624,549757
2026-09-08 14:51:00,2990,2991,2987,2988,1622,549757,549864
2026-09-08 14:52:00,2988,2991,2987,2989,1088,549864,550135
2026-09-08 14:53:00,2989,2992,2989,2992,846,550135,550313
2026-09-08 14:54:00,2992,2992,2989,2989,1469,550313,549785
2026-09-08 14:55:00,2989,2989,2986,2987,1246,549785,549537
2026-09-08 14:56:00,2987,2991,2985,2991,3071,549537,550030
2026-09-08 14:57:00,2991,2992,2987,2987,1961,550030,550228
2026-09-08 14:58:00,2987,2988,2984,2985,1806,550228,549976
2026-09-08 14:59:00,2985,2986,2984,2985,2571,549976,548786
2026-09-08 21:00:00,2967,2977,2964,2972,13682,548786,549295
2026-09-08 21:01:00,2972,2975,2968,2969,7658,549295,548951
2026-09-08 21:02:00,2969,2971,2963,2964,6690,548951,548531
2026-09-08 21:03:00,2964,2967,2958,2958,5759,548531,548608
2026-09-08 21:04:00,2958,2958,2945,2950,9560,548608,547475
2026-09-08 21:05:00,2950,2951,2946,2950,3981,547475,547342
2026-09-08 21:06:00,2950,2959,2949,2955,3876,547342,547310
2026-09-08 21:07:00,2955,2965,2954,2961,7123,547310,546407
2026-09-08 21:08:00,2961,2962,2957,2961,5547,546407,546594
2026-09-08 21:09:00,2961,2962,2959,2962,4059,546594,547108
2026-09-08 21:10:00,2962,2964,2961,2961,4998,547108,547137
2026-09-08 21:11:00,2961,2962,2958,2958,2874,547137,547195
2026-09-08 21:12:00,2958,2960,2956,2960,2394,547195,546726
2026-09-08 21:13:00,2960,2961,2958,2958,1669,546726,546450
2026-09-08 21:14:00,2958,2960,2955,2957,2869,546450,545923
2026-09-08 21:15:00,2957,2958,2954,2954,2915,545923,545018
2026-09-08 21:16:00,2954,2961,2954,2960,2455,545018,544653
2026-09-08 21:17:00,2960,2963,2959,2960,2692,544653,544696
2026-09-08 21:18:00,2960,2969,2960,2966,3150,544696,544698
2026-09-08 21:19:00,2966,2968,2963,2965,2500,544698,544764
2026-09-08 21:20:00,2965,2968,2963,2966,1484,544764,545019
2026-09-08 21:21:00,2966,2968,2966,2966,676,545019,545070
2026-09-08 21:22:00,2966,2968,2965,2968,1287,545070,545091
2026-09-08 21:23:00,2968,2968,2965,2965,1212,545091,545372
2026-09-08 21:24:00,2965,2969,2965,2967,1368,545372,545633
2026-09-08 21:25:00,2967,2967,2965,2966,797,545633,545568
2026-09-08 21:26:00,2966,2967,2961,2961,2194,545568,545391
2026-09-08 21:27:00,2961,2962,2960,2960,1260,545391,545476
2026-09-08 21:28:00,2960,2962,2959,2959,1993,545476,545179
2026-09-08 21:29:00,2959,2961,2957,2958,2566,545179,544663
2026-09-08 21:30:00,2958,2962,2958,2961,1927,544663,544883
2026-09-08 21:31:00,2961,2965,2961,2965,991,544883,544818
2026-09-08 21:32:00,2965,2967,2964,2967,1270,544818,544594
2026-09-08 21:33:00,2967,2972,2965,2971,2395,544594,544933
2026-09-08 21:34:00,2971,2974,2969,2972,2681,544933,544662
2026-09-08 21:35:00,2972,2973,2970,2971,1129,544662,544841
2026-09-08 21:36:00,2971,2972,2968,2968,1426,544841,544819
2026-09-08 21:37:00,2968,2970,2968,2970,871,544819,544947
2026-09-08 21:38:00,2970,2972,2968,2972,1492,544947,544624
2026-09-08 21:39:00,2972,2972,2960,2960,3372,544624,544107
2026-09-08 21:40:00,2960,2961,2949,2953,6620,544107,544703
2026-09-08 21:41:00,2953,2957,2952,2957,2387,544703,544990
2026-09-08 21:42:00,2957,2959,2955,2957,2421,544990,544804
2026-09-08 21:43:00,2957,2961,2956,2959,1485,544804,544550
2026-09-08 21:44:00,2959,2961,2959,2959,1873,544550,544730
2026-09-08 21:45:00,2959,2960,2956,2960,1927,544730,544953
2026-09-08 21:46:00,2960,2960,2958,2959,1097,544953,545086
2026-09-08 21:47:00,2959,2962,2958,2962,1144,545086,545179
2026-09-08 21:48:00,2962,2962,2959,2959,606,545179,545363
2026-09-08 21:49:00,2959,2961,2959,2959,489,545363,545378
2026-09-08 21:50:00,2959,2961,2956,2959,883,545378,545441
2026-09-08 21:51:00,2959,2960,2958,2960,371,545441,545466
2026-09-08 21:52:00,2960,2961,2958,2961,572,545466,545566
2026-09-08 21:53:00,2961,2962,2960,2960,595,545566,545649
2026-09-08 21:54:00,2960,2964,2960,2960,2490,545649,544893
2026-09-08 21:55:00,2960,2960,2958,2960,1906,544893,544387
2026-09-08 21:56:00,2960,2960,2951,2952,2143,544387,544406
2026-09-08 21:57:00,2952,2955,2951,2954,1833,544406,544925
2026-09-08 21:58:00,2954,2957,2953,2957,986,544925,544946
2026-09-08 21:59:00,2957,2957,2955,2956,367,544946,545030
2026-09-08 22:00:00,2956,2957,2955,2955,572,545030,544984
2026-09-08 22:01:00,2955,2956,2954,2954,540,544984,544960
2026-09-08 22:02:00,2954,2955,2953,2954,954,544960,545119
2026-09-08 22:03:00,2954,2956,2953,2956,748,545119,544846
2026-09-08 22:04:00,2956,2957,2955,2955,1092,544846,544352
2026-09-08 22:05:00,2955,2957,2955,2957,506,544352,544385
2026-09-08 22:06:00,2957,2957,2955,2956,516,544385,544321
2026-09-08 22:07:00,2956,2957,2956,2957,291,544321,544371
2026-09-08 22:08:00,2957,2960,2957,2959,1393,544371,544003
2026-09-08 22:09:00,2959,2959,2955,2959,1082,544003,543925
2026-09-08 22:10:00,2959,2962,2959,2961,1673,543925,544045
2026-09-08 22:11:00,2961,2963,2961,2963,1368,544045,544504
2026-09-08 22:12:00,2963,2963,2961,2962,915,544504,544233
2026-09-08 22:13:00,2962,2965,2961,2965,900,544233,544125
2026-09-08 22:14:00,2965,2968,2964,2965,2142,544125,543750
2026-09-08 22:15:00,2965,2966,2963,2964,1256,543750,543910
2026-09-08 22:16:00,2964,2965,2962,2963,651,543910,543898
2026-09-08 22:17:00,2963,2967,2963,2966,1274,543898,543856
2026-09-08 22:18:00,2966,2966,2963,2963,772,543856,543702
2026-09-08 22:19:00,2963,2964,2961,2962,585,543702,543733
2026-09-08 22:20:00,2962,2964,2961,2963,539,543733,543767
2026-09-08 22:21:00,2963,2965,2962,2963,851,543767,543806
2026-09-08 22:22:00,2963,2965,2963,2963,1239,543806,544362
2026-09-08 22:23:00,2963,2965,2963,2965,796,544362,544494
2026-09-08 22:24:00,2965,2965,2964,2965,404,544494,544615
2026-09-08 22:25:00,2965,2966,2964,2965,567,544615,544801
2026-09-08 22:26:00,2965,2968,2962,2965,1611,544801,545174
2026-09-08 22:27:00,2965,2973,2965,2973,5599,545174,545927
2026-09-08 22:28:00,2973,2974,2969,2970,1258,545927,545949
2026-09-08 22:29:00,2970,2970,2968,2969,696,545949,545955
2026-09-08 22:30:00,2969,2973,2968,2969,1403,545955,545843
2026-09-08 22:31:00,2969,2971,2969,2970,582,545843,545914
2026-09-08 22:32:00,2970,2970,2965,2966,872,545914,545825
2026-09-08 22:33:00,2966,2967,2964,2964,827,545825,545688
2026-09-08 22:34:00,2964,2966,2964,2964,815,545688,545776
2026-09-08 22:35:00,2964,2965,2962,2964,1388,545776,545776
2026-09-08 22:36:00,2964,2965,2962,2964,483,545776,545787
2026-09-08 22:37:00,2964,2964,2961,2962,685,545787,545877
2026-09-08 22:38:00,2962,2964,2962,2963,761,545877,545981
2026-09-08 22:39:00,2963,2965,2961,2964,848,545981,546100
2026-09-08 22:40:00,2964,2967,2964,2966,827,546100,546162
2026-09-08 22:41:00,2966,2968,2966,2967,330,546162,546107
2026-09-08 22:42:00,2967,2969,2966,2968,646,546107,545822
2026-09-08 22:43:00,2968,2968,2966,2967,457,545822,545732
2026-09-08 22:44:00,2967,2967,2965,2967,582,545732,545600
2026-09-08 22:45:00,2967,2968,2965,2968,442,545600,545472
2026-09-08 22:46:00,2968,2968,2966,2967,346,545472,545483
2026-09-08 22:47:00,2967,2967,2965,2967,197,545483,545516
2026-09-08 22:48:00,2967,2967,2965,2967,588,545516,545339
2026-09-08 22:49:00,2967,2967,2965,2965,129,545339,545315
2026-09-08 22:50:00,2965,2966,2964,2965,530,545315,545133
2026-09-08 22:51:00,2965,2967,2964,2965,464,545133,545078
2026-09-08 22:52:00,2965,2967,2964,2965,602,545078,545089
2026-09-08 22:53:00,2965,2966,2964,2965,389,545089,545065
2026-09-08 22:54:00,2965,2966,2964,2965,568,545065,544962
2026-09-08 22:55:00,2965,2966,2962,2962,1267,544962,544903
2026-09-08 22:56:00,2962,2965,2962,2964,596,544903,544868
2026-09-08 22:57:00,2964,2965,2962,2963,503,544868,544852
2026-09-08 22:58:00,2963,2965,2963,2964,881,544852,544422
2026-09-08 22:59:00,2964,2965,2960,2962,1940,544422,543863
2026-09-09 09:00:00,2962,3000,2962,2994,13989,543863,543197
2026-09-09 09:01:00,2994,2994,2984,2992,5852,543197,543131
2026-09-09 09:02:00,2992,2995,2987,2988,5864,543131,543335
2026-09-09 09:03:00,2988,2992,2985,2990,3680,543335,543550
2026-09-09 09:04:00,2990,2992,2987,2990,3712,543550,544281
2026-09-09 09:05:00,2990,2994,2988,2991,4206,544281,544414
2026-09-09 09:06:00,2991,2992,2985,2988,3765,544414,544673
2026-09-09 09:07:00,2988,2990,2984,2985,2825,544673,544874
2026-09-09 09:08:00,2985,2986,2981,2982,3271,544874,544570
2026-09-09 09:09:00,2982,2983,2977,2979,3760,544570,544529
2026-09-09 09:10:00,2979,2979,2969,2972,5285,544529,544280
2026-09-09 09:11:00,2972,2975,2970,2975,3552,544280,545194
2026-09-09 09:12:00,2975,2980,2974,2978,3306,545194,545389
2026-09-09 09:13:00,2978,2980,2977,2978,1941,545389,545863
2026-09-09 09:14:00,2978,2980,2976,2980,1394,545863,546037
2026-09-09 09:15:00,2980,2981,2975,2981,2369,546037,545725
2026-09-09 09:16:00,2981,2981,2975,2976,1975,545725,545338
2026-09-09 09:17:00,2976,2981,2975,2980,1770,545338,545292
2026-09-09 09:18:00,2980,2983,2978,2981,2229,545292,545854
2026-09-09 09:19:00,2981,2983,2978,2979,2153,545854,546618
2026-09-09 09:20:00,2979,2980,2977,2980,1325,546618,546518
2026-09-09 09:21:00,2980,2982,2977,2982,1313,546518,546353
2026-09-09 09:22:00,2982,2984,2980,2984,1750,546353,546115
2026-09-09 09:23:00,2984,2986,2982,2986,3270,546115,545475
2026-09-09 09:24:00,2986,2991,2985,2989,3017,545475,545181
2026-09-09 09:25:00,2989,2989,2986,2987,2031,545181,544952
2026-09-09 09:26:00,2987,2988,2984,2987,1972,544952,544901
2026-09-09 09:27:00,2987,2989,2986,2989,1482,544901,545026
2026-09-09 09:28:00,2989,2990,2988,2988,1447,545026,544707
2026-09-09 09:29:00,2988,2991,2987,2990,2056,544707,544830
2026-09-09 09:30:00,2990,2990,2985,2985,2020,544830,544869
2026-09-09 09:31:00,2985,2990,2985,2988,1037,544869,545113
2026-09-09 09:32:00,2988,2994,2988,2994,2738,545113,545028
2026-09-09 09:33:00,2994,2995,2992,2995,3021,545028,546165
2026-09-09 09:34:00,2995,3000,2993,2998,4110,546165,546330
2026-09-09 09:35:00,2998,2998,2992,2993,3409,546330,546698
2026-09-09 09:36:00,2993,2996,2992,2995,1898,546698,546840
2026-09-09 09:37:00,2995,2998,2995,2998,1285,546840,547149
2026-09-09 09:38:00,2998,3002,2997,3001,4394,547149,547687
2026-09-09 09:39:00,3001,3002,2995,2996,3817,547687,546900
2026-09-09 09:40:00,2996,3003,2993,2998,4469,546900,546294
2026-09-09 09:41:00,2998,2998,2992,2996,3842,546294,545519
2026-09-09 09:42:00,2996,3002,2996,3001,4556,545519,544594
2026-09-09 09:43:00,3001,3001,2994,2995,1948,544594,544387
2026-09-09 09:44:00,2995,2997,2994,2995,997,544387,544279
2026-09-09 09:45:00,2995,2995,2990,2990,1932,544279,544530
2026-09-09 09:46:00,2990,2992,2987,2987,2050,544530,544335
2026-09-09 09:47:00,2987,2991,2987,2988,2225,544335,544197
2026-09-09 09:48:00,2988,2991,2987,2989,1659,544197,543839
2026-09-09 09:49:00,2989,2989,2984,2985,2518,543839,543431
2026-09-09 09:50:00,2985,2988,2984,2987,1690,543431,542962
2026-09-09 09:51:00,2987,2987,2984,2985,1132,542962,542864
2026-09-09 09:52:00,2985,2990,2984,2987,1442,542864,542713
2026-09-09 09:53:00,2987,2987,2978,2978,3684,542713,541976
2026-09-09 09:54:00,2978,2982,2978,2981,2340,541976,541400
2026-09-09 09:55:00,2981,2984,2980,2981,1707,541400,541436
2026-09-09 09:56:00,2981,2985,2981,2985,1194,541436,541193
2026-09-09 09:57:00,2985,2988,2983,2986,1959,541193,540913
2026-09-09 09:58:00,2986,2988,2984,2984,810,540913,540984
2026-09-09 09:59:00,2984,2984,2981,2982,1045,540984,541210
2026-09-09 10:00:00,2982,2983,2981,2983,2254,541210,540439
2026-09-09 10:01:00,2983,2984,2980,2983,717,540439,540345
2026-09-09 10:02:00,2983,2985,2982,2984,632,540345,540220
2026-09-09 10:03:00,2984,2988,2983,2986,1335,540220,539977
2026-09-09 10:04:00,2986,2988,2985,2987,802,539977,539941
2026-09-09 10:05:00,2987,2989,2986,2988,707,539941,539845
2026-09-09 10:06:00,2988,2988,2982,2982,1329,539845,540091
2026-09-09 10:07:00,2982,2982,2977,2978,2130,540091,539465
2026-09-09 10:08:00,2978,2980,2976,2977,1271,539465,539868
2026-09-09 10:09:00,2977,2981,2977,2980,940,539868,539718
2026-09-09 10:10:00,2980,2983,2979,2980,625,539718,539657
2026-09-09 10:11:00,2980,2980,2977,2977,872,539657,539597
2026-09-09 10:12:00,2977,2978,2975,2976,984,539597,539553
2026-09-09 10:13:00,2976,2980,2974,2977,1784,539553,539099
2026-09-09 10:14:00,2977,2980,2976,2979,1539,539099,539384
2026-09-09 10:30:00,2975,2982,2973,2980,3908,539384,539852
2026-09-09 10:31:00,2980,2982,2977,2981,1379,539852,540031
2026-09-09 10:32:00,2981,2983,2981,2981,1847,540031,540259
2026-09-09 10:33:00,2981,2986,2981,2986,1413,540259,540331
2026-09-09 10:34:00,2986,2987,2983,2987,1566,540331,540106
2026-09-09 10:35:00,2987,2990,2986,2989,1930,540106,539839
2026-09-09 10:36:00,2989,2992,2989,2991,2086,539839,540327
2026-09-09 10:37:00,2991,2992,2989,2991,1418,540327,540630
2026-09-09 10:38:00,2991,2993,2990,2991,787,540630,540671
2026-09-09 10:39:00,2991,2992,2989,2992,1958,540671,541153
2026-09-09 10:40:00,2992,2993,2991,2991,719,541153,541268
2026-09-09 10:41:00,2991,2991,2986,2988,1540,541268,541391
2026-09-09 10:42:00,2988,2988,2985,2986,747,541391,541399
2026-09-09 10:43:00,2986,2989,2986,2988,1072,541399,541495
2026-09-09 10:44:00,2988,2989,2987,2988,569,541495,541549
2026-09-09 10:45:00,2988,2989,2986,2986,1144,541549,541605
2026-09-09 10:46:00,2986,2988,2984,2984,1091,541605,541813
2026-09-09 10:47:00,2984,2988,2984,2988,814,541813,541976
2026-09-09 10:48:00,2988,2988,2986,2986,755,541976,542247
2026-09-09 10:49:00,2986,2991,2985,2990,1245,542247,542615
2026-09-09 10:50:00,2990,2993,2990,2991,1604,542615,542878
2026-09-09 10:51:00,2991,2992,2989,2991,402,542878,543076
2026-09-09 10:52:00,2991,2992,2989,2990,443,543076,543200
2026-09-09 10:53:00,2990,2991,2987,2989,1217,543200,543463
2026-09-09 10:54:00,2989,2990,2988,2989,175,543463,543445
2026-09-09 10:55:00,2989,2990,2988,2989,448,543445,543417
2026-09-09 10:56:00,2989,2990,2989,2989,520,543417,543394
2026-09-09 10:57:00,2989,2991,2988,2990,656,543394,543264
2026-09-09 10:58:00,2990,2990,2988,2990,719,543264,543336
2026-09-09 10:59:00,2990,2992,2989,2992,618,543336,543195
2026-09-09 11:00:00,2992,2993,2991,2992,500,543195,543199
2026-09-09 11:01:00,2992,2995,2992,2995,1956,543199,543019
2026-09-09 11:02:00,2995,2998,2995,2997,2253,543019,542827
2026-09-09 11:03:00,2997,2998,2995,2995,1505,542827,542896
2026-09-09 11:04:00,2995,2998,2995,2998,1693,542896,543081
2026-09-09 11:05:00,2998,2999,2997,2997,916,543081,543325
2026-09-09 11:06:00,2997,2998,2995,2998,847,543325,543241
2026-09-09 11:07:00,2998,2998,2997,2997,441,543241,543215
2026-09-09 11:08:00,2997,3002,2997,3000,3380,543215,544618
2026-09-09 11:09:00,3000,3001,2999,3000,1526,544618,544807
2026-09-09 11:10:00,3000,3001,3000,3001,1256,544807,544973
2026-09-09 11:11:00,3001,3002,3000,3001,1447,544973,545498
2026-09-09 11:12:00,3001,3001,2998,2999,1181,545498,545608
2026-09-09 11:13:00,2999,3000,2998,2999,1257,545608,545827
2026-09-09 11:14:00,2999,3000,2998,2999,620,545827,545963
2026-09-09 11:15:00,2999,3002,2998,3001,1337,545963,546450
2026-09-09 11:16:00,3001,3002,3000,3001,602,546450,546560
2026-09-09 11:17:00,3001,3001,2997,2998,895,546560,546628
2026-09-09 11:18:00,2998,3000,2998,2999,510,546628,546886
2026-09-09 11:19:00,2999,3000,2997,2998,529,546886,546912
2026-09-09 11:20:00,2998,3000,2997,2999,1059,546912,546936
2026-09-09 11:21:00,2999,3000,2997,2999,796,546936,547154
2026-09-09 11:22:00,2999,2999,2998,2998,297,547154,547181
2026-09-09 11:23:00,2998,2999,2994,2994,1282,547181,546642
2026-09-09 11:24:00,2994,2997,2994,2996,377,546642,546602
2026-09-09 11:25:00,2996,2997,2995,2997,518,546602,546619
2026-09-09 11:26:00,2997,2997,2995,2997,500,546619,546570
2026-09-09 11:27:00,2997,2998,2995,2998,794,546570,546399
2026-09-09 11:28:00,2998,2998,2996,2996,422,546399,546176
2026-09-09 11:29:00,2996,2997,2995,2996,642,546176,545945
2026-09-09 13:30:00,2987,2989,2982,2987,5835,545945,545501
2026-09-09 13:31:00,2987,2991,2985,2989,2617,545501,545603
2026-09-09 13:32:00,2989,2995,2989,2994,2233,545603,546228
2026-09-09 13:33:00,2994,2995,2992,2993,1100,546228,546619
2026-09-09 13:34:00,2993,2995,2992,2993,703,546619,546629
2026-09-09 13:35:00,2993,2995,2991,2991,977,546629,546682
2026-09-09 13:36:00,2991,2992,2989,2989,1039,546682,546559
2026-09-09 13:37:00,2989,2989,2986,2988,1476,546559,546544
2026-09-09 13:38:00,2988,2990,2987,2987,653,546544,546593
2026-09-09 13:39:00,2987,2989,2987,2988,579,546593,546655
2026-09-09 13:40:00,2988,2990,2987,2988,577,546655,546676
2026-09-09 13:41:00,2988,2991,2988,2990,604,546676,546651
2026-09-09 13:42:00,2990,2990,2988,2988,381,546651,546694
2026-09-09 13:43:00,2988,2990,2988,2990,280,546694,546722
2026-09-09 13:44:00,2990,2991,2989,2990,605,546722,546923
2026-09-09 13:45:00,2990,2993,2989,2993,859,546923,546946
2026-09-09 13:46:00,2993,2994,2992,2993,481,546946,547128
2026-09-09 13:47:00,2993,2993,2989,2990,453,547128,547228
2026-09-09 13:48:00,2990,2991,2989,2989,284,547228,547208
2026-09-09 13:49:00,2989,2990,2987,2989,648,547208,547292
2026-09-09 13:50:00,2989,2992,2989,2992,823,547292,547119
2026-09-09 13:51:00,2992,2992,2986,2988,1379,547119,547349
2026-09-09 13:52:00,2988,2988,2984,2985,1128,547349,547407
2026-09-09 13:53:00,2985,2987,2985,2987,577,547407,547573
2026-09-09 13:54:00,2987,2988,2986,2986,480,547573,547700
2026-09-09 13:55:00,2986,2989,2986,2988,655,547700,547844
2026-09-09 13:56:00,2988,2990,2987,2988,526,547844,547819
2026-09-09 13:57:00,2988,2988,2983,2984,1588,547819,547763
2026-09-09 13:58:00,2984,2985,2983,2985,1011,547763,547515
2026-09-09 13:59:00,2985,2986,2984,2985,794,547515,547536
2026-09-09 14:00:00,2985,2988,2984,2987,696,547536,547447
2026-09-09 14:01:00,2987,2989,2987,2988,699,547447,547235
2026-09-09 14:02:00,2988,2989,2987,2989,535,547235,547269
2026-09-09 14:03:00,2989,2991,2989,2990,741,547269,547166
2026-09-09 14:04:00,2990,2992,2989,2991,427,547166,547246
2026-09-09 14:05:00,2991,2991,2989,2990,369,547246,547236
2026-09-09 14:06:00,2990,2993,2990,2991,836,547236,547013
2026-09-09 14:07:00,2991,2993,2991,2993,326,547013,547015
2026-09-09 14:08:00,2993,2994,2992,2993,1160,547015,547397
2026-09-09 14:09:00,2993,2995,2991,2994,631,547397,547554
2026-09-09 14:10:00,2994,2996,2994,2996,1254,547554,547500
2026-09-09 14:11:00,2996,2997,2994,2997,714,547500,547585
2026-09-09 14:12:00,2997,3000,2996,2999,1693,547585,547605
2026-09-09 14:13:00,2999,2999,2996,2996,1239,547605,547902
2026-09-09 14:14:00,2996,2998,2995,2997,654,547902,548011
2026-09-09 14:15:00,2997,2999,2997,2998,699,548011,548267
2026-09-09 14:16:00,2998,3000,2998,2999,1312,548267,548674
2026-09-09 14:17:00,2999,3000,2998,2999,1086,548674,548756
2026-09-09 14:18:00,2999,3002,2998,2998,1942,548756,549406
2026-09-09 14:19:00,2998,3000,2998,3000,614,549406,549646
2026-09-09 14:20:00,3000,3002,2998,2998,1885,549646,549705
2026-09-09 14:21:00,2998,2999,2996,2996,1140,549705,549688
2026-09-09 14:22:00,2996,2998,2995,2997,806,549688,549533
2026-09-09 14:23:00,2997,2998,2996,2996,634,549533,549429
2026-09-09 14:24:00,2996,2999,2995,2998,497,549429,549420
2026-09-09 14:25:00,2998,2999,2997,2998,454,549420,549438
2026-09-09 14:26:00,2998,3000,2998,3000,1341,549438,549862
2026-09-09 14:27:00,3000,3000,2998,2999,332,549862,549827
2026-09-09 14:28:00,2999,3000,2998,2998,518,549827,550044
2026-09-09 14:29:00,2998,3000,2998,3000,355,550044,550200
2026-09-09 14:30:00,3000,3000,2998,2999,524,550200,550206
2026-09-09 14:31:00,2999,3000,2998,2999,418,550206,550310
2026-09-09 14:32:00,2999,3000,2998,3000,1027,550310,550513
2026-09-09 14:33:00,3000,3007,3000,3003,3861,550513,550247
2026-09-09 14:34:00,3003,3005,3002,3005,1465,550247,550183
2026-09-09 14:35:00,3005,3006,3002,3004,2249,550183,550816
2026-09-09 14:36:00,3004,3004,3001,3002,1056,550816,550849
2026-09-09 14:37:00,3002,3003,3000,3001,554,550849,551032
2026-09-09 14:38:00,3001,3001,3000,3000,470,551032,551099
2026-09-09 14:39:00,3000,3001,2998,3000,1171,551099,550964
2026-09-09 14:40:00,3000,3001,2998,3000,1085,550964,551339
2026-09-09 14:41:00,3000,3001,3000,3000,241,551339,551411
2026-09-09 14:42:00,3000,3002,3000,3002,518,551411,551507
2026-09-09 14:43:00,3002,3007,3001,3007,2441,551507,551742
2026-09-09 14:44:00,3007,3007,3004,3005,1096,551742,552094
2026-09-09 14:45:00,3005,3008,3004,3006,1417,552094,551836
2026-09-09 14:46:00,3006,3009,3005,3006,1380,551836,551592
2026-09-09 14:47:00,3006,3006,3003,3004,664,551592,551527
2026-09-09 14:48:00,3004,3005,3003,3003,721,551527,551733
2026-09-09 14:49:00,3003,3004,3002,3003,702,551733,551858
2026-09-09 14:50:00,3003,3004,3001,3001,680,551858,551792
2026-09-09 14:51:00,3001,3002,3000,3000,1034,551792,551386
2026-09-09 14:52:00,3000,3002,3000,3001,785,551386,551369
2026-09-09 14:53:00,3001,3002,2999,3000,1197,551369,550857
2026-09-09 14:54:00,3000,3002,3000,3001,944,550857,550911
2026-09-09 14:55:00,3001,3002,3000,3001,819,550911,550678
2026-09-09 14:56:00,3001,3002,3000,3000,753,550678,550520
2026-09-09 14:57:00,3000,3002,3000,3001,1784,550520,550186
2026-09-09 14:58:00,3001,3002,3000,3000,1186,550186,549912
2026-09-09 14:59:00,3000,3001,2999,2999,2025,549912,549652
2026-09-09 21:00:00,3030,3035,3025,3027,13368,549652,550226
2026-09-09 21:01:00,3027,3028,3018,3021,6688,550226,551078
2026-09-09 21:02:00,3021,3024,3019,3022,4917,551078,552196
2026-09-09 21:03:00,3022,3022,3017,3019,2767,552196,552528
2026-09-09 21:04:00,3019,3020,3016,3020,3422,552528,552620
2026-09-09 21:05:00,3020,3020,3014,3016,3011,552620,553005
2026-09-09 21:06:00,3016,3022,3016,3019,3407,553005,553551
2026-09-09 21:07:00,3019,3020,3015,3017,2479,553551,553960
2026-09-09 21:08:00,3017,3020,3017,3019,1294,553960,554155
2026-09-09 21:09:00,3019,3021,3017,3019,2275,554155,554391
2026-09-09 21:10:00,3019,3019,3016,3018,1723,554391,554107
2026-09-09 21:11:00,3018,3021,3018,3021,2079,554107,553999
2026-09-09 21:12:00,3021,3023,3019,3021,2155,553999,553720
2026-09-09 21:13:00,3021,3023,3016,3018,2391,553720,553613
2026-09-09 21:14:00,3018,3018,3014,3017,2994,553613,553436
2026-09-09 21:15:00,3017,3019,3015,3017,1635,553436,553324
2026-09-09 21:16:00,3017,3020,3017,3019,1387,553324,553904
2026-09-09 21:17:00,3019,3019,3014,3016,2676,553904,553387
2026-09-09 21:18:00,3016,3020,3015,3020,3483,553387,552769
2026-09-09 21:19:00,3020,3025,3019,3024,3735,552769,552485
2026-09-09 21:20:00,3024,3025,3020,3022,1910,552485,552482
2026-09-09 21:21:00,3022,3024,3021,3024,1409,552482,552645
2026-09-09 21:22:00,3024,3027,3023,3026,2585,552645,553314
2026-09-09 21:23:00,3026,3027,3024,3026,1789,553314,553433
2026-09-09 21:24:00,3026,3027,3025,3025,1063,553433,553738
2026-09-09 21:25:00,3025,3025,3021,3021,1811,553738,553771
2026-09-09 21:26:00,3021,3021,3016,3018,2940,553771,552953
2026-09-09 21:27:00,3018,3020,3016,3019,1542,552953,553028
2026-09-09 21:28:00,3019,3019,3017,3018,1296,553028,552899
2026-09-09 21:29:00,3018,3019,3016,3017,1483,552899,553061
2026-09-09 21:30:00,3017,3019,3016,3019,3338,553061,552431
2026-09-09 21:31:00,3019,3022,3017,3019,2114,552431,552325
2026-09-09 21:32:00,3019,3026,3018,3026,3681,552325,552650
2026-09-09 21:33:00,3026,3027,3021,3021,3177,552650,553129
2026-09-09 21:34:00,3021,3025,3021,3025,1941,553129,553865
2026-09-09 21:35:00,3025,3027,3023,3027,2834,553865,554324
2026-09-09 21:36:00,3027,3029,3025,3029,4810,554324,556432
2026-09-09 21:37:00,3029,3032,3025,3025,5213,556432,557832
2026-09-09 21:38:00,3025,3028,3022,3025,2382,557832,558213
2026-09-09 21:39:00,3025,3027,3022,3023,967,558213,558295
2026-09-09 21:40:00,3023,3028,3023,3027,1203,558295,558342
2026-09-09 21:41:00,3027,3031,3025,3031,1593,558342,558499
2026-09-09 21:42:00,3031,3031,3028,3028,1420,558499,558483
2026-09-09 21:43:00,3028,3030,3025,3025,2465,558483,559401
2026-09-09 21:44:00,3025,3028,3024,3027,3250,559401,560477
2026-09-09 21:45:00,3027,3029,3025,3028,1260,560477,560534
2026-09-09 21:46:00,3028,3031,3026,3026,2110,560534,561001
2026-09-09 21:47:00,3026,3026,3020,3022,3227,561001,561068
2026-09-09 21:48:00,3022,3028,3022,3027,1463,561068,561434
2026-09-09 21:49:00,3027,3033,3027,3032,2626,561434,562219
2026-09-09 21:50:00,3032,3033,3030,3031,1489,562219,562232
2026-09-09 21:51:00,3031,3031,3025,3026,1737,562232,562276
2026-09-09 21:52:00,3026,3029,3024,3029,1564,562276,562223
2026-09-09 21:53:00,3029,3030,3026,3030,1381,562223,562276
2026-09-09 21:54:00,3030,3030,3028,3029,797,562276,562187
2026-09-09 21:55:00,3029,3029,3025,3026,1011,562187,562120
2026-09-09 21:56:00,3026,3028,3025,3027,965,562120,562324
2026-09-09 21:57:00,3027,3029,3027,3027,915,562324,562439
2026-09-09 21:58:00,3027,3029,3025,3026,829,562439,562447
2026-09-09 21:59:00,3026,3028,3023,3023,1212,562447,561993
2026-09-09 22:00:00,3023,3025,3023,3023,694,561993,562015
2026-09-09 22:01:00,3023,3024,3020,3020,1824,562015,562022
2026-09-09 22:02:00,3020,3024,3020,3023,1368,562022,562213
2026-09-09 22:03:00,3023,3023,3020,3020,1338,562213,562237
2026-09-09 22:04:00,3020,3023,3019,3022,1240,562237,562081
2026-09-09 22:05:00,3022,3023,3018,3020,1362,562081,561809
2026-09-09 22:06:00,3020,3022,3019,3019,857,561809,561799
2026-09-09 22:07:00,3019,3020,3017,3020,1346,561799,562067
2026-09-09 22:08:00,3020,3025,3020,3023,1202,562067,561756
2026-09-09 22:09:00,3023,3027,3023,3026,1079,561756,561548
2026-09-09 22:10:00,3026,3026,3021,3021,989,561548,561278
2026-09-09 22:11:00,3021,3025,3021,3023,507,561278,561132
2026-09-09 22:12:00,3023,3024,3019,3019,1049,561132,561016
2026-09-09 22:13:00,3019,3022,3019,3022,412,561016,560962
2026-09-09 22:14:00,3022,3022,3019,3019,1175,560962,560946
2026-09-09 22:15:00,3019,3021,3017,3020,1294,560946,560872
2026-09-09 22:16:00,3020,3026,3020,3026,1196,560872,560512
2026-09-09 22:17:00,3026,3027,3024,3024,1023,560512,560545
2026-09-09 22:18:00,3024,3026,3024,3026,582,560545,560469
2026-09-09 22:19:00,3026,3029,3025,3028,950,560469,560320
2026-09-09 22:20:00,3028,3031,3027,3030,1860,560320,560748
2026-09-09 22:21:00,3030,3037,3030,3031,3503,560748,561098
2026-09-09 22:22:00,3031,3034,3030,3033,1043,561098,561524
2026-09-09 22:23:00,3033,3035,3032,3032,1360,561524,561522
2026-09-09 22:24:00,3032,3035,3031,3033,950,561522,561711
2026-09-09 22:25:00,3033,3034,3029,3029,1029,561711,561895
2026-09-09 22:26:00,3029,3031,3028,3028,836,561895,561803
2026-09-09 22:27:00,3028,3031,3028,3030,398,561803,561978
2026-09-09 22:28:00,3030,3031,3029,3029,347,561978,561956
2026-09-09 22:29:00,3029,3030,3026,3026,1227,561956,561667
2026-09-09 22:30:00,3026,3028,3024,3027,1668,561667,561179
2026-09-09 22:31:00,3027,3029,3026,3028,819,561179,561075
2026-09-09 22:32:00,3028,3030,3027,3029,343,561075,561021
2026-09-09 22:33:00,3029,3030,3028,3029,299,561021,561126
2026-09-09 22:34:00,3029,3030,3028,3029,309,561126,561086
2026-09-09 22:35:00,3029,3029,3027,3028,309,561086,561096
2026-09-09 22:36:00,3028,3031,3028,3030,509,561096,561123
2026-09-09 22:37:00,3030,3030,3028,3030,422,561123,561161
2026-09-09 22:38:00,3030,3030,3028,3030,405,561161,561060
2026-09-09 22:39:00,3030,3030,3028,3029,204,561060,561086
2026-09-09 22:40:00,3029,3032,3028,3032,796,561086,561026
2026-09-09 22:41:00,3032,3033,3030,3033,883,561026,560798
2026-09-09 22:42:00,3033,3033,3031,3032,774,560798,561113
2026-09-09 22:43:00,3032,3034,3032,3033,549,561113,561102
2026-09-09 22:44:00,3033,3038,3032,3036,2002,561102,561638
2026-09-09 22:45:00,3036,3038,3034,3038,1164,561638,561641
2026-09-09 22:46:00,3038,3038,3036,3036,950,561641,561818
2026-09-09 22:47:00,3036,3039,3036,3036,1410,561818,561887
2026-09-09 22:48:00,3036,3039,3036,3037,542,561887,561980
2026-09-09 22:49:00,3037,3037,3034,3035,1056,561980,562049
2026-09-09 22:50:00,3035,3036,3034,3034,346,562049,561985
2026-09-09 22:51:00,3034,3036,3034,3036,267,561985,561937
2026-09-09 22:52:00,3036,3038,3036,3036,575,561937,561969
2026-09-09 22:53:00,3036,3037,3033,3037,913,561969,561902
2026-09-09 22:54:00,3037,3038,3035,3036,1086,561902,562007
2026-09-09 22:55:00,3036,3038,3036,3038,502,562007,561942
2026-09-09 22:56:00,3038,3042,3038,3041,2475,561942,561728
2026-09-09 22:57:00,3041,3043,3040,3042,968,561728,561690
2026-09-09 22:58:00,3042,3046,3041,3043,3525,561690,562015
2026-09-09 22:59:00,3043,3045,3042,3043,2341,562015,561381
2026-09-10 09:00:00,3043,3045,3032,3037,7553,561381,561166
2026-09-10 09:01:00,3037,3041,3036,3039,2955,561166,560933
2026-09-10 09:02:00,3039,3044,3038,3043,2170,560933,561107
2026-09-10 09:03:00,3043,3053,3043,3051,4982,561107,561221
2026-09-10 09:04:00,3051,3065,3051,3061,7682,561221,561042
2026-09-10 09:05:00,3061,3067,3061,3066,5125,561042,561789
2026-09-10 09:06:00,3066,3077,3065,3076,6571,561789,561738
2026-09-10 09:07:00,3076,3077,3068,3072,6961,561738,562710
2026-09-10 09:08:00,3072,3074,3067,3069,3688,562710,563902
2026-09-10 09:09:00,3069,3072,3068,3069,2442,563902,564706
2026-09-10 09:10:00,3069,3069,3065,3067,3518,564706,565003
2026-09-10 09:11:00,3067,3070,3063,3070,1788,565003,564995
2026-09-10 09:12:00,3070,3070,3063,3065,1566,564995,565279
2026-09-10 09:13:00,3065,3069,3063,3067,1714,565279,564882
2026-09-10 09:14:00,3067,3068,3062,3064,1908,564882,565210
2026-09-10 09:15:00,3064,3069,3064,3069,1572,565210,565423
2026-09-10 09:16:00,3069,3081,3067,3079,6311,565423,566551
2026-09-10 09:17:00,3079,3088,3078,3088,5087,566551,565909
2026-09-10 09:18:00,3088,3095,3087,3088,6743,565909,565033
2026-09-10 09:19:00,3088,3092,3088,3090,3159,565033,565147
2026-09-10 09:20:00,3090,3094,3090,3092,3857,565147,565878
2026-09-10 09:21:00,3092,3097,3092,3096,3721,565878,566090
2026-09-10 09:22:00,3096,3100,3092,3092,7368,566090,566875
2026-09-10 09:23:00,3092,3097,3092,3095,4563,566875,567121
2026-09-10 09:24:00,3095,3096,3093,3094,2248,567121,567269
2026-09-10 09:25:00,3094,3095,3091,3092,1768,567269,567542
2026-09-10 09:26:00,3092,3116,3092,3115,8429,567542,568599
2026-09-10 09:27:00,3115,3137,3115,3131,15017,568599,568325
2026-09-10 09:28:00,3131,3132,3124,3124,5631,568325,568104
2026-09-10 09:29:00,3124,3127,3123,3125,3786,568104,567677
2026-09-10 09:30:00,3125,3128,3116,3116,6525,567677,568138
2026-09-10 09:31:00,3116,3117,3104,3107,8515,568138,567379
2026-09-10 09:32:00,3107,3115,3106,3114,5005,567379,567579
2026-09-10 09:33:00,3114,3121,3113,3120,3659,567579,567923
2026-09-10 09:34:00,3120,3121,3114,3117,3448,567923,567779
2026-09-10 09:35:00,3117,3117,3114,3114,2060,567779,567953
2026-09-10 09:36:00,3114,3116,3109,3110,3651,567953,568320
2026-09-10 09:37:00,3110,3113,3107,3109,4212,568320,567773
2026-09-10 09:38:00,3109,3110,3106,3110,3109,567773,566927
2026-09-10 09:39:00,3110,3113,3109,3111,1810,566927,566831
2026-09-10 09:40:00,3111,3112,3104,3105,2805,566831,566909
2026-09-10 09:41:00,3105,3105,3099,3104,3699,566909,566430
2026-09-10 09:42:00,3104,3107,3102,3107,1201,566430,566443
2026-09-10 09:43:00,3107,3108,3104,3104,889,566443,566583
2026-09-10 09:44:00,3104,3107,3103,3106,1200,566583,566686
2026-09-10 09:45:00,3106,3109,3103,3104,1938,566686,566759
2026-09-10 09:46:00,3104,3107,3102,3104,2336,566759,566281
2026-09-10 09:47:00,3104,3108,3104,3106,801,566281,566225
2026-09-10 09:48:00,3106,3106,3086,3089,6741,566225,564486
2026-09-10 09:49:00,3089,3089,3075,3077,9576,564486,561604
2026-09-10 09:50:00,3077,3086,3074,3084,4959,561604,562316
2026-09-10 09:51:00,3084,3090,3083,3088,3465,562316,562358
2026-09-10 09:52:00,3088,3091,3084,3085,1758,562358,562299
2026-09-10 09:53:00,3085,3088,3084,3087,1111,562299,562180
2026-09-10 09:54:00,3087,3089,3077,3077,3040,562180,562074
2026-09-10 09:55:00,3077,3077,3065,3066,5483,562074,560868
2026-09-10 09:56:00,3066,3067,3054,3057,9144,560868,558432
2026-09-10 09:57:00,3057,3061,3056,3061,3565,558432,557909
2026-09-10 09:58:00,3061,3065,3057,3063,3523,557909,557925
2026-09-10 09:59:00,3063,3064,3056,3057,3199,557925,557520
2026-09-10 10:00:00,3057,3064,3056,3060,2544,557520,556794
2026-09-10 10:01:00,3060,3067,3060,3061,3363,556794,556013
2026-09-10 10:02:00,3061,3069,3060,3068,2178,556013,556132
2026-09-10 10:03:00,3068,3068,3063,3068,1474,556132,556161
2026-09-10 10:04:00,3068,3068,3063,3066,1052,556161,556337
2026-09-10 10:05:00,3066,3067,3064,3065,1161,556337,556324
2026-09-10 10:06:00,3065,3071,3065,3068,2836,556324,556434
2026-09-10 10:07:00,3068,3069,3065,3067,1087,556434,556686
2026-09-10 10:08:00,3067,3068,3061,3061,1809,556686,557138
2026-09-10 10:09:00,3061,3064,3057,3064,2038,557138,557304
2026-09-10 10:10:00,3064,3064,3059,3064,1651,557304,557295
2026-09-10 10:11:00,3064,3064,3057,3057,1904,557295,557653
2026-09-10 10:12:00,3057,3061,3057,3060,1086,557653,557742
2026-09-10 10:13:00,3060,3061,3056,3057,1538,557742,557461
2026-09-10 10:14:00,3057,3057,3050,3052,3859,557461,556679
2026-09-10 10:30:00,3054,3060,3052,3060,3774,556679,556818
2026-09-10 10:31:00,3060,3066,3059,3065,2470,556818,556927
2026-09-10 10:32:00,3065,3072,3062,3063,2876,556927,557113
2026-09-10 10:33:00,3063,3064,3054,3057,3344,557113,557814
2026-09-10 10:34:00,3057,3061,3054,3054,1392,557814,558026
2026-09-10 10:35:00,3054,3055,3043,3046,4738,558026,557709
2026-09-10 10:36:00,3046,3052,3046,3051,1047,557709,557728
2026-09-10 10:37:00,3051,3055,3051,3052,2079,557728,557626
2026-09-10 10:38:00,3052,3056,3051,3053,1740,557626,557273
2026-09-10 10:39:00,3053,3056,3049,3055,1733,557273,557376
2026-09-10 10:40:00,3055,3058,3055,3055,2176,557376,557557
2026-09-10 10:41:00,3055,3060,3054,3059,1208,557557,557661
2026-09-10 10:42:00,3059,3060,3053,3054,1156,557661,558048
2026-09-10 10:43:00,3054,3055,3053,3053,1279,558048,557943
2026-09-10 10:44:00,3053,3053,3046,3052,2237,557943,558099
2026-09-10 10:45:00,3052,3059,3051,3057,2271,558099,558425
2026-09-10 10:46:00,3057,3059,3055,3056,1328,558425,558327
2026-09-10 10:47:00,3056,3059,3055,3059,698,558327,558337
2026-09-10 10:48:00,3059,3059,3055,3055,1156,558337,558179
2026-09-10 10:49:00,3055,3056,3052,3054,1075,558179,558027
2026-09-10 10:50:00,3054,3061,3054,3060,1487,558027,558005
2026-09-10 10:51:00,3060,3062,3058,3061,1421,558005,558330
2026-09-10 10:52:00,3061,3061,3057,3057,767,558330,558454
2026-09-10 10:53:00,3057,3057,3053,3056,1512,558454,558760
2026-09-10 10:54:00,3056,3057,3052,3054,1226,558760,558712
2026-09-10 10:55:00,3054,3057,3053,3055,866,558712,558710
2026-09-10 10:56:00,3055,3061,3055,3059,1343,558710,558291
2026-09-10 10:57:00,3059,3064,3059,3063,1116,558291,558449
2026-09-10 10:58:00,3063,3070,3061,3062,3227,558449,558048
2026-09-10 10:59:00,3062,3066,3061,3064,993,558048,557985
2026-09-10 11:00:00,3064,3065,3061,3065,1501,557985,558168
2026-09-10 11:01:00,3065,3069,3064,3068,1465,558168,557987
2026-09-10 11:02:00,3068,3068,3064,3065,927,557987,558218
2026-09-10 11:03:00,3065,3067,3058,3058,1511,558218,558106
2026-09-10 11:04:00,3058,3059,3054,3059,1727,558106,558011
2026-09-10 11:05:00,3059,3061,3058,3059,754,558011,558256
2026-09-10 11:06:00,3059,3061,3058,3060,1052,558256,558313
2026-09-10 11:07:00,3060,3061,3058,3059,764,558313,558555
2026-09-10 11:08:00,3059,3060,3055,3055,886,558555,558705
2026-09-10 11:09:00,3055,3060,3055,3059,1202,558705,558752
2026-09-10 11:10:00,3059,3062,3057,3060,1406,558752,558688
2026-09-10 11:11:00,3060,3060,3058,3058,813,558688,558821
2026-09-10 11:12:00,3058,3063,3058,3062,1339,558821,559014
2026-09-10 11:13:00,3062,3064,3061,3062,910,559014,559049
2026-09-10 11:14:00,3062,3065,3061,3065,977,559049,558889
2026-09-10 11:15:00,3065,3067,3062,3062,1898,558889,558843
2026-09-10 11:16:00,3062,3066,3061,3064,1395,558843,559200
2026-09-10 11:17:00,3064,3067,3061,3066,1541,559200,559522
2026-09-10 11:18:00,3066,3067,3062,3062,694,559522,559574
2026-09-10 11:19:00,3062,3064,3058,3061,1212,559574,559653
2026-09-10 11:20:00,3061,3064,3060,3063,1494,559653,560351
2026-09-10 11:21:00,3063,3065,3061,3062,708,560351,560329
2026-09-10 11:22:00,3062,3063,3060,3061,1378,560329,560550
2026-09-10 11:23:00,3061,3064,3061,3062,825,560550,560626
2026-09-10 11:24:00,3062,3063,3059,3061,999,560626,560659
2026-09-10 11:25:00,3061,3062,3058,3059,1655,560659,560730
2026-09-10 11:26:00,3059,3063,3058,3062,888,560730,560899
2026-09-10 11:27:00,3062,3066,3062,3066,1424,560899,561141
2026-09-10 11:28:00,3066,3068,3065,3067,983,561141,561322
2026-09-10 11:29:00,3067,3069,3065,3066,1386,561322,561660
2026-09-10 13:30:00,3058,3058,3048,3049,7706,561660,561487
2026-09-10 13:31:00,3049,3050,3042,3043,4452,561487,561163
2026-09-10 13:32:00,3043,3045,3040,3044,3749,561163,560430
2026-09-10 13:33:00,3044,3044,3037,3037,3919,560430,559686
2026-09-10 13:34:00,3037,3040,3037,3039,2428,559686,559448
2026-09-10 13:35:00,3039,3040,3035,3036,2964,559448,558814
2026-09-10 13:36:00,3036,3036,3028,3031,5708,558814,557663
2026-09-10 13:37:00,3031,3032,3028,3031,3117,557663,557561
2026-09-10 13:38:00,3031,3042,3031,3042,4334,557561,556716
2026-09-10 13:39:00,3042,3042,3038,3040,4219,556716,556388
2026-09-10 13:40:00,3040,3043,3033,3035,2719,556388,555741
2026-09-10 13:41:00,3035,3038,3034,3035,2528,555741,555282
2026-09-10 13:42:00,3035,3035,3033,3034,1005,555282,555267
2026-09-10 13:43:00,3034,3035,3030,3032,1678,555267,555156
2026-09-10 13:44:00,3032,3032,3028,3030,2103,555156,555105
2026-09-10 13:45:00,3030,3034,3027,3033,2011,555105,554926
2026-09-10 13:46:00,3033,3034,3027,3028,2059,554926,555254
2026-09-10 13:47:00,3028,3030,3027,3027,1802,555254,555569
2026-09-10 13:48:00,3027,3034,3027,3033,1480,555569,555475
2026-09-10 13:49:00,3033,3034,3030,3033,919,555475,555508
2026-09-10 13:50:00,3033,3037,3032,3036,2066,555508,555665
2026-09-10 13:51:00,3036,3036,3028,3030,2206,555665,555840
2026-09-10 13:52:00,3030,3034,3029,3034,1728,555840,556193
2026-09-10 13:53:00,3034,3037,3032,3037,1487,556193,556308
2026-09-10 13:54:00,3037,3040,3036,3040,1635,556308,556470
2026-09-10 13:55:00,3040,3045,3039,3043,2450,556470,556496
2026-09-10 13:56:00,3043,3043,3039,3039,1161,556496,556654
2026-09-10 13:57:00,3039,3040,3030,3030,2534,556654,556393
2026-09-10 13:58:00,3030,3035,3030,3033,991,556393,556453
2026-09-10 13:59:00,3033,3034,3030,3033,1114,556453,556768
2026-09-10 14:00:00,3033,3036,3032,3036,797,556768,556775
2026-09-10 14:01:00,3036,3036,3031,3032,1103,556775,557017
2026-09-10 14:02:00,3032,3034,3030,3030,1134,557017,557246
2026-09-10 14:03:00,3030,3031,3019,3020,5407,557246,557044
2026-09-10 14:04:00,3020,3023,3019,3022,3169,557044,557478
2026-09-10 14:05:00,3022,3028,3022,3026,1944,557478,557450
2026-09-10 14:06:00,3026,3029,3026,3028,1037,557450,557591
2026-09-10 14:07:00,3028,3029,3027,3028,889,557591,557771
2026-09-10 14:08:00,3028,3030,3026,3030,2093,557771,558018
2026-09-10 14:09:00,3030,3032,3027,3030,1317,558018,557921
2026-09-10 14:10:00,3030,3031,3025,3026,1589,557921,557328
2026-09-10 14:11:00,3026,3031,3025,3029,1430,557328,557478
2026-09-10 14:12:00,3029,3030,3026,3030,1202,557478,557061
2026-09-10 14:13:00,3030,3033,3029,3031,1084,557061,557147
2026-09-10 14:14:00,3031,3031,3028,3028,578,557147,557134
2026-09-10 14:15:00,3028,3029,3027,3027,852,557134,557356
2026-09-10 14:16:00,3027,3029,3026,3027,648,557356,557416
2026-09-10 14:17:00,3027,3033,3027,3033,705,557416,557366
2026-09-10 14:18:00,3033,3034,3031,3033,1356,557366,557418
2026-09-10 14:19:00,3033,3034,3029,3033,1031,557418,557371
2026-09-10 14:20:00,3033,3034,3032,3034,757,557371,557421
2026-09-10 14:21:00,3034,3034,3030,3030,872,557421,557428
2026-09-10 14:22:00,3030,3030,3027,3028,850,557428,557289
2026-09-10 14:23:00,3028,3030,3027,3029,678,557289,557455
2026-09-10 14:24:00,3029,3032,3028,3031,671,557455,557517
2026-09-10 14:25:00,3031,3032,3026,3026,1167,557517,557645
2026-09-10 14:26:00,3026,3029,3026,3028,722,557645,557617
2026-09-10 14:27:00,3028,3028,3024,3024,1040,557617,557579
2026-09-10 14:28:00,3024,3028,3024,3028,1507,557579,557146
2026-09-10 14:29:00,3028,3029,3027,3028,469,557146,557030
2026-09-10 14:30:00,3028,3030,3026,3029,794,557030,557037
2026-09-10 14:31:00,3029,3030,3028,3030,411,557037,557069
2026-09-10 14:32:00,3030,3032,3029,3030,1819,557069,557121
2026-09-10 14:33:00,3030,3030,3029,3030,563,557121,557186
2026-09-10 14:34:00,3030,3032,3028,3030,1449,557186,557001
2026-09-10 14:35:00,3030,3031,3029,3030,673,557001,556874
2026-09-10 14:36:00,3030,3030,3028,3029,306,556874,556898
2026-09-10 14:37:00,3029,3029,3028,3028,357,556898,556792
2026-09-10 14:38:00,3028,3029,3027,3029,579,556792,556704
2026-09-10 14:39:00,3029,3030,3028,3030,482,556704,556671
2026-09-10 14:40:00,3030,3035,3029,3034,2619,556671,556434
2026-09-10 14:41:00,3034,3037,3033,3037,1265,556434,556365
2026-09-10 14:42:00,3037,3037,3035,3036,1135,556365,556549
2026-09-10 14:43:00,3036,3040,3035,3038,967,556549,556528
2026-09-10 14:44:00,3038,3041,3038,3040,1594,556528,556755
2026-09-10 14:45:00,3040,3042,3037,3038,1985,556755,556255
2026-09-10 14:46:00,3038,3040,3037,3037,853,556255,556057
2026-09-10 14:47:00,3037,3040,3037,3039,660,556057,556082
2026-09-10 14:48:00,3039,3040,3039,3040,476,556082,556020
2026-09-10 14:49:00,3040,3043,3039,3042,1534,556020,555813
2026-09-10 14:50:00,3042,3042,3040,3042,623,555813,555828
2026-09-10 14:51:00,3042,3045,3041,3045,1477,555828,555604
2026-09-10 14:52:00,3045,3048,3043,3047,1935,555604,555638
2026-09-10 14:53:00,3047,3047,3045,3046,1175,555638,555890
2026-09-10 14:54:00,3046,3047,3044,3044,1071,555890,555975
2026-09-10 14:55:00,3044,3047,3044,3044,1146,555975,556007
2026-09-10 14:56:00,3044,3045,3042,3043,1378,556007,555924
2026-09-10 14:57:00,3043,3046,3042,3046,1409,555924,556236
2026-09-10 14:58:00,3046,3046,3043,3044,1232,556236,556513
2026-09-10 14:59:00,3044,3045,3043,3043,2220,556513,556634
2026-09-10 21:00:00,3130,3154,3117,3120,30908,556634,553746
2026-09-10 21:01:00,3120,3129,3119,3128,13370,553746,555264
2026-09-10 21:02:00,3128,3132,3120,3124,7266,555264,556323
2026-09-10 21:03:00,3124,3125,3107,3111,8701,556323,556452
2026-09-10 21:04:00,3111,3125,3109,3125,8465,556452,555730
2026-09-10 21:05:00,3125,3130,3124,3128,7078,555730,557291
2026-09-10 21:06:00,3128,3128,3120,3123,6187,557291,557249
2026-09-10 21:07:00,3123,3125,3119,3123,4892,557249,558245
2026-09-10 21:08:00,3123,3130,3121,3121,5294,558245,558475
2026-09-10 21:09:00,3121,3126,3120,3122,3782,558475,558693
2026-09-10 21:10:00,3122,3125,3119,3124,5085,558693,559547
2026-09-10 21:11:00,3124,3126,3120,3126,4120,559547,560789
2026-09-10 21:12:00,3126,3127,3124,3125,3245,560789,560660
2026-09-10 21:13:00,3125,3125,3121,3125,2679,560660,560662
2026-09-10 21:14:00,3125,3132,3125,3132,3879,560662,561072
2026-09-10 21:15:00,3132,3135,3131,3131,5860,561072,560949
2026-09-10 21:16:00,3131,3136,3128,3135,4397,560949,562113
2026-09-10 21:17:00,3135,3139,3134,3138,3235,562113,562627
2026-09-10 21:18:00,3138,3139,3132,3134,3309,562627,562695
2026-09-10 21:19:00,3134,3139,3134,3136,2664,562695,562777
2026-09-10 21:20:00,3136,3140,3134,3136,2513,562777,563187
2026-09-10 21:21:00,3136,3137,3122,3128,3958,563187,563525
2026-09-10 21:22:00,3128,3135,3127,3133,2717,563525,564383
2026-09-10 21:23:00,3133,3134,3130,3130,1914,564383,564945
2026-09-10 21:24:00,3130,3135,3129,3134,1667,564945,565514
2026-09-10 21:25:00,3134,3137,3132,3136,1985,565514,565616
2026-09-10 21:26:00,3136,3137,3131,3131,1923,565616,566037
2026-09-10 21:27:00,3131,3135,3131,3132,1488,566037,566177
2026-09-10 21:28:00,3132,3134,3131,3132,1138,566177,566339
2026-09-10 21:29:00,3132,3132,3125,3126,2761,566339,566327
2026-09-10 21:30:00,3126,3129,3123,3126,4855,566327,566288
2026-09-10 21:31:00,3126,3126,3115,3116,5649,566288,566103
2026-09-10 21:32:00,3116,3118,3111,3112,5559,566103,565922
2026-09-10 21:33:00,3112,3113,3105,3109,4349,565922,565892
2026-09-10 21:34:00,3109,3112,3103,3105,4874,565892,565808
2026-09-10 21:35:00,3105,3106,3092,3096,5216,565808,565096
2026-09-10 21:36:00,3096,3099,3091,3097,4954,565096,564887
2026-09-10 21:37:00,3097,3100,3094,3096,3240,564887,565170
2026-09-10 21:38:00,3096,3096,3087,3090,4201,565170,564690
2026-09-10 21:39:00,3090,3090,3070,3074,8208,564690,563907
2026-09-10 21:40:00,3074,3082,3071,3081,6220,563907,563161
2026-09-10 21:41:00,3081,3083,3079,3081,2120,563161,563059
2026-09-10 21:42:00,3081,3085,3080,3081,4197,563059,562390
2026-09-10 21:43:00,3081,3092,3080,3091,3453,562390,561593
2026-09-10 21:44:00,3091,3091,3085,3088,1828,561593,561362
2026-09-10 21:45:00,3088,3089,3080,3080,2093,561362,561782
2026-09-10 21:46:00,3080,3080,3074,3079,2997,561782,561969
2026-09-10 21:47:00,3079,3087,3078,3085,2865,561969,561712
2026-09-10 21:48:00,3085,3086,3082,3083,1222,561712,561557
2026-09-10 21:49:00,3083,3087,3082,3086,1404,561557,561626
2026-09-10 21:50:00,3086,3091,3085,3089,1692,561626,561667
2026-09-10 21:51:00,3089,3094,3089,3093,2025,561667,561536
2026-09-10 21:52:00,3093,3095,3090,3092,2204,561536,561279
2026-09-10 21:53:00,3092,3092,3089,3090,1716,561279,561472
2026-09-10 21:54:00,3090,3090,3084,3090,3533,561472,560811
2026-09-10 21:55:00,3090,3090,3086,3087,1557,560811,560754
2026-09-10 21:56:00,3087,3087,3084,3086,1517,560754,560700
2026-09-10 21:57:00,3086,3089,3086,3088,364,560700,560803
2026-09-10 21:58:00,3088,3088,3083,3086,1689,560803,560506
2026-09-10 21:59:00,3086,3086,3082,3083,1608,560506,560882
2026-09-10 22:00:00,3083,3083,3078,3081,2475,560882,560555
2026-09-10 22:01:00,3081,3083,3080,3081,834,560555,560545
2026-09-10 22:02:00,3081,3084,3078,3084,1637,560545,560939
2026-09-10 22:03:00,3084,3088,3083,3087,1718,560939,560853
2026-09-10 22:04:00,3087,3089,3085,3089,1514,560853,560928
2026-09-10 22:05:00,3089,3090,3085,3089,1317,560928,561052
2026-09-10 22:06:00,3089,3092,3088,3088,1492,561052,560764
2026-09-10 22:07:00,3088,3088,3085,3088,669,560764,560831
2026-09-10 22:08:00,3088,3089,3086,3087,1009,560831,560891
2026-09-10 22:09:00,3087,3089,3085,3087,740,560891,560856
2026-09-10 22:10:00,3087,3090,3082,3083,1318,560856,560554
2026-09-10 22:11:00,3083,3086,3082,3083,1439,560554,560947
2026-09-10 22:12:00,3083,3085,3083,3084,597,560947,561008
2026-09-10 22:13:00,3084,3086,3081,3085,1728,561008,561500
2026-09-10 22:14:00,3085,3088,3082,3088,1501,561500,561432
2026-09-10 22:15:00,3088,3089,3085,3086,1043,561432,561428
2026-09-10 22:16:00,3086,3091,3086,3089,1995,561428,561334
2026-09-10 22:17:00,3089,3090,3088,3089,889,561334,561359
2026-09-10 22:18:00,3089,3089,3078,3079,4026,561359,561114
2026-09-10 22:19:00,3079,3081,3068,3074,4442,561114,561473
2026-09-10 22:20:00,3074,3076,3072,3075,1559,561473,561346
2026-09-10 22:21:00,3075,3076,3073,3074,2044,561346,561802
2026-09-10 22:22:00,3074,3081,3074,3080,1302,561802,561687
2026-09-10 22:23:00,3080,3081,3077,3078,1313,561687,561728
2026-09-10 22:24:00,3078,3080,3067,3068,3326,561728,562272
2026-09-10 22:25:00,3068,3070,3064,3069,2354,562272,562105
2026-09-10 22:26:00,3069,3073,3068,3071,1536,562105,562004
2026-09-10 22:27:00,3071,3075,3067,3068,3127,562004,562460
2026-09-10 22:28:00,3068,3070,3067,3069,819,562460,562423
2026-09-10 22:29:00,3069,3070,3068,3069,719,562423,562452
2026-09-10 22:30:00,3069,3072,3068,3071,949,562452,562462
2026-09-10 22:31:00,3071,3076,3071,3075,1405,562462,562310
2026-09-10 22:32:00,3075,3077,3074,3075,1125,562310,562444
2026-09-10 22:33:00,3075,3079,3075,3079,1136,562444,562563
2026-09-10 22:34:00,3079,3081,3078,3079,1707,562563,562878
2026-09-10 22:35:00,3079,3079,3074,3077,1676,562878,562553
2026-09-10 22:36:00,3077,3080,3076,3078,789,562553,562558
2026-09-10 22:37:00,3078,3078,3074,3074,643,562558,562529
2026-09-10 22:38:00,3074,3076,3074,3074,448,562529,562566
2026-09-10 22:39:00,3074,3078,3073,3077,977,562566,562437
2026-09-10 22:40:00,3077,3077,3073,3076,989,562437,562800
2026-09-10 22:41:00,3076,3079,3075,3079,682,562800,562900
2026-09-10 22:42:00,3079,3082,3077,3081,1173,562900,562963
2026-09-10 22:43:00,3081,3086,3080,3083,1854,562963,562817
2026-09-10 22:44:00,3083,3084,3082,3083,1202,562817,563087
2026-09-10 22:45:00,3083,3085,3082,3084,691,563087,563003
2026-09-10 22:46:00,3084,3087,3084,3086,886,563003,562955
2026-09-10 22:47:00,3086,3089,3086,3087,1591,562955,562821
2026-09-10 22:48:00,3087,3087,3082,3082,825,562821,562864
2026-09-10 22:49:00,3082,3085,3081,3082,1515,562864,563342
2026-09-10 22:50:00,3082,3087,3081,3086,1681,563342,562862
2026-09-10 22:51:00,3086,3089,3085,3086,923,562862,562803
2026-09-10 22:52:00,3086,3091,3086,3091,1816,562803,562386
2026-09-10 22:53:00,3091,3091,3086,3087,1242,562386,562092
2026-09-10 22:54:00,3087,3087,3084,3086,735,562092,562249
2026-09-10 22:55:00,3086,3086,3084,3086,652,562249,562293
2026-09-10 22:56:00,3086,3089,3085,3085,1440,562293,561726
2026-09-10 22:57:00,3085,3087,3085,3086,678,561726,561585
2026-09-10 22:58:00,3086,3087,3085,3086,789,561585,561533
2026-09-10 22:59:00,3086,3086,3083,3085,2865,561533,560198
2026-09-11 09:00:00,3085,3137,3085,3111,20192,560198,560828
2026-09-11 09:01:00,3111,3114,3101,3101,6445,560828,562336
2026-09-11 09:02:00,3101,3101,3092,3092,5302,562336,562635
2026-09-11 09:03:00,3092,3093,3085,3087,4388,562635,562876
2026-09-11 09:04:00,3087,3091,3081,3084,4964,562876,563045
2026-09-11 09:05:00,3084,3086,3081,3086,4234,563045,562356
2026-09-11 09:06:00,3086,3086,3075,3075,3867,562356,562555
2026-09-11 09:07:00,3075,3075,3068,3070,5270,562555,563188
2026-09-11 09:08:00,3070,3074,3070,3074,3230,563188,562603
2026-09-11 09:09:00,3074,3076,3072,3074,2298,562603,562707
2026-09-11 09:10:00,3074,3079,3072,3074,2763,562707,562768
2026-09-11 09:11:00,3074,3077,3068,3070,2886,562768,563171
2026-09-11 09:12:00,3070,3078,3070,3076,2018,563171,563194
2026-09-11 09:13:00,3076,3078,3071,3072,1515,563194,563191
2026-09-11 09:14:00,3072,3074,3071,3071,1136,563191,563359
2026-09-11 09:15:00,3071,3071,3055,3059,6786,563359,563880
2026-09-11 09:16:00,3059,3063,3059,3063,2089,563880,563823
2026-09-11 09:17:00,3063,3065,3061,3064,1938,563823,563954
2026-09-11 09:18:00,3064,3067,3062,3065,2080,563954,564017
2026-09-11 09:19:00,3065,3069,3063,3069,1432,564017,563978
2026-09-11 09:20:00,3069,3071,3061,3064,2635,563978,563922
2026-09-11 09:21:00,3064,3064,3060,3063,1487,563922,563831
2026-09-11 09:22:00,3063,3069,3062,3066,1501,563831,563998
2026-09-11 09:23:00,3066,3069,3063,3064,1702,563998,563860
2026-09-11 09:24:00,3064,3068,3061,3068,1323,563860,563857
2026-09-11 09:25:00,3068,3070,3064,3068,1904,563857,563935
2026-09-11 09:26:00,3068,3070,3066,3067,1345,563935,564129
2026-09-11 09:27:00,3067,3070,3066,3070,691,564129,564172
2026-09-11 09:28:00,3070,3071,3067,3070,1433,564172,564353
2026-09-11 09:29:00,3070,3071,3068,3070,936,564353,564543
2026-09-11 09:30:00,3070,3071,3064,3065,1776,564543,564892
2026-09-11 09:31:00,3065,3069,3063,3063,1068,564892,565140
2026-09-11 09:32:00,3063,3063,3057,3059,3397,565140,565730
2026-09-11 09:33:00,3059,3059,3052,3056,3752,565730,565169
2026-09-11 09:34:00,3056,3058,3054,3058,1707,565169,564954
2026-09-11 09:35:00,3058,3062,3056,3062,1584,564954,564946
2026-09-11 09:36:00,3062,3062,3056,3057,1453,564946,564868
2026-09-11 09:37:00,3057,3058,3055,3058,1138,564868,565223
2026-09-11 09:38:00,3058,3059,3056,3057,1330,565223,565385
2026-09-11 09:39:00,3057,3060,3056,3057,1114,565385,565286
2026-09-11 09:40:00,3057,3066,3057,3066,1953,565286,565544
2026-09-11 09:41:00,3066,3071,3065,3069,3227,565544,564658
2026-09-11 09:42:00,3069,3069,3066,3067,860,564658,564794
2026-09-11 09:43:00,3067,3072,3066,3071,1262,564794,564960
2026-09-11 09:44:00,3071,3074,3069,3073,1631,564960,564880
2026-09-11 09:45:00,3073,3085,3073,3084,3919,564880,564683
2026-09-11 09:46:00,3084,3084,3074,3075,1681,564683,564679
2026-09-11 09:47:00,3075,3080,3074,3080,1210,564679,564911
2026-09-11 09:48:00,3080,3080,3078,3079,800,564911,564971
2026-09-11 09:49:00,3079,3081,3074,3075,1803,564971,565176
2026-09-11 09:50:00,3075,3078,3075,3077,995,565176,565280
2026-09-11 09:51:00,3077,3079,3075,3077,824,565280,565397
2026-09-11 09:52:00,3077,3077,3070,3070,1902,565397,565600
2026-09-11 09:53:00,3070,3072,3067,3070,1170,565600,565555
2026-09-11 09:54:00,3070,3073,3069,3072,672,565555,565765
2026-09-11 09:55:00,3072,3072,3065,3066,1402,565765,566017
2026-09-11 09:56:00,3066,3071,3063,3070,1178,566017,565939
2026-09-11 09:57:00,3070,3077,3070,3072,1735,565939,565886
2026-09-11 09:58:00,3072,3072,3068,3072,817,565886,565887
2026-09-11 09:59:00,3072,3072,3068,3068,828,565887,566003
2026-09-11 10:00:00,3068,3069,3062,3063,1821,566003,566354
2026-09-11 10:01:00,3063,3065,3061,3063,1417,566354,566394
2026-09-11 10:02:00,3063,3067,3062,3067,1409,566394,566157
2026-09-11 10:03:00,3067,3071,3067,3071,1175,566157,566059
2026-09-11 10:04:00,3071,3072,3066,3068,1243,566059,566202
2026-09-11 10:05:00,3068,3069,3064,3065,1080,566202,566496
2026-09-11 10:06:00,3065,3065,3057,3057,2278,566496,566767
2026-09-11 10:07:00,3057,3063,3057,3062,1921,566767,566515
2026-09-11 10:08:00,3062,3063,3059,3061,1010,566515,566688
2026-09-11 10:09:00,3061,3064,3061,3061,609,566688,566685
2026-09-11 10:10:00,3061,3062,3059,3060,941,566685,566632
2026-09-11 10:11:00,3060,3061,3058,3061,617,566632,566531
2026-09-11 10:12:00,3061,3063,3056,3058,1388,566531,566421
2026-09-11 10:13:00,3058,3058,3050,3051,4209,566421,565850
2026-09-11 10:14:00,3051,3054,3049,3053,1681,565850,565583
2026-09-11 10:30:00,3050,3056,3046,3050,4002,565583,566042
2026-09-11 10:31:00,3050,3054,3047,3054,3010,566042,566522
2026-09-11 10:32:00,3054,3054,3046,3046,2204,566522,566611
2026-09-11 10:33:00,3046,3049,3043,3044,3389,566611,566607
2026-09-11 10:34:00,3044,3048,3042,3045,2354,566607,567004
2026-09-11 10:35:00,3045,3049,3045,3047,1756,567004,566960
2026-09-11 10:36:00,3047,3049,3046,3047,1322,566960,567371
2026-09-11 10:37:00,3047,3049,3044,3049,1581,567371,567576
2026-09-11 10:38:00,3049,3052,3048,3050,1321,567576,567701
2026-09-11 10:39:00,3050,3051,3047,3050,1211,567701,567680
2026-09-11 10:40:00,3050,3050,3045,3046,1215,567680,568119
2026-09-11 10:41:00,3046,3051,3046,3049,1046,568119,568193
2026-09-11 10:42:00,3049,3053,3048,3053,1645,568193,568015
2026-09-11 10:43:00,3053,3057,3052,3056,2055,568015,568404
2026-09-11 10:44:00,3056,3058,3054,3056,1773,568404,568614
2026-09-11 10:45:00,3056,3057,3054,3057,1019,568614,568640
2026-09-11 10:46:00,3057,3061,3056,3060,2011,568640,568594
2026-09-11 10:47:00,3060,3061,3052,3052,1808,568594,568664
2026-09-11 10:48:00,3052,3055,3052,3052,1174,568664,568938
2026-09-11 10:49:00,3052,3055,3051,3053,1166,568938,569279
2026-09-11 10:50:00,3053,3058,3052,3056,961,569279,569386
2026-09-11 10:51:00,3056,3056,3051,3052,1633,569386,569731
2026-09-11 10:52:00,3052,3058,3050,3057,1446,569731,569633
2026-09-11 10:53:00,3057,3060,3056,3060,1456,569633,569514
2026-09-11 10:54:00,3060,3060,3056,3057,1472,569514,569457
2026-09-11 10:55:00,3057,3059,3056,3059,1093,569457,569808
2026-09-11 10:56:00,3059,3061,3057,3060,861,569808,569981
2026-09-11 10:57:00,3060,3060,3056,3056,877,569981,570215
2026-09-11 10:58:00,3056,3059,3054,3058,1357,570215,570644
2026-09-11 10:59:00,3058,3060,3056,3059,1133,570644,571203
2026-09-11 11:00:00,3059,3060,3053,3053,1182,571203,571402
2026-09-11 11:01:00,3053,3055,3052,3052,824,571402,571680
2026-09-11 11:02:00,3052,3054,3051,3051,1078,571680,571999
2026-09-11 11:03:00,3051,3052,3050,3051,1086,571999,572166
2026-09-11 11:04:00,3051,3054,3049,3054,1458,572166,572592
2026-09-11 11:05:00,3054,3059,3053,3059,1590,572592,572601
2026-09-11 11:06:00,3059,3063,3058,3061,2534,572601,572543
2026-09-11 11:07:00,3061,3065,3061,3064,1837,572543,572688
2026-09-11 11:08:00,3064,3065,3062,3063,1539,572688,573171
2026-09-11 11:09:00,3063,3066,3062,3065,1610,573171,573218
2026-09-11 11:10:00,3065,3069,3064,3069,1453,573218,573236
2026-09-11 11:11:00,3069,3073,3068,3068,2396,573236,573203
2026-09-11 11:12:00,3068,3072,3068,3070,937,573203,573389
2026-09-11 11:13:00,3070,3073,3069,3071,1184,573389,573262
2026-09-11 11:14:00,3071,3072,3066,3067,1223,573262,573183
2026-09-11 11:15:00,3067,3071,3067,3070,807,573183,573188
2026-09-11 11:16:00,3070,3071,3069,3069,660,573188,573444
2026-09-11 11:17:00,3069,3073,3069,3071,1046,573444,573700
2026-09-11 11:18:00,3071,3074,3070,3073,846,573700,573638
2026-09-11 11:19:00,3073,3079,3073,3078,1637,573638,573873
2026-09-11 11:20:00,3078,3080,3072,3073,1409,573873,574191
2026-09-11 11:21:00,3073,3074,3072,3073,1250,574191,574505
2026-09-11 11:22:00,3073,3073,3063,3065,2141,574505,574229
2026-09-11 11:23:00,3065,3065,3062,3064,1227,574229,574256
2026-09-11 11:24:00,3064,3065,3062,3064,1196,574256,574223
2026-09-11 11:25:00,3064,3067,3063,3067,1468,574223,574073
2026-09-11 11:26:00,3067,3072,3067,3069,1201,574073,574162
2026-09-11 11:27:00,3069,3070,3066,3068,1346,574162,574239
2026-09-11 11:28:00,3068,3068,3065,3067,1346,574239,574707
2026-09-11 11:29:00,3067,3069,3065,3068,659,574707,574564
2026-09-11 13:30:00,3050,3050,3030,3031,14258,574564,573044
2026-09-11 13:31:00,3031,3031,3012,3015,9482,573044,572664
2026-09-11 13:32:00,3015,3022,3011,3014,6294,572664,571585
2026-09-11 13:33:00,3014,3019,3012,3012,3696,571585,571947
2026-09-11 13:34:00,3012,3013,3001,3003,8852,571947,572650
2026-09-11 13:35:00,3003,3008,3001,3002,4277,572650,573142
2026-09-11 13:36:00,3002,3010,3000,3001,5626,573142,573669
2026-09-11 13:37:00,3001,3004,2998,3003,4002,573669,573401
2026-09-11 13:38:00,3003,3004,2999,3003,3899,573401,572853
2026-09-11 13:39:00,3003,3004,2986,2987,9425,572853,572213
2026-09-11 13:40:00,2987,2995,2987,2994,5486,572213,571269
2026-09-11 13:41:00,2994,2994,2988,2990,4300,571269,570946
2026-09-11 13:42:00,2990,2999,2990,2995,4644,570946,570864
2026-09-11 13:43:00,2995,2995,2985,2990,5179,570864,570078
2026-09-11 13:44:00,2990,2994,2990,2993,2316,570078,570189
2026-09-11 13:45:00,2993,2998,2990,2996,3295,570189,570348
2026-09-11 13:46:00,2996,2996,2990,2991,2826,570348,570993
2026-09-11 13:47:00,2991,2992,2989,2992,2848,570993,571078
2026-09-11 13:48:00,2992,2992,2986,2988,3481,571078,571673
2026-09-11 13:49:00,2988,2988,2978,2983,6540,571673,571363
2026-09-11 13:50:00,2983,2993,2982,2993,4624,571363,570820
2026-09-11 13:51:00,2993,2993,2988,2989,1922,570820,570928
2026-09-11 13:52:00,2989,2994,2985,2992,3736,570928,570135
2026-09-11 13:53:00,2992,2993,2989,2990,1964,570135,570535
2026-09-11 13:54:00,2990,2991,2987,2991,1673,570535,570398
2026-09-11 13:55:00,2991,2993,2987,2990,1794,570398,570422
2026-09-11 13:56:00,2990,2995,2990,2994,1494,570422,570573
2026-09-11 13:57:00,2994,3000,2994,2995,3278,570573,570188
2026-09-11 13:58:00,2995,3000,2994,2999,2250,570188,570637
2026-09-11 13:59:00,2999,2999,2996,2999,1587,570637,570425
2026-09-11 14:00:00,2999,2999,2993,2993,2240,570425,570516
2026-09-11 14:01:00,2993,2999,2992,2998,3110,570516,570404
2026-09-11 14:02:00,2998,2998,2991,2993,2501,570404,570514
2026-09-11 14:03:00,2993,2997,2991,2996,1379,570514,570543
2026-09-11 14:04:00,2996,2996,2994,2996,726,570543,570747
2026-09-11 14:05:00,2996,2997,2992,2994,1255,570747,570871
2026-09-11 14:06:00,2994,2996,2993,2994,733,570871,570867
2026-09-11 14:07:00,2994,2995,2993,2994,660,570867,570772
2026-09-11 14:08:00,2994,2996,2993,2994,1007,570772,570802
2026-09-11 14:09:00,2994,3000,2994,2999,1648,570802,570747
2026-09-11 14:10:00,2999,3005,2997,3002,3332,570747,569909
2026-09-11 14:11:00,3002,3003,2997,2999,1377,569909,569861
2026-09-11 14:12:00,2999,3002,2998,3001,2847,569861,569453
2026-09-11 14:13:00,3001,3001,2995,2997,1325,569453,569302
2026-09-11 14:14:00,2997,3000,2996,2998,1303,569302,569136
2026-09-11 14:15:00,2998,3000,2998,2999,545,569136,569067
2026-09-11 14:16:00,2999,3000,2994,2999,3088,569067,568068
2026-09-11 14:17:00,2999,3000,2995,3000,1585,568068,567822
2026-09-11 14:18:00,3000,3003,3000,3002,1341,567822,567542
2026-09-11 14:19:00,3002,3004,3001,3004,1825,567542,567810
2026-09-11 14:20:00,3004,3004,2999,3002,2681,567810,568318
2026-09-11 14:21:00,3002,3005,3002,3003,1783,568318,568183
2026-09-11 14:22:00,3003,3005,2999,3003,3701,568183,566671
2026-09-11 14:23:00,3003,3006,3002,3005,2297,566671,566260
2026-09-11 14:24:00,3005,3007,3001,3002,1790,566260,565896
2026-09-11 14:25:00,3002,3005,3001,3005,1233,565896,565717
2026-09-11 14:26:00,3005,3006,3003,3003,1948,565717,565981
2026-09-11 14:27:00,3003,3003,2999,3000,2253,565981,565959
2026-09-11 14:28:00,3000,3000,2996,2999,2401,565959,565828
2026-09-11 14:29:00,2999,2999,2997,2997,847,565828,566031
2026-09-11 14:30:00,2997,2998,2996,2997,1381,566031,566227
2026-09-11 14:31:00,2997,2998,2995,2997,1270,566227,566656
2026-09-11 14:32:00,2997,2998,2995,2996,1010,566656,566705
2026-09-11 14:33:00,2996,3011,2996,3010,4097,566705,565920
2026-09-11 14:34:00,3010,3010,3005,3005,2379,565920,565906
2026-09-11 14:35:00,3005,3006,3003,3005,1152,565906,565962
2026-09-11 14:36:00,3005,3007,3003,3005,986,565962,566066
2026-09-11 14:37:00,3005,3006,3002,3003,1426,566066,565826
2026-09-11 14:38:00,3003,3005,3003,3004,725,565826,565805
2026-09-11 14:39:00,3004,3005,3003,3005,461,565805,565773
2026-09-11 14:40:00,3005,3006,3004,3005,937,565773,565803
2026-09-11 14:41:00,3005,3008,3005,3007,1126,565803,565633
2026-09-11 14:42:00,3007,3011,3006,3011,1803,565633,565483
2026-09-11 14:43:00,3011,3011,3007,3009,1111,565483,565382
2026-09-11 14:44:00,3009,3011,3008,3010,1212,565382,565336
2026-09-11 14:45:00,3010,3011,3008,3011,1759,565336,565010
2026-09-11 14:46:00,3011,3018,3010,3016,4164,565010,564231
2026-09-11 14:47:00,3016,3016,3012,3014,2444,564231,565100
2026-09-11 14:48:00,3014,3014,3010,3010,1516,565100,564997
2026-09-11 14:49:00,3010,3013,3009,3013,1572,564997,565074
2026-09-11 14:50:00,3013,3013,3011,3011,826,565074,564974
2026-09-11 14:51:00,3011,3011,3009,3010,791,564974,564825
2026-09-11 14:52:00,3010,3013,3009,3012,1041,564825,564728
2026-09-11 14:53:00,3012,3014,3011,3013,1193,564728,564932
2026-09-11 14:54:00,3013,3014,3011,3013,1562,564932,565628
2026-09-11 14:55:00,3013,3014,3011,3014,1154,565628,565852
2026-09-11 14:56:00,3014,3014,3013,3014,834,565852,565650
2026-09-11 14:57:00,3014,3015,3013,3015,1279,565650,565434
2026-09-11 14:58:00,3015,3016,3013,3015,1946,565434,565258
2026-09-11 14:59:00,3015,3017,3014,3016,2496,565258,564760
2026-09-11 21:00:00,3000,3016,2995,3015,12267,564760,566140
2026-09-11 21:01:00,3015,3019,3010,3011,6773,566140,567867
2026-09-11 21:02:00,3011,3014,3008,3011,5902,567867,568866
2026-09-11 21:03:00,3011,3013,3007,3011,4757,568866,569960
2026-09-11 21:04:00,3011,3021,3011,3020,7595,569960,570955
2026-09-11 21:05:00,3020,3027,3020,3023,4977,570955,571282
2026-09-11 21:06:00,3023,3028,3022,3027,4296,571282,571825
2026-09-11 21:07:00,3027,3029,3026,3027,3691,571825,571705
2026-09-11 21:08:00,3027,3038,3026,3037,7557,571705,572576
2026-09-11 21:09:00,3037,3043,3036,3039,5019,572576,573026
2026-09-11 21:10:00,3039,3041,3032,3034,4246,573026,573774
2026-09-11 21:11:00,3034,3039,3034,3039,2867,573774,574150
2026-09-11 21:12:00,3039,3041,3038,3038,2771,574150,574590
2026-09-11 21:13:00,3038,3040,3032,3034,3590,574590,575672
2026-09-11 21:14:00,3034,3038,3034,3034,2465,575672,575936
2026-09-11 21:15:00,3034,3035,3026,3028,5319,575936,576111
2026-09-11 21:16:00,3028,3030,3026,3027,2359,576111,576441
2026-09-11 21:17:00,3027,3029,3025,3028,2056,576441,576544
2026-09-11 21:18:00,3028,3029,3026,3029,1660,576544,576669
2026-09-11 21:19:00,3029,3033,3029,3032,2132,576669,576784
2026-09-11 21:20:00,3032,3033,3029,3031,1227,576784,576953
2026-09-11 21:21:00,3031,3033,3029,3031,1269,576953,576895
2026-09-11 21:22:00,3031,3039,3031,3035,2730,576895,576706
2026-09-11 21:23:00,3035,3036,3034,3035,1091,576706,576945
2026-09-11 21:24:00,3035,3036,3032,3033,1320,576945,577198
2026-09-11 21:25:00,3033,3033,3027,3031,1714,577198,577330
2026-09-11 21:26:00,3031,3032,3029,3030,1161,577330,577588
2026-09-11 21:27:00,3030,3034,3029,3030,1038,577588,577666
2026-09-11 21:28:00,3030,3033,3019,3022,4886,577666,578035
2026-09-11 21:29:00,3022,3027,3022,3024,1715,578035,577857
2026-09-11 21:30:00,3024,3025,3019,3024,2390,577857,578002
2026-09-11 21:31:00,3024,3027,3023,3026,991,578002,578136
2026-09-11 21:32:00,3026,3029,3024,3026,1399,578136,578497
2026-09-11 21:33:00,3026,3027,3024,3026,743,578497,578492
2026-09-11 21:34:00,3026,3029,3025,3026,1472,578492,578261
2026-09-11 21:35:00,3026,3028,3025,3025,533,578261,578399
2026-09-11 21:36:00,3025,3030,3025,3027,1404,578399,578509
2026-09-11 21:37:00,3027,3028,3024,3026,861,578509,578549
2026-09-11 21:38:00,3026,3035,3026,3033,2424,578549,578649
2026-09-11 21:39:00,3033,3036,3029,3033,2549,578649,578637
2026-09-11 21:40:00,3033,3034,3030,3032,1813,578637,578980
2026-09-11 21:41:00,3032,3034,3032,3032,1068,578980,578796
2026-09-11 21:42:00,3032,3033,3030,3031,759,578796,578805
2026-09-11 21:43:00,3031,3032,3029,3030,1026,578805,578681
2026-09-11 21:44:00,3030,3030,3027,3028,1090,578681,578677
2026-09-11 21:45:00,3028,3029,3026,3026,916,578677,578661
2026-09-11 21:46:00,3026,3029,3025,3029,1255,578661,578890
2026-09-11 21:47:00,3029,3029,3026,3027,458,578890,578896
2026-09-11 21:48:00,3027,3029,3026,3029,467,578896,579055
2026-09-11 21:49:00,3029,3030,3026,3029,950,579055,579332
2026-09-11 21:50:00,3029,3032,3029,3031,680,579332,579526
2026-09-11 21:51:00,3031,3035,3031,3034,1154,579526,579588
2026-09-11 21:52:00,3034,3034,3031,3032,783,579588,579761
2026-09-11 21:53:00,3032,3033,3030,3032,507,579761,579672
2026-09-11 21:54:00,3032,3039,3032,3038,1851,579672,579591
2026-09-11 21:55:00,3038,3040,3037,3038,1608,579591,579762
2026-09-11 21:56:00,3038,3042,3037,3039,3246,579762,580149
2026-09-11 21:57:00,3039,3042,3037,3041,1263,580149,580600
2026-09-11 21:58:00,3041,3044,3041,3042,2197,580600,580956
2026-09-11 21:59:00,3042,3045,3040,3045,1686,580956,581251
2026-09-11 22:00:00,3045,3046,3039,3039,2681,581251,581490
2026-09-11 22:01:00,3039,3043,3039,3042,878,581490,581595
2026-09-11 22:02:00,3042,3046,3042,3044,1726,581595,581669
2026-09-11 22:03:00,3044,3046,3042,3042,1309,581669,581689
2026-09-11 22:04:00,3042,3045,3042,3044,781,581689,581891
2026-09-11 22:05:00,3044,3051,3044,3051,3601,581891,581721
2026-09-11 22:06:00,3051,3051,3047,3049,1315,581721,581776
2026-09-11 22:07:00,3049,3050,3046,3047,1002,581776,581743
2026-09-11 22:08:00,3047,3048,3046,3048,877,581743,581988
2026-09-11 22:09:00,3048,3050,3046,3048,1409,581988,581949
2026-09-11 22:10:00,3048,3051,3046,3050,1373,581949,582193
2026-09-11 22:11:00,3050,3050,3048,3050,576,582193,582210
2026-09-11 22:12:00,3050,3056,3050,3054,3035,582210,582258
2026-09-11 22:13:00,3054,3054,3048,3051,1929,582258,582244
2026-09-11 22:14:00,3051,3052,3049,3051,1373,582244,582497
2026-09-11 22:15:00,3051,3054,3050,3051,1422,582497,582558
2026-09-11 22:16:00,3051,3053,3051,3053,1885,582558,582847
2026-09-11 22:17:00,3053,3054,3051,3052,733,582847,582794
2026-09-11 22:18:00,3052,3055,3051,3052,1237,582794,582606
2026-09-11 22:19:00,3052,3054,3050,3051,1151,582606,582462
2026-09-11 22:20:00,3051,3055,3049,3054,1954,582462,582136
2026-09-11 22:21:00,3054,3060,3054,3059,4350,582136,581588
2026-09-11 22:22:00,3059,3065,3059,3065,4481,581588,581177
2026-09-11 22:23:00,3065,3073,3063,3067,4889,581177,580739
2026-09-11 22:24:00,3067,3071,3066,3068,2810,580739,581087
2026-09-11 22:25:00,3068,3072,3065,3065,2127,581087,581310
2026-09-11 22:26:00,3065,3068,3063,3067,2186,581310,580852
2026-09-11 22:27:00,3067,3068,3061,3066,1818,580852,581190
2026-09-11 22:28:00,3066,3068,3064,3067,1226,581190,581180
2026-09-11 22:29:00,3067,3072,3067,3070,2568,581180,581573
2026-09-11 22:30:00,3070,3072,3069,3071,2028,581573,581038
2026-09-11 22:31:00,3071,3071,3067,3068,1227,581038,580985
2026-09-11 22:32:00,3068,3069,3062,3062,2189,580985,580743
2026-09-11 22:33:00,3062,3063,3054,3058,3560,580743,580106
2026-09-11 22:34:00,3058,3058,3055,3057,2079,580106,579816
2026-09-11 22:35:00,3057,3061,3057,3059,1490,579816,579993
2026-09-11 22:36:00,3059,3065,3058,3062,1642,579993,580019
2026-09-11 22:37:00,3062,3063,3059,3059,915,580019,580256
2026-09-11 22:38:00,3059,3062,3058,3062,895,580256,580271
2026-09-11 22:39:00,3062,3062,3059,3060,835,580271,580415
2026-09-11 22:40:00,3060,3062,3057,3062,983,580415,580434
2026-09-11 22:41:00,3062,3062,3060,3062,612,580434,580431
2026-09-11 22:42:00,3062,3062,3060,3061,890,580431,580494
2026-09-11 22:43:00,3061,3061,3059,3061,721,580494,580406
2026-09-11 22:44:00,3061,3061,3058,3059,843,580406,580227
2026-09-11 22:45:00,3059,3059,3057,3059,912,580227,580132
2026-09-11 22:46:00,3059,3059,3054,3056,1642,580132,580067
2026-09-11 22:47:00,3056,3056,3049,3049,2876,580067,579723
2026-09-11 22:48:00,3049,3051,3047,3047,2693,579723,579341
2026-09-11 22:49:00,3047,3049,3045,3048,2996,579341,578551
2026-09-11 22:50:00,3048,3050,3046,3048,1368,578551,578452
2026-09-11 22:51:00,3048,3048,3040,3042,3421,578452,578009
2026-09-11 22:52:00,3042,3047,3042,3045,1867,578009,578017
2026-09-11 22:53:00,3045,3050,3044,3050,1636,578017,577553
2026-09-11 22:54:00,3050,3050,3048,3049,1252,577553,577488
2026-09-11 22:55:00,3049,3054,3048,3049,1638,577488,577298
2026-09-11 22:56:00,3049,3049,3047,3049,953,577298,577095
2026-09-11 22:57:00,3049,3054,3048,3052,1383,577095,576632
2026-09-11 22:58:00,3052,3055,3051,3053,1698,576632,576536
2026-09-11 22:59:00,3053,3055,3050,3053,3344,576536,575787
2026-09-14 09:00:00,3053,3108,3053,3074,17595,575787,575412
2026-09-14 09:01:00,3074,3083,3072,3078,6107,575412,577174
2026-09-14 09:02:00,3078,3080,3073,3075,3340,577174,577967
2026-09-14 09:03:00,3075,3096,3073,3088,6626,577967,578775
2026-09-14 09:04:00,3088,3095,3087,3089,3810,578775,579229
2026-09-14 09:05:00,3089,3093,3084,3093,3191,579229,579847
2026-09-14 09:06:00,3093,3096,3088,3090,3478,579847,580977
2026-09-14 09:07:00,3090,3092,3087,3088,1906,580977,581404
2026-09-14 09:08:00,3088,3088,3075,3079,5031,581404,582667
2026-09-14 09:09:00,3079,3084,3075,3077,4443,582667,583479
2026-09-14 09:10:00,3077,3083,3075,3078,4702,583479,585547
2026-09-14 09:11:00,3078,3079,3072,3074,3121,585547,586324
2026-09-14 09:12:00,3074,3084,3074,3082,1726,586324,586306
2026-09-14 09:13:00,3082,3085,3081,3083,1563,586306,586480
2026-09-14 09:14:00,3083,3083,3080,3081,1233,586480,586678
2026-09-14 09:15:00,3081,3082,3075,3075,2448,586678,587052
2026-09-14 09:16:00,3075,3079,3071,3079,2387,587052,587607
2026-09-14 09:17:00,3079,3083,3078,3081,1793,587607,587874
2026-09-14 09:18:00,3081,3085,3081,3085,1086,587874,587946
2026-09-14 09:19:00,3085,3086,3080,3081,2285,587946,588184
2026-09-14 09:20:00,3081,3086,3079,3086,1004,588184,588276
2026-09-14 09:21:00,3086,3089,3084,3085,1666,588276,588379
2026-09-14 09:22:00,3085,3086,3075,3079,2017,588379,588244
2026-09-14 09:23:00,3079,3079,3074,3074,1712,588244,588369
2026-09-14 09:24:00,3074,3074,3061,3065,5335,588369,588421
2026-09-14 09:25:00,3065,3072,3065,3066,3041,588421,588551
2026-09-14 09:26:00,3066,3069,3066,3066,1183,588551,588661
2026-09-14 09:27:00,3066,3067,3057,3058,3405,588661,588576
2026-09-14 09:28:00,3058,3061,3055,3061,2563,588576,588786
2026-09-14 09:29:00,3061,3065,3060,3064,1245,588786,588890
2026-09-14 09:30:00,3064,3065,3062,3064,1364,588890,588924
2026-09-14 09:31:00,3064,3065,3062,3063,1033,588924,589017
2026-09-14 09:32:00,3063,3072,3063,3071,2361,589017,589151
2026-09-14 09:33:00,3071,3072,3069,3071,1408,589151,589515
2026-09-14 09:34:00,3071,3074,3066,3067,2180,589515,589843
2026-09-14 09:35:00,3067,3068,3064,3067,1173,589843,589975
2026-09-14 09:36:00,3067,3067,3064,3065,1028,589975,590105
2026-09-14 09:37:00,3065,3069,3064,3069,1227,590105,590167
2026-09-14 09:38:00,3069,3074,3068,3071,981,590167,590407
2026-09-14 09:39:00,3071,3073,3068,3070,919,590407,590518
2026-09-14 09:40:00,3070,3072,3067,3070,1570,590518,591314
2026-09-14 09:41:00,3070,3073,3065,3066,1183,591314,591552
2026-09-14 09:42:00,3066,3070,3065,3069,776,591552,591699
2026-09-14 09:43:00,3069,3070,3067,3067,732,591699,591921
2026-09-14 09:44:00,3067,3068,3061,3063,1175,591921,591989
2026-09-14 09:45:00,3063,3063,3053,3057,2617,591989,592071
2026-09-14 09:46:00,3057,3059,3055,3056,1497,592071,592326
2026-09-14 09:47:00,3056,3058,3055,3056,1055,592326,592479
2026-09-14 09:48:00,3056,3059,3055,3055,1110,592479,592670
2026-09-14 09:49:00,3055,3062,3055,3059,1494,592670,593083
2026-09-14 09:50:00,3059,3062,3056,3057,1105,593083,593229
2026-09-14 09:51:00,3057,3064,3057,3064,1011,593229,593390
2026-09-14 09:52:00,3064,3064,3060,3061,741,593390,593693
2026-09-14 09:53:00,3061,3063,3058,3058,1123,593693,593844
2026-09-14 09:54:00,3058,3059,3055,3058,1183,593844,593927
2026-09-14 09:55:00,3058,3059,3056,3057,628,593927,594019
2026-09-14 09:56:00,3057,3059,3053,3056,1830,594019,594247
2026-09-14 09:57:00,3056,3062,3056,3061,1343,594247,594325
2026-09-14 09:58:00,3061,3064,3058,3058,1155,594325,594328
2026-09-14 09:59:00,3058,3060,3057,3059,717,594328,594366
2026-09-14 10:00:00,3059,3063,3058,3062,1079,594366,594350
2026-09-14 10:01:00,3062,3063,3061,3062,717,594350,594413
2026-09-14 10:02:00,3062,3065,3061,3062,1212,594413,594468
2026-09-14 10:03:00,3062,3063,3061,3062,887,594468,594418
2026-09-14 10:04:00,3062,3064,3059,3063,1774,594418,594237
2026-09-14 10:05:00,3063,3065,3060,3060,1182,594237,594427
2026-09-14 10:06:00,3060,3063,3057,3058,1217,594427,594854
2026-09-14 10:07:00,3058,3058,3049,3050,3622,594854,595183
2026-09-14 10:08:00,3050,3054,3049,3054,1691,595183,595392
2026-09-14 10:09:00,3054,3056,3046,3048,3249,595392,595952
2026-09-14 10:10:00,3048,3049,3040,3042,4139,595952,596392
2026-09-14 10:11:00,3042,3044,3040,3043,2051,596392,596667
2026-09-14 10:12:00,3043,3046,3043,3046,1055,596667,596562
2026-09-14 10:13:00,3046,3047,3044,3046,1354,596562,596698
2026-09-14 10:14:00,3046,3046,3044,3045,983,596698,596550
2026-09-14 10:30:00,3045,3050,3042,3043,3433,596550,597064
2026-09-14 10:31:00,3043,3047,3042,3046,1549,597064,597139
2026-09-14 10:32:00,3046,3047,3043,3045,963,597139,597284
2026-09-14 10:33:00,3045,3047,3041,3042,1403,597284,597757
2026-09-14 10:34:00,3042,3045,3041,3042,1505,597757,597853
2026-09-14 10:35:00,3042,3042,3037,3037,2917,597853,598017
2026-09-14 10:36:00,3037,3040,3036,3036,2551,598017,598141
2026-09-14 10:37:00,3036,3041,3036,3041,1553,598141,598086
2026-09-14 10:38:00,3041,3042,3039,3042,1056,598086,598228
2026-09-14 10:39:00,3042,3043,3037,3043,1297,598228,598341
2026-09-14 10:40:00,3043,3049,3041,3049,1807,598341,598279
2026-09-14 10:41:00,3049,3050,3046,3050,1461,598279,598365
2026-09-14 10:42:00,3050,3052,3044,3044,1776,598365,598475
2026-09-14 10:43:00,3044,3048,3043,3047,1283,598475,598639
2026-09-14 10:44:00,3047,3049,3045,3047,591,598639,598664
2026-09-14 10:45:00,3047,3048,3042,3042,1007,598664,598771
2026-09-14 10:46:00,3042,3045,3042,3043,2199,598771,599193
2026-09-14 10:47:00,3043,3044,3040,3042,1134,599193,599335
2026-09-14 10:48:00,3042,3046,3042,3046,683,599335,599446
2026-09-14 10:49:00,3046,3048,3044,3047,781,599446,599365
2026-09-14 10:50:00,3047,3048,3044,3045,559,599365,599445
2026-09-14 10:51:00,3045,3049,3045,3047,711,599445,599552
2026-09-14 10:52:00,3047,3049,3047,3048,648,599552,599554
2026-09-14 10:53:00,3048,3051,3047,3051,1322,599554,599551
2026-09-14 10:54:00,3051,3051,3047,3051,1024,599551,599746
2026-09-14 10:55:00,3051,3052,3048,3050,1006,599746,599994
2026-09-14 10:56:00,3050,3051,3044,3047,1430,599994,600230
2026-09-14 10:57:00,3047,3048,3046,3047,662,600230,600264
2026-09-14 10:58:00,3047,3050,3047,3050,830,600264,600483
2026-09-14 10:59:00,3050,3052,3050,3052,1115,600483,600737
2026-09-14 11:00:00,3052,3056,3051,3054,2102,600737,601002
2026-09-14 11:01:00,3054,3054,3050,3051,991,601002,600637
2026-09-14 11:02:00,3051,3052,3048,3051,617,600637,600795
2026-09-14 11:03:00,3051,3055,3051,3055,967,600795,600956
2026-09-14 11:04:00,3055,3056,3053,3055,843,600956,600992
2026-09-14 11:05:00,3055,3055,3052,3053,630,600992,601065
2026-09-14 11:06:00,3053,3055,3052,3054,894,601065,601356
2026-09-14 11:07:00,3054,3061,3052,3060,2431,601356,601239
2026-09-14 11:08:00,3060,3061,3058,3061,1335,601239,601141
2026-09-14 11:09:00,3061,3064,3058,3058,1812,601141,601524
2026-09-14 11:10:00,3058,3062,3058,3061,852,601524,601534
2026-09-14 11:11:00,3061,3062,3058,3060,793,601534,601625
2026-09-14 11:12:00,3060,3060,3054,3054,1319,601625,601710
2026-09-14 11:13:00,3054,3057,3050,3050,1743,601710,602132
2026-09-14 11:14:00,3050,3051,3044,3049,1627,602132,602086
2026-09-14 11:15:00,3049,3050,3047,3049,1166,602086,602046
2026-09-14 11:16:00,3049,3051,3048,3049,672,602046,602011
2026-09-14 11:17:00,3049,3056,3048,3053,1440,602011,602371
2026-09-14 11:18:00,3053,3053,3049,3049,726,602371,602414
2026-09-14 11:19:00,3049,3050,3047,3048,1408,602414,602819
2026-09-14 11:20:00,3048,3049,3047,3048,672,602819,602871
2026-09-14 11:21:00,3048,3052,3048,3051,724,602871,602801
2026-09-14 11:22:00,3051,3052,3046,3047,935,602801,603001
2026-09-14 11:23:00,3047,3049,3046,3049,491,603001,603034
2026-09-14 11:24:00,3049,3051,3047,3048,648,603034,603190
2026-09-14 11:25:00,3048,3051,3046,3051,615,603190,603338
2026-09-14 11:26:00,3051,3051,3048,3049,501,603338,603388
2026-09-14 11:27:00,3049,3049,3046,3047,631,603388,603484
2026-09-14 11:28:00,3047,3048,3046,3047,766,603484,603708
2026-09-14 11:29:00,3047,3047,3041,3041,1566,603708,603320
2026-09-14 13:30:00,3030,3041,3025,3037,8028,603320,603137
2026-09-14 13:31:00,3037,3041,3037,3038,1808,603137,603045
2026-09-14 13:32:00,3038,3038,3026,3027,2952,603045,602975
2026-09-14 13:33:00,3027,3027,3020,3020,3789,602975,602885
2026-09-14 13:34:00,3020,3025,3019,3020,2827,602885,602878
2026-09-14 13:35:00,3020,3022,3016,3020,3405,602878,602831
2026-09-14 13:36:00,3020,3020,3016,3017,3278,602831,603653
2026-09-14 13:37:00,3017,3018,3009,3010,5334,603653,603632
2026-09-14 13:38:00,3010,3015,3010,3010,2877,603632,603960
2026-09-14 13:39:00,3010,3014,3008,3013,2788,603960,603946
2026-09-14 13:40:00,3013,3017,3012,3016,2153,603946,604022
2026-09-14 13:41:00,3016,3017,3013,3015,1884,604022,604396
2026-09-14 13:42:00,3015,3025,3014,3024,4091,604396,604485
2026-09-14 13:43:00,3024,3024,3018,3021,2492,604485,604424
2026-09-14 13:44:00,3021,3021,3015,3016,1439,604424,604506
2026-09-14 13:45:00,3016,3017,3012,3014,1542,604506,604601
2026-09-14 13:46:00,3014,3014,3007,3008,4224,604601,605191
2026-09-14 13:47:00,3008,3009,3005,3007,3007,605191,605615
2026-09-14 13:48:00,3007,3011,3005,3011,2423,605615,605665
2026-09-14 13:49:00,3011,3015,3010,3012,1945,605665,606083
2026-09-14 13:50:00,3012,3013,3009,3009,1574,606083,606411
2026-09-14 13:51:00,3009,3015,3009,3014,1869,606411,606714
2026-09-14 13:52:00,3014,3019,3013,3015,2975,606714,606669
2026-09-14 13:53:00,3015,3015,3010,3012,2196,606669,606693
2026-09-14 13:54:00,3012,3013,3008,3008,1702,606693,606450
2026-09-14 13:55:00,3008,3012,3007,3012,2325,606450,606182
2026-09-14 13:56:00,3012,3013,3010,3013,1361,606182,606187
2026-09-14 13:57:00,3013,3013,3009,3011,1193,606187,606221
2026-09-14 13:58:00,3011,3011,3008,3009,942,606221,606383
2026-09-14 13:59:00,3009,3009,3004,3007,2741,606383,606263
2026-09-14 14:00:00,3007,3012,3007,3012,1209,606263,606414
2026-09-14 14:01:00,3012,3015,3010,3011,1795,606414,606190
2026-09-14 14:02:00,3011,3014,3010,3012,1128,606190,606434
2026-09-14 14:03:00,3012,3014,3011,3012,989,606434,606637
2026-09-14 14:04:00,3012,3013,3010,3012,525,606637,606796
2026-09-14 14:05:00,3012,3016,3010,3015,1338,606796,606904
2026-09-14 14:06:00,3015,3019,3014,3017,1750,606904,606902
2026-09-14 14:07:00,3017,3017,3015,3015,912,606902,607158
2026-09-14 14:08:00,3015,3021,3015,3021,1654,607158,607529
2026-09-14 14:09:00,3021,3025,3020,3022,3520,607529,607329
2026-09-14 14:10:00,3022,3024,3018,3018,1272,607329,607503
2026-09-14 14:11:00,3018,3019,3014,3016,1491,607503,607762
2026-09-14 14:12:00,3016,3019,3016,3018,894,607762,607863
2026-09-14 14:13:00,3018,3018,3016,3017,441,607863,608037
2026-09-14 14:14:00,3017,3018,3015,3016,972,608037,608265
2026-09-14 14:15:00,3016,3019,3014,3016,770,608265,608398
2026-09-14 14:16:00,3016,3017,3013,3015,878,608398,608476
2026-09-14 14:17:00,3015,3016,3012,3015,859,608476,608439
2026-09-14 14:18:00,3015,3019,3015,3017,541,608439,608510
2026-09-14 14:19:00,3017,3019,3014,3015,596,608510,608503
2026-09-14 14:20:00,3015,3016,3014,3015,373,608503,608549
2026-09-14 14:21:00,3015,3018,3014,3017,652,608549,608714
2026-09-14 14:22:00,3017,3019,3016,3018,787,608714,609014
2026-09-14 14:23:00,3018,3019,3015,3016,673,609014,609226
2026-09-14 14:24:00,3016,3018,3016,3017,490,609226,609437
2026-09-14 14:25:00,3017,3019,3015,3018,747,609437,609544
2026-09-14 14:26:00,3018,3019,3015,3016,609,609544,609586
2026-09-14 14:27:00,3016,3017,3012,3013,998,609586,609485
2026-09-14 14:28:00,3013,3017,3011,3016,1121,609485,609534
2026-09-14 14:29:00,3016,3018,3014,3016,1213,609534,609555
2026-09-14 14:30:00,3016,3017,3015,3016,451,609555,609562
2026-09-14 14:31:00,3016,3017,3011,3017,1332,609562,609595
2026-09-14 14:32:00,3017,3023,3017,3021,2137,609595,609199
2026-09-14 14:33:00,3021,3022,3019,3019,600,609199,609246
2026-09-14 14:34:00,3019,3021,3019,3019,704,609246,609324
2026-09-14 14:35:00,3019,3021,3018,3020,488,609324,609272
2026-09-14 14:36:00,3020,3023,3019,3020,1437,609272,609029
2026-09-14 14:37:00,3020,3024,3020,3021,1272,609029,609245
2026-09-14 14:38:00,3021,3022,3019,3020,716,609245,609111
2026-09-14 14:39:00,3020,3023,3019,3023,1222,609111,609126
2026-09-14 14:40:00,3023,3024,3021,3023,986,609126,609216
2026-09-14 14:41:00,3023,3024,3022,3023,507,609216,609166
2026-09-14 14:42:00,3023,3028,3023,3027,2509,609166,609448
2026-09-14 14:43:00,3027,3028,3025,3026,891,609448,609444
2026-09-14 14:44:00,3026,3028,3024,3024,1977,609444,609696
2026-09-14 14:45:00,3024,3025,3021,3023,1457,609696,609874
2026-09-14 14:46:00,3023,3025,3020,3020,1064,609874,609864
2026-09-14 14:47:00,3020,3022,3018,3019,1288,609864,609945
2026-09-14 14:48:00,3019,3020,3017,3018,923,609945,609927
2026-09-14 14:49:00,3018,3019,3014,3016,1536,609927,610032
2026-09-14 14:50:00,3016,3017,3013,3016,1573,610032,610298
2026-09-14 14:51:00,3016,3017,3014,3016,1214,610298,610404
2026-09-14 14:52:00,3016,3019,3016,3018,814,610404,610556
2026-09-14 14:53:00,3018,3021,3017,3017,1489,610556,610686
2026-09-14 14:54:00,3017,3019,3014,3016,1712,610686,611090
2026-09-14 14:55:00,3016,3016,3013,3014,1356,611090,611305
2026-09-14 14:56:00,3014,3015,3013,3014,1053,611305,611407
2026-09-14 14:57:00,3014,3017,3014,3017,2096,611407,610835
2026-09-14 14:58:00,3017,3017,3015,3016,1208,610835,610696
2026-09-14 14:59:00,3016,3017,3013,3016,3472,610696,610426
2026-09-14 21:00:00,3050,3055,3031,3036,17266,610426,610234
2026-09-14 21:01:00,3036,3053,3035,3053,9643,610234,610400
2026-09-14 21:02:00,3053,3053,3047,3053,5955,610400,611318
2026-09-14 21:03:00,3053,3064,3052,3060,6751,611318,611515
2026-09-14 21:04:00,3060,3065,3055,3055,6173,611515,611799
2026-09-14 21:05:00,3055,3056,3046,3049,5792,611799,612508
2026-09-14 21:06:00,3049,3050,3041,3045,3479,612508,612788
2026-09-14 21:07:00,3045,3047,3041,3044,2653,612788,612658
2026-09-14 21:08:00,3044,3045,3041,3042,1885,612658,612776
2026-09-14 21:09:00,3042,3047,3038,3044,5238,612776,612772
2026-09-14 21:10:00,3044,3050,3042,3042,2755,612772,613057
2026-09-14 21:11:00,3042,3043,3035,3036,3951,613057,613626
2026-09-14 21:12:00,3036,3036,3028,3030,5607,613626,613915
2026-09-14 21:13:00,3030,3030,3023,3026,5424,613915,615274
2026-09-14 21:14:00,3026,3028,3024,3026,3814,615274,615900
2026-09-14 21:15:00,3026,3031,3025,3030,3469,615900,616040
2026-09-14 21:16:00,3030,3031,3026,3028,2060,616040,616378
2026-09-14 21:17:00,3028,3035,3028,3032,3017,616378,616216
2026-09-14 21:18:00,3032,3035,3032,3034,1980,616216,616488
2026-09-14 21:19:00,3034,3036,3032,3034,1976,616488,616773
2026-09-14 21:20:00,3034,3041,3033,3036,3451,616773,616814
2026-09-14 21:21:00,3036,3039,3031,3031,2480,616814,617187
2026-09-14 21:22:00,3031,3036,3028,3035,1961,617187,617284
2026-09-14 21:23:00,3035,3041,3034,3038,2855,617284,617324
2026-09-14 21:24:00,3038,3041,3037,3040,1231,617324,617540
2026-09-14 21:25:00,3040,3043,3038,3040,1763,617540,617554
2026-09-14 21:26:00,3040,3040,3033,3037,2374,617554,617581
2026-09-14 21:27:00,3037,3039,3033,3033,2587,617581,617539
2026-09-14 21:28:00,3033,3035,3029,3033,2790,617539,617339
2026-09-14 21:29:00,3033,3036,3032,3034,1224,617339,617367
2026-09-14 21:30:00,3034,3038,3032,3034,1151,617367,617686
2026-09-14 21:31:00,3034,3035,3031,3033,1647,617686,617702
2026-09-14 21:32:00,3033,3034,3029,3029,2000,617702,617965
2026-09-14 21:33:00,3029,3031,3028,3031,1635,617965,617952
2026-09-14 21:34:00,3031,3035,3029,3035,1976,617952,617882
2026-09-14 21:35:00,3035,3038,3031,3036,3117,617882,618121
2026-09-14 21:36:00,3036,3037,3031,3035,2931,618121,618128
2026-09-14 21:37:00,3035,3037,3032,3033,1961,618128,618206
2026-09-14 21:38:00,3033,3037,3033,3033,1397,618206,618129
2026-09-14 21:39:00,3033,3034,3025,3031,3884,618129,618120
2026-09-14 21:40:00,3031,3034,3029,3032,1896,618120,618125
2026-09-14 21:41:00,3032,3038,3031,3037,2227,618125,617908
2026-09-14 21:42:00,3037,3039,3033,3034,1566,617908,617984
2026-09-14 21:43:00,3034,3038,3034,3038,1265,617984,618135
2026-09-14 21:44:00,3038,3038,3035,3036,618,618135,618056
2026-09-14 21:45:00,3036,3038,3036,3038,1330,618056,618096
2026-09-14 21:46:00,3038,3046,3038,3045,3878,618096,617889
2026-09-14 21:47:00,3045,3049,3043,3048,3539,617889,617108
2026-09-14 21:48:00,3048,3054,3048,3051,3746,617108,616818
2026-09-14 21:49:00,3051,3061,3051,3059,7522,616818,616319
2026-09-14 21:50:00,3059,3060,3053,3055,5866,616319,615995
2026-09-14 21:51:00,3055,3060,3055,3058,3318,615995,617242
2026-09-14 21:52:00,3058,3058,3051,3054,3055,617242,617264
2026-09-14 21:53:00,3054,3055,3053,3053,1174,617264,617371
2026-09-14 21:54:00,3053,3058,3053,3058,2640,617371,618115
2026-09-14 21:55:00,3058,3060,3056,3059,3066,618115,617982
2026-09-14 21:56:00,3059,3063,3058,3060,2655,617982,617870
2026-09-14 21:57:00,3060,3062,3057,3057,1613,617870,617959
2026-09-14 21:58:00,3057,3063,3055,3062,2872,617959,617834
2026-09-14 21:59:00,3062,3065,3062,3064,2658,617834,617901
2026-09-14 22:00:00,3064,3069,3063,3065,4216,617901,618224
2026-09-14 22:01:00,3065,3068,3059,3060,3293,618224,619126
2026-09-14 22:02:00,3060,3062,3058,3058,1629,619126,619220
2026-09-14 22:03:00,3058,3060,3057,3059,1705,619220,619052
2026-09-14 22:04:00,3059,3060,3058,3059,600,619052,619139
2026-09-14 22:05:00,3059,3060,3057,3057,1700,619139,619210
2026-09-14 22:06:00,3057,3057,3048,3049,3781,619210,618482
2026-09-14 22:07:00,3049,3051,3046,3047,3071,618482,618572
2026-09-14 22:08:00,3047,3048,3044,3047,2773,618572,618790
2026-09-14 22:09:00,3047,3050,3046,3050,1245,618790,618941
2026-09-14 22:10:00,3050,3052,3044,3052,1574,618941,618723
2026-09-14 22:11:00,3052,3054,3049,3052,1129,618723,618693
2026-09-14 22:12:00,3052,3054,3050,3053,1157,618693,618726
2026-09-14 22:13:00,3053,3054,3047,3048,1216,618726,618443
2026-09-14 22:14:00,3048,3054,3047,3054,959,618443,618556
2026-09-14 22:15:00,3054,3056,3052,3052,1427,618556,618143
2026-09-14 22:16:00,3052,3055,3052,3054,422,618143,618239
2026-09-14 22:17:00,3054,3056,3053,3054,1495,618239,618392
2026-09-14 22:18:00,3054,3056,3053,3056,833,618392,618683
2026-09-14 22:19:00,3056,3056,3050,3053,1189,618683,618917
2026-09-14 22:20:00,3053,3055,3053,3054,698,618917,618914
2026-09-14 22:21:00,3054,3055,3053,3055,443,618914,618980
2026-09-14 22:22:00,3055,3055,3052,3053,495,618980,619089
2026-09-14 22:23:00,3053,3055,3052,3055,435,619089,619132
2026-09-14 22:24:00,3055,3061,3054,3061,2381,619132,618826
2026-09-14 22:25:00,3061,3061,3056,3056,819,618826,618985
2026-09-14 22:26:00,3056,3059,3055,3057,753,618985,619002
2026-09-14 22:27:00,3057,3057,3054,3055,781,619002,619187
2026-09-14 22:28:00,3055,3056,3051,3052,1033,619187,619269
2026-09-14 22:29:00,3052,3055,3052,3053,719,619269,619393
2026-09-14 22:30:00,3053,3055,3050,3055,1039,619393,619387
2026-09-14 22:31:00,3055,3056,3052,3053,321,619387,619358
2026-09-14 22:32:00,3053,3054,3050,3051,778,619358,619499
2026-09-14 22:33:00,3051,3053,3050,3053,1189,619499,619700
2026-09-14 22:34:00,3053,3053,3051,3053,433,619700,619671
2026-09-14 22:35:00,3053,3054,3052,3052,404,619671,619701
2026-09-14 22:36:00,3052,3053,3049,3050,931,619701,619645
2026-09-14 22:37:00,3050,3053,3050,3051,400,619645,619617
2026-09-14 22:38:00,3051,3053,3051,3052,307,619617,619663
2026-09-14 22:39:00,3052,3053,3050,3052,427,619663,619674
2026-09-14 22:40:00,3052,3052,3049,3050,799,619674,619614
2026-09-14 22:41:00,3050,3052,3049,3051,494,619614,619595
2026-09-14 22:42:00,3051,3054,3051,3053,848,619595,619451
2026-09-14 22:43:00,3053,3054,3047,3049,1365,619451,619265
2026-09-14 22:44:00,3049,3050,3047,3047,653,619265,619265
2026-09-14 22:45:00,3047,3048,3045,3045,983,619265,619120
2026-09-14 22:46:00,3045,3049,3045,3048,1408,619120,619336
2026-09-14 22:47:00,3048,3049,3046,3049,719,619336,619261
2026-09-14 22:48:00,3049,3049,3043,3045,1570,619261,619281
2026-09-14 22:49:00,3045,3047,3044,3046,636,619281,619195
2026-09-14 22:50:00,3046,3049,3045,3047,533,619195,619157
2026-09-14 22:51:00,3047,3049,3046,3046,558,619157,619061
2026-09-14 22:52:00,3046,3049,3046,3049,573,619061,618997
2026-09-14 22:53:00,3049,3050,3048,3050,890,618997,618664
2026-09-14 22:54:00,3050,3051,3048,3049,694,618664,618445
2026-09-14 22:55:00,3049,3051,3049,3050,582,618445,618408
2026-09-14 22:56:00,3050,3052,3049,3051,1109,618408,618175
2026-09-14 22:57:00,3051,3051,3049,3051,595,618175,618104
2026-09-14 22:58:00,3051,3053,3051,3053,685,618104,617854
2026-09-14 22:59:00,3053,3056,3053,3056,3868,617854,616561
2026-09-15 09:00:00,3056,3056,3041,3054,7318,616561,617101
2026-09-15 09:01:00,3054,3059,3053,3056,4309,617101,617344
2026-09-15 09:02:00,3056,3062,3056,3059,4301,617344,617741
2026-09-15 09:03:00,3059,3061,3051,3053,3080,617741,618213
2026-09-15 09:04:00,3053,3053,3031,3032,7312,618213,617502
2026-09-15 09:05:00,3032,3035,3017,3025,8797,617502,617685
2026-09-15 09:06:00,3025,3026,3019,3023,5692,617685,618242
2026-09-15 09:07:00,3023,3025,3020,3020,3971,618242,618678
2026-09-15 09:08:00,3020,3024,3019,3023,3144,618678,618190
2026-09-15 09:09:00,3023,3023,3017,3019,4220,618190,618674
2026-09-15 09:10:00,3019,3021,3018,3020,2114,618674,618535
2026-09-15 09:11:00,3020,3022,3016,3017,2395,618535,618682
2026-09-15 09:12:00,3017,3017,3011,3015,4110,618682,618914
2026-09-15 09:13:00,3015,3023,3014,3020,3215,618914,618880
2026-09-15 09:14:00,3020,3022,3017,3017,2655,618880,618294
2026-09-15 09:15:00,3017,3018,3012,3016,3305,618294,618647
2026-09-15 09:16:00,3016,3021,3016,3020,1900,618647,618580
2026-09-15 09:17:00,3020,3025,3019,3024,3939,618580,618207
2026-09-15 09:18:00,3024,3027,3023,3024,4044,618207,617833
2026-09-15 09:19:00,3024,3025,3021,3021,1472,617833,617833
2026-09-15 09:20:00,3021,3026,3021,3025,2041,617833,617937
2026-09-15 09:21:00,3025,3026,3021,3022,2290,617937,617832
2026-09-15 09:22:00,3022,3026,3021,3024,1232,617832,617779
2026-09-15 09:23:00,3024,3027,3023,3025,1525,617779,617554
2026-09-15 09:24:00,3025,3025,3021,3023,1457,617554,617656
2026-09-15 09:25:00,3023,3027,3022,3026,1320,617656,617773
2026-09-15 09:26:00,3026,3031,3026,3029,2650,617773,617501
2026-09-15 09:27:00,3029,3033,3027,3033,2512,617501,617563
2026-09-15 09:28:00,3033,3034,3031,3031,1570,617563,617694
2026-09-15 09:29:00,3031,3032,3027,3028,1426,617694,617836
2026-09-15 09:30:00,3028,3030,3027,3028,1092,617836,618149
2026-09-15 09:31:00,3028,3029,3024,3026,2228,618149,618649
2026-09-15 09:32:00,3026,3028,3023,3024,1446,618649,618850
2026-09-15 09:33:00,3024,3024,3015,3015,3928,618850,618905
2026-09-15 09:34:00,3015,3021,3015,3018,1894,618905,619141
2026-09-15 09:35:00,3018,3023,3017,3020,1706,619141,619462
2026-09-15 09:36:00,3020,3021,3016,3018,1483,619462,619551
2026-09-15 09:37:00,3018,3018,3008,3009,5426,619551,619383
2026-09-15 09:38:00,3009,3012,3007,3010,3194,619383,619366
2026-09-15 09:39:00,3010,3011,3008,3010,1263,619366,619391
2026-09-15 09:40:00,3010,3017,3008,3014,3465,619391,619935
2026-09-15 09:41:00,3014,3015,3012,3014,1159,619935,620053
2026-09-15 09:42:00,3014,3016,3014,3015,1226,620053,620175
2026-09-15 09:43:00,3015,3016,3012,3013,1594,620175,620488
2026-09-15 09:44:00,3013,3016,3012,3014,1692,620488,620661
2026-09-15 09:45:00,3014,3018,3014,3015,1557,620661,620826
2026-09-15 09:46:00,3015,3016,3012,3014,1321,620826,621098
2026-09-15 09:47:00,3014,3015,3010,3014,970,621098,621044
2026-09-15 09:48:00,3014,3017,3011,3011,2114,621044,621664
2026-09-15 09:49:00,3011,3013,3009,3010,2412,621664,621855
2026-09-15 09:50:00,3010,3013,3007,3010,2618,621855,621857
2026-09-15 09:51:00,3010,3014,3009,3013,1693,621857,622031
2026-09-15 09:52:00,3013,3014,3011,3013,1172,622031,622359
2026-09-15 09:53:00,3013,3015,3012,3015,1002,622359,622167
2026-09-15 09:54:00,3015,3015,3011,3013,1205,622167,622351
2026-09-15 09:55:00,3013,3013,3006,3007,2826,622351,622868
2026-09-15 09:56:00,3007,3009,3006,3008,1567,622868,622937
2026-09-15 09:57:00,3008,3013,3008,3010,1398,622937,623276
2026-09-15 09:58:00,3010,3013,3009,3010,981,623276,623439
2026-09-15 09:59:00,3010,3014,3010,3013,985,623439,623638
2026-09-15 10:00:00,3013,3014,3010,3012,1034,623638,623890
2026-09-15 10:01:00,3012,3015,3012,3013,1052,623890,624005
2026-09-15 10:02:00,3013,3016,3013,3015,1535,624005,623798
2026-09-15 10:03:00,3015,3016,3011,3013,846,623798,623881
2026-09-15 10:04:00,3013,3017,3011,3011,1330,623881,623567
2026-09-15 10:05:00,3011,3012,3010,3011,972,623567,623529
2026-09-15 10:06:00,3011,3011,3009,3011,824,623529,623466
2026-09-15 10:07:00,3011,3015,3010,3014,952,623466,623597
2026-09-15 10:08:00,3014,3016,3013,3013,1012,623597,623589
2026-09-15 10:09:00,3013,3014,3012,3013,1591,623589,623386
2026-09-15 10:10:00,3013,3014,3010,3010,735,623386,623572
2026-09-15 10:11:00,3010,3011,3008,3008,1218,623572,623426
2026-09-15 10:12:00,3008,3009,2997,3002,6061,623426,622771
2026-09-15 10:13:00,3002,3004,3001,3003,2103,622771,622607
2026-09-15 10:14:00,3003,3005,3002,3003,1711,622607,622492
2026-09-15 10:30:00,3005,3014,3005,3009,4551,622492,623141
2026-09-15 10:31:00,3009,3010,3005,3008,1433,623141,623110
2026-09-15 10:32:00,3008,3013,3008,3013,1792,623110,622566
2026-09-15 10:33:00,3013,3013,3011,3012,927,622566,622514
2026-09-15 10:34:00,3012,3012,3008,3012,1800,622514,622380
2026-09-15 10:35:00,3012,3017,3012,3017,2240,622380,622303
2026-09-15 10:36:00,3017,3021,3016,3017,3845,622303,621578
2026-09-15 10:37:00,3017,3021,3017,3019,1728,621578,621064
2026-09-15 10:38:00,3019,3019,3011,3012,2782,621064,620354
2026-09-15 10:39:00,3012,3013,3008,3013,2393,620354,620398
2026-09-15 10:40:00,3013,3016,3013,3016,1465,620398,620446
2026-09-15 10:41:00,3016,3016,3013,3016,1206,620446,620713
2026-09-15 10:42:00,3016,3020,3015,3019,1592,620713,620343
2026-09-15 10:43:00,3019,3021,3018,3020,1154,620343,620285
2026-09-15 10:44:00,3020,3024,3020,3024,3173,620285,619976
2026-09-15 10:45:00,3024,3025,3018,3020,3068,619976,620129
2026-09-15 10:46:00,3020,3021,3016,3017,1757,620129,620109
2026-09-15 10:47:00,3017,3018,3015,3016,1443,620109,620243
2026-09-15 10:48:00,3016,3018,3015,3016,687,620243,620234
2026-09-15 10:49:00,3016,3017,3010,3010,1937,620234,620324
2026-09-15 10:50:00,3010,3011,3006,3008,2727,620324,620326
2026-09-15 10:51:00,3008,3008,3004,3006,2758,620326,621087
2026-09-15 10:52:00,3006,3006,3001,3005,2649,621087,620996
2026-09-15 10:53:00,3005,3008,3005,3006,1631,620996,621262
2026-09-15 10:54:00,3006,3008,3004,3005,1543,621262,621448
2026-09-15 10:55:00,3005,3006,3003,3004,962,621448,621629
2026-09-15 10:56:00,3004,3006,3004,3006,770,621629,621782
2026-09-15 10:57:00,3006,3008,3005,3005,932,621782,621911
2026-09-15 10:58:00,3005,3006,2999,3000,3367,621911,622438
2026-09-15 10:59:00,3000,3001,2998,2998,2605,622438,622943
2026-09-15 11:00:00,2998,2999,2992,2995,4983,622943,623306
2026-09-15 11:01:00,2995,2995,2990,2993,3403,623306,623264
2026-09-15 11:02:00,2993,2994,2991,2993,1734,623264,623696
2026-09-15 11:03:00,2993,2993,2986,2991,4491,623696,623678
2026-09-15 11:04:00,2991,2992,2989,2991,1737,623678,623860
2026-09-15 11:05:00,2991,2993,2990,2993,1244,623860,624008
2026-09-15 11:06:00,2993,2995,2991,2993,1481,624008,624081
2026-09-15 11:07:00,2993,2994,2991,2993,1473,624081,624079
2026-09-15 11:08:00,2993,2996,2992,2992,1368,624079,624047
2026-09-15 11:09:00,2992,2994,2991,2994,945,624047,624191
2026-09-15 11:10:00,2994,2996,2993,2995,1015,624191,623941
2026-09-15 11:11:00,2995,2996,2993,2993,771,623941,624122
2026-09-15 11:12:00,2993,2993,2991,2993,726,624122,624185
2026-09-15 11:13:00,2993,2995,2991,2994,818,624185,624321
2026-09-15 11:14:00,2994,2996,2993,2994,741,624321,624295
2026-09-15 11:15:00,2994,2996,2994,2995,860,624295,624424
2026-09-15 11:16:00,2995,2996,2992,2994,931,624424,624667
2026-09-15 11:17:00,2994,2996,2993,2995,399,624667,624620
2026-09-15 11:18:00,2995,2995,2993,2993,383,624620,624714
2026-09-15 11:19:00,2993,2993,2986,2987,3418,624714,624849
2026-09-15 11:20:00,2987,2991,2987,2991,1549,624849,625129
2026-09-15 11:21:00,2991,2994,2989,2990,1687,625129,625693
2026-09-15 11:22:00,2990,2993,2990,2991,569,625693,625697
2026-09-15 11:23:00,2991,2996,2990,2995,1659,625697,625133
2026-09-15 11:24:00,2995,2996,2993,2993,514,625133,625105
2026-09-15 11:25:00,2993,2994,2991,2994,838,625105,625275
2026-09-15 11:26:00,2994,2997,2993,2997,961,625275,624946
2026-09-15 11:27:00,2997,2997,2994,2995,713,624946,624966
2026-09-15 11:28:00,2995,2995,2991,2993,664,624966,624913
2026-09-15 11:29:00,2993,2993,2991,2991,1616,624913,624397
2026-09-15 13:30:00,2999,3005,2997,3004,6558,624397,623885
2026-09-15 13:31:00,3004,3012,3004,3009,4454,623885,623212
2026-09-15 13:32:00,3009,3010,3005,3006,2437,623212,623555
2026-09-15 13:33:00,3006,3007,2999,2999,2677,623555,623739
2026-09-15 13:34:00,2999,3001,2999,2999,1276,623739,624067
2026-09-15 13:35:00,2999,3002,2997,3001,2037,624067,624514
2026-09-15 13:36:00,3001,3002,2999,3000,974,624514,624552
2026-09-15 13:37:00,3000,3001,2998,3001,929,624552,624728
2026-09-15 13:38:00,3001,3003,3000,3003,829,624728,624789
2026-09-15 13:39:00,3003,3003,2999,3001,969,624789,625017
2026-09-15 13:40:00,3001,3004,2998,2998,1948,625017,625709
2026-09-15 13:41:00,2998,2998,2993,2994,1828,625709,625903
2026-09-15 13:42:00,2994,2996,2993,2995,1294,625903,626278
2026-09-15 13:43:00,2995,2998,2994,2997,1219,626278,626488
2026-09-15 13:44:00,2997,2997,2991,2991,1127,626488,626799
2026-09-15 13:45:00,2991,2992,2985,2986,4012,626799,627366
2026-09-15 13:46:00,2986,2990,2986,2989,1465,627366,627753
2026-09-15 13:47:00,2989,2991,2987,2990,1624,627753,628140
2026-09-15 13:48:00,2990,2990,2986,2990,1544,628140,628342
2026-09-15 13:49:00,2990,2994,2989,2991,1881,628342,628256
2026-09-15 13:50:00,2991,2993,2988,2989,1649,628256,628355
2026-09-15 13:51:00,2989,2989,2986,2987,1186,628355,628502
2026-09-15 13:52:00,2987,2988,2986,2988,947,628502,628793
2026-09-15 13:53:00,2988,2992,2988,2991,1642,628793,628520
2026-09-15 13:54:00,2991,2993,2990,2993,1498,628520,628334
2026-09-15 13:55:00,2993,2996,2992,2993,1686,628334,628150
2026-09-15 13:56:00,2993,2996,2993,2995,740,628150,628196
2026-09-15 13:57:00,2995,2999,2994,2998,1383,628196,628004
2026-09-15 13:58:00,2998,2999,2995,2998,993,628004,628073
2026-09-15 13:59:00,2998,2999,2995,2997,1195,628073,628011
2026-09-15 14:00:00,2997,3000,2995,2999,1616,628011,628121
2026-09-15 14:01:00,2999,2999,2995,2997,1559,628121,627750
2026-09-15 14:02:00,2997,2998,2996,2997,1013,627750,627606
2026-09-15 14:03:00,2997,2999,2995,2999,1021,627606,627652
2026-09-15 14:04:00,2999,3001,2998,3000,2056,627652,627236
2026-09-15 14:05:00,3000,3001,2998,2999,928,627236,627362
2026-09-15 14:06:00,2999,3006,2999,3003,2925,627362,627053
2026-09-15 14:07:00,3003,3003,2999,3000,1480,627053,627109
2026-09-15 14:08:00,3000,3003,3000,3001,1360,627109,627045
2026-09-15 14:09:00,3001,3003,2998,3002,1234,627045,627052
2026-09-15 14:10:00,3002,3003,2998,2998,873,627052,627039
2026-09-15 14:11:00,2998,3000,2998,2999,506,627039,626963
2026-09-15 14:12:00,2999,3000,2998,3000,751,626963,626793
2026-09-15 14:13:00,3000,3000,2995,2996,1498,626793,626996
2026-09-15 14:14:00,2996,2998,2996,2998,463,626996,627020
2026-09-15 14:15:00,2998,2999,2996,2997,513,627020,627001
2026-09-15 14:16:00,2997,2999,2996,2997,700,627001,627140
2026-09-15 14:17:00,2997,2998,2995,2995,518,627140,627223
2026-09-15 14:18:00,2995,2997,2995,2996,482,627223,627235
2026-09-15 14:19:00,2996,2997,2994,2996,1016,627235,627456
2026-09-15 14:20:00,2996,2996,2993,2993,1417,627456,627433
2026-09-15 14:21:00,2993,2997,2992,2995,1455,627433,627284
2026-09-15 14:22:00,2995,2998,2995,2998,595,627284,627431
2026-09-15 14:23:00,2998,2998,2994,2996,696,627431,627517
2026-09-15 14:24:00,2996,3000,2995,2999,1126,627517,627591
2026-09-15 14:25:00,2999,3002,2999,3000,1588,627591,627810
2026-09-15 14:26:00,3000,3001,2998,3001,930,627810,627984
2026-09-15 14:27:00,3001,3004,3000,3003,1586,627984,627815
2026-09-15 14:28:00,3003,3005,3002,3004,1493,627815,627551
2026-09-15 14:29:00,3004,3004,3000,3000,948,627551,627603
2026-09-15 14:30:00,3000,3002,2999,3001,731,627603,627745
2026-09-15 14:31:00,3001,3003,3000,3002,964,627745,627881
2026-09-15 14:32:00,3002,3002,2998,2999,1140,627881,627993
2026-09-15 14:33:00,2999,3001,2999,3000,851,627993,627862
2026-09-15 14:34:00,3000,3002,2999,3002,818,627862,628049
2026-09-15 14:35:00,3002,3005,3001,3002,2417,628049,628042
2026-09-15 14:36:00,3002,3004,3000,3000,1254,628042,627952
2026-09-15 14:37:00,3000,3001,2999,3001,1632,627952,627893
2026-09-15 14:38:00,3001,3002,2999,2999,1173,627893,628080
2026-09-15 14:39:00,2999,3001,2997,2997,1327,628080,628195
2026-09-15 14:40:00,2997,2998,2996,2996,1379,628195,628395
2026-09-15 14:41:00,2996,2998,2995,2997,1416,628395,628374
2026-09-15 14:42:00,2997,2998,2995,2998,539,628374,628165
2026-09-15 14:43:00,2998,3000,2995,3000,2376,628165,627203
2026-09-15 14:44:00,3000,3002,3000,3001,1478,627203,627399
2026-09-15 14:45:00,3001,3001,2999,3000,761,627399,627173
2026-09-15 14:46:00,3000,3004,3000,3004,1285,627173,626911
2026-09-15 14:47:00,3004,3004,3002,3002,845,626911,626806
2026-09-15 14:48:00,3002,3009,3002,3004,3504,626806,626505
2026-09-15 14:49:00,3004,3004,3002,3002,697,626505,626379
2026-09-15 14:50:00,3002,3003,3000,3001,1354,626379,626807
2026-09-15 14:51:00,3001,3001,2999,2999,1388,626807,626852
2026-09-15 14:52:00,2999,3005,2999,3004,1021,626852,626635
2026-09-15 14:53:00,3004,3010,3004,3008,2574,626635,626422
2026-09-15 14:54:00,3008,3010,3007,3009,2216,626422,626090
2026-09-15 14:55:00,3009,3014,3009,3014,2404,626090,625177
2026-09-15 14:56:00,3014,3014,3010,3011,1749,625177,625263
2026-09-15 14:57:00,3011,3012,3010,3011,1346,625263,625487
2026-09-15 14:58:00,3011,3015,3011,3015,2291,625487,624913
2026-09-15 14:59:00,3015,3018,3014,3016,3934,624913,623567
2026-09-15 21:00:00,2980,3000,2980,2996,16203,623567,625680
2026-09-15 21:01:00,2996,2997,2989,2992,7954,625680,627054
2026-09-15 21:02:00,2992,2994,2988,2989,6643,627054,627554
2026-09-15 21:03:00,2989,2989,2984,2986,6300,627554,628659
2026-09-15 21:04:00,2986,2990,2986,2989,3464,628659,629371
2026-09-15 21:05:00,2989,3001,2988,2999,6060,629371,631342
2026-09-15 21:06:00,2999,3015,2999,3009,9839,631342,632720
2026-09-15 21:07:00,3009,3011,3006,3008,4419,632720,634259
2026-09-15 21:08:00,3008,3010,3005,3005,2400,634259,634691
2026-09-15 21:09:00,3005,3007,3003,3007,2798,634691,635924
2026-09-15 21:10:00,3007,3010,3007,3007,3195,635924,636323
2026-09-15 21:11:00,3007,3010,3007,3008,3202,636323,637553
2026-09-15 21:12:00,3008,3011,3005,3011,3344,637553,638494
2026-09-15 21:13:00,3011,3013,3009,3010,2434,638494,638750
2026-09-15 21:14:00,3010,3011,3006,3008,1399,638750,638811
2026-09-15 21:15:00,3008,3011,3006,3010,2629,638811,639263
2026-09-15 21:16:00,3010,3010,3005,3009,1649,639263,639512
2026-09-15 21:17:00,3009,3014,3009,3012,2939,639512,640174
2026-09-15 21:18:00,3012,3013,3009,3013,1592,640174,640268
2026-09-15 21:19:00,3013,3017,3012,3014,3662,640268,640293
2026-09-15 21:20:00,3014,3016,3011,3013,2106,640293,640693
2026-09-15 21:21:00,3013,3016,3013,3014,2011,640693,640954
2026-09-15 21:22:00,3014,3024,3013,3020,4780,640954,640755
2026-09-15 21:23:00,3020,3020,3016,3016,2399,640755,641301
2026-09-15 21:24:00,3016,3018,3015,3017,1590,641301,641654
2026-09-15 21:25:00,3017,3021,3016,3018,2447,641654,642210
2026-09-15 21:26:00,3018,3021,3018,3020,1927,642210,642267
2026-09-15 21:27:00,3020,3022,3018,3019,3085,642267,642015
2026-09-15 21:28:00,3019,3020,3017,3018,2126,642015,642339
2026-09-15 21:29:00,3018,3021,3016,3021,2218,642339,642843
2026-09-15 21:30:00,3021,3033,3020,3026,7431,642843,643176
2026-09-15 21:31:00,3026,3027,3020,3022,4348,643176,643416
2026-09-15 21:32:00,3022,3024,3022,3023,1749,643416,643735
2026-09-15 21:33:00,3023,3025,3017,3019,3067,643735,643448
2026-09-15 21:34:00,3019,3020,3018,3018,1525,643448,643753
2026-09-15 21:35:00,3018,3020,3014,3016,2808,643753,643685
2026-09-15 21:36:00,3016,3017,3012,3015,2692,643685,643974
2026-09-15 21:37:00,3015,3021,3015,3020,3722,643974,644036
2026-09-15 21:38:00,3020,3022,3019,3019,1423,644036,644326
2026-09-15 21:39:00,3019,3021,3014,3016,3072,644326,645042
2026-09-15 21:40:00,3016,3018,3013,3017,2063,645042,645026
2026-09-15 21:41:00,3017,3019,3014,3018,1817,645026,645216
2026-09-15 21:42:00,3018,3020,3016,3017,2010,645216,645280
2026-09-15 21:43:00,3017,3020,3017,3019,1358,645280,645251
2026-09-15 21:44:00,3019,3025,3018,3025,3629,645251,644478
2026-09-15 21:45:00,3025,3026,3021,3024,2409,644478,644606
2026-09-15 21:46:00,3024,3025,3021,3022,1896,644606,644855
2026-09-15 21:47:00,3022,3024,3020,3021,1390,644855,644977
2026-09-15 21:48:00,3021,3022,3019,3020,1723,644977,644934
2026-09-15 21:49:00,3020,3021,3018,3019,1123,644934,644988
2026-09-15 21:50:00,3019,3023,3018,3018,1947,644988,645262
2026-09-15 21:51:00,3018,3020,3016,3019,2046,645262,645202
2026-09-15 21:52:00,3019,3022,3017,3020,1629,645202,645438
2026-09-15 21:53:00,3020,3022,3016,3018,1670,645438,645317
2026-09-15 21:54:00,3018,3019,3017,3018,1157,645317,645035
2026-09-15 21:55:00,3018,3022,3017,3021,1856,645035,645204
2026-09-15 21:56:00,3021,3021,3019,3019,1247,645204,645365
2026-09-15 21:57:00,3019,3019,3016,3018,1544,645365,645718
2026-09-15 21:58:00,3018,3021,3018,3019,1208,645718,645854
2026-09-15 21:59:00,3019,3029,3019,3027,4248,645854,645539
2026-09-15 22:00:00,3027,3028,3024,3025,2129,645539,645906
2026-09-15 22:01:00,3025,3035,3025,3026,6032,645906,645282
2026-09-15 22:02:00,3026,3027,3024,3024,1486,645282,645607
2026-09-15 22:03:00,3024,3027,3023,3025,1449,645607,645963
2026-09-15 22:04:00,3025,3027,3024,3026,1223,645963,645761
2026-09-15 22:05:00,3026,3029,3024,3025,2148,645761,645742
2026-09-15 22:06:00,3025,3027,3022,3025,1540,645742,645769
2026-09-15 22:07:00,3025,3026,3024,3026,2433,645769,645923
2026-09-15 22:08:00,3026,3027,3024,3026,1236,645923,645933
2026-09-15 22:09:00,3026,3030,3026,3028,2316,645933,646142
2026-09-15 22:10:00,3028,3033,3028,3031,3128,646142,646181
2026-09-15 22:11:00,3031,3033,3029,3031,2277,646181,646573
2026-09-15 22:12:00,3031,3031,3027,3029,2623,646573,646948
2026-09-15 22:13:00,3029,3031,3027,3029,1983,646948,646876
2026-09-15 22:14:00,3029,3032,3028,3031,2297,646876,646853
2026-09-15 22:15:00,3031,3034,3030,3032,2454,646853,646906
2026-09-15 22:16:00,3032,3035,3031,3031,3028,646906,646663
2026-09-15 22:17:00,3031,3033,3020,3025,5877,646663,646566
2026-09-15 22:18:00,3025,3026,3023,3025,2420,646566,646862
2026-09-15 22:19:00,3025,3028,3025,3027,1754,646862,646985
2026-09-15 22:20:00,3027,3027,3022,3025,2317,646985,647577
2026-09-15 22:21:00,3025,3029,3024,3028,1416,647577,647680
2026-09-15 22:22:00,3028,3028,3026,3027,1177,647680,647630
2026-09-15 22:23:00,3027,3031,3027,3028,1858,647630,647569
2026-09-15 22:24:00,3028,3030,3028,3029,937,647569,647499
2026-09-15 22:25:00,3029,3031,3028,3028,826,647499,647496
2026-09-15 22:26:00,3028,3030,3025,3026,1435,647496,647575
2026-09-15 22:27:00,3026,3028,3024,3027,851,647575,647796
2026-09-15 22:28:00,3027,3029,3026,3027,750,647796,647808
2026-09-15 22:29:00,3027,3030,3025,3029,1042,647808,647929
2026-09-15 22:30:00,3029,3032,3027,3032,1821,647929,648363
2026-09-15 22:31:00,3032,3032,3030,3030,1287,648363,648117
2026-09-15 22:32:00,3030,3033,3030,3032,1123,648117,648143
2026-09-15 22:33:00,3032,3033,3031,3032,732,648143,648221
2026-09-15 22:34:00,3032,3033,3030,3032,887,648221,648401
2026-09-15 22:35:00,3032,3033,3028,3031,1288,648401,648573
2026-09-15 22:36:00,3031,3032,3029,3029,816,648573,648512
2026-09-15 22:37:00,3029,3033,3029,3031,1340,648512,648728
2026-09-15 22:38:00,3031,3032,3030,3031,670,648728,648543
2026-09-15 22:39:00,3031,3032,3029,3031,1417,648543,648527
2026-09-15 22:40:00,3031,3032,3024,3026,3092,648527,648832
2026-09-15 22:41:00,3026,3028,3025,3028,1185,648832,649179
2026-09-15 22:42:00,3028,3030,3027,3029,738,649179,649281
2026-09-15 22:43:00,3029,3029,3027,3028,933,649281,649464
2026-09-15 22:44:00,3028,3029,3025,3026,1157,649464,649228
2026-09-15 22:45:00,3026,3028,3025,3028,2427,649228,648733
2026-09-15 22:46:00,3028,3028,3024,3026,1822,648733,648981
2026-09-15 22:47:00,3026,3028,3024,3024,876,648981,649038
2026-09-15 22:48:00,3024,3026,3024,3026,1879,649038,648670
2026-09-15 22:49:00,3026,3030,3026,3027,1720,648670,648347
2026-09-15 22:50:00,3027,3028,3026,3026,620,648347,648194
2026-09-15 22:51:00,3026,3029,3026,3029,1130,648194,647970
2026-09-15 22:52:00,3029,3035,3029,3033,3775,647970,647879
2026-09-15 22:53:00,3033,3033,3030,3033,1345,647879,647754
2026-09-15 22:54:00,3033,3033,3029,3029,1202,647754,647702
2026-09-15 22:55:00,3029,3032,3028,3031,1495,647702,647875
2026-09-15 22:56:00,3031,3031,3028,3029,1174,647875,647864
2026-09-15 22:57:00,3029,3030,3028,3029,555,647864,647800
2026-09-15 22:58:00,3029,3030,3027,3030,2227,647800,647293
2026-09-15 22:59:00,3030,3030,3027,3029,4572,647293,646466
2026-09-16 09:00:00,3029,3029,3018,3025,7153,646466,646786
2026-09-16 09:01:00,3025,3042,3025,3040,7443,646786,646624
2026-09-16 09:02:00,3040,3041,3036,3038,4075,646624,647587
2026-09-16 09:03:00,3038,3039,3028,3028,4344,647587,648147
2026-09-16 09:04:00,3028,3030,3025,3030,3126,648147,648527
2026-09-16 09:05:00,3030,3037,3029,3034,2554,648527,648746
2026-09-16 09:06:00,3034,3035,3032,3035,1768,648746,649537
2026-09-16 09:07:00,3035,3038,3034,3037,1672,649537,649752
2026-09-16 09:08:00,3037,3045,3037,3044,4339,649752,649756
2026-09-16 09:09:00,3044,3049,3041,3048,5967,649756,649546
2026-09-16 09:10:00,3048,3053,3048,3049,6823,649546,649917
2026-09-16 09:11:00,3049,3049,3044,3044,3001,649917,650130
2026-09-16 09:12:00,3044,3045,3040,3045,2875,650130,650491
2026-09-16 09:13:00,3045,3047,3041,3043,1971,650491,650903
2026-09-16 09:14:00,3043,3046,3042,3045,1481,650903,651300
2026-09-16 09:15:00,3045,3047,3042,3045,1939,651300,651202
2026-09-16 09:16:00,3045,3047,3043,3046,2510,651202,651567
2026-09-16 09:17:00,3046,3052,3045,3046,4842,651567,652203
2026-09-16 09:18:00,3046,3052,3046,3052,3494,652203,653265
2026-09-16 09:19:00,3052,3052,3048,3051,2158,653265,653738
2026-09-16 09:20:00,3051,3052,3047,3049,3208,653738,654230
2026-09-16 09:21:00,3049,3052,3048,3049,1506,654230,654629
2026-09-16 09:22:00,3049,3058,3049,3053,4062,654629,654684
2026-09-16 09:23:00,3053,3053,3044,3046,3072,654684,654601
2026-09-16 09:24:00,3046,3050,3043,3049,1750,654601,654677
2026-09-16 09:25:00,3049,3060,3049,3057,4211,654677,654824
2026-09-16 09:26:00,3057,3061,3055,3059,4238,654824,655228
2026-09-16 09:27:00,3059,3064,3059,3061,5527,655228,655885
2026-09-16 09:28:00,3061,3066,3059,3065,3895,655885,656439
2026-09-16 09:29:00,3065,3065,3061,3063,1902,656439,656780
2026-09-16 09:30:00,3063,3065,3061,3062,3058,656780,656857
2026-09-16 09:31:00,3062,3063,3057,3059,4000,656857,657055
2026-09-16 09:32:00,3059,3060,3053,3055,3518,657055,657091
2026-09-16 09:33:00,3055,3056,3045,3046,4400,657091,657168
2026-09-16 09:34:00,3046,3046,3039,3042,6114,657168,656510
2026-09-16 09:35:00,3042,3046,3041,3045,3014,656510,656418
2026-09-16 09:36:00,3045,3048,3045,3046,1846,656418,656701
2026-09-16 09:37:00,3046,3048,3044,3044,1618,656701,656754
2026-09-16 09:38:00,3044,3046,3043,3043,2091,656754,657030
2026-09-16 09:39:00,3043,3045,3043,3045,1979,657030,657318
2026-09-16 09:40:00,3045,3047,3043,3045,1561,657318,657518
2026-09-16 09:41:00,3045,3046,3042,3044,1604,657518,657698
2026-09-16 09:42:00,3044,3052,3044,3051,2226,657698,657498
2026-09-16 09:43:00,3051,3051,3048,3049,1000,657498,657687
2026-09-16 09:44:00,3049,3051,3047,3049,1721,657687,657570
2026-09-16 09:45:00,3049,3050,3044,3045,1466,657570,657593
2026-09-16 09:46:00,3045,3049,3045,3049,1706,657593,657473
2026-09-16 09:47:00,3049,3053,3047,3052,1773,657473,657154
2026-09-16 09:48:00,3052,3053,3050,3050,945,657154,657238
2026-09-16 09:49:00,3050,3053,3048,3053,1632,657238,657149
2026-09-16 09:50:00,3053,3056,3053,3055,2066,657149,657099
2026-09-16 09:51:00,3055,3059,3054,3058,2045,657099,657243
2026-09-16 09:52:00,3058,3059,3054,3055,1323,657243,657557
2026-09-16 09:53:00,3055,3059,3055,3058,1257,657557,657528
2026-09-16 09:54:00,3058,3060,3057,3058,1297,657528,657866
2026-09-16 09:55:00,3058,3062,3057,3058,2121,657866,658341
2026-09-16 09:56:00,3058,3062,3057,3061,1673,658341,658350
2026-09-16 09:57:00,3061,3064,3060,3061,1815,658350,658196
2026-09-16 09:58:00,3061,3065,3060,3064,1769,658196,658468
2026-09-16 09:59:00,3064,3069,3064,3065,4325,658468,657805
2026-09-16 10:00:00,3065,3074,3065,3071,5396,657805,658229
2026-09-16 10:01:00,3071,3073,3070,3071,3489,658229,658399
2026-09-16 10:02:00,3071,3076,3065,3066,5833,658399,657886
2026-09-16 10:03:00,3066,3067,3059,3062,4371,657886,657603
2026-09-16 10:04:00,3062,3066,3062,3066,2206,657603,658179
2026-09-16 10:05:00,3066,3075,3063,3070,3605,658179,658854
2026-09-16 10:06:00,3070,3071,3069,3069,1648,658854,658855
2026-09-16 10:07:00,3069,3074,3069,3072,1981,658855,658714
2026-09-16 10:08:00,3072,3074,3071,3073,1640,658714,658553
2026-09-16 10:09:00,3073,3075,3072,3074,2186,658553,658499
2026-09-16 10:10:00,3074,3077,3071,3072,2966,658499,658115
2026-09-16 10:11:00,3072,3072,3069,3069,1488,658115,658408
2026-09-16 10:12:00,3069,3073,3069,3070,902,658408,658538
2026-09-16 10:13:00,3070,3073,3070,3070,910,658538,658573
2026-09-16 10:14:00,3070,3072,3069,3069,979,658573,658416
2026-09-16 10:30:00,3071,3076,3061,3061,4512,658416,658828
2026-09-16 10:31:00,3061,3064,3057,3063,3201,658828,658713
2026-09-16 10:32:00,3063,3064,3060,3060,2121,658713,659193
2026-09-16 10:33:00,3060,3062,3056,3059,2968,659193,659324
2026-09-16 10:34:00,3059,3059,3054,3054,2240,659324,659082
2026-09-16 10:35:00,3054,3056,3044,3045,5559,659082,658321
2026-09-16 10:36:00,3045,3048,3039,3043,6530,658321,657219
2026-09-16 10:37:00,3043,3047,3043,3046,2959,657219,657249
2026-09-16 10:38:00,3046,3047,3040,3044,3763,657249,657590
2026-09-16 10:39:00,3044,3045,3040,3043,2425,657590,657651
2026-09-16 10:40:00,3043,3046,3041,3045,1723,657651,657641
2026-09-16 10:41:00,3045,3050,3045,3045,2038,657641,657642
2026-09-16 10:42:00,3045,3051,3045,3051,1584,657642,657694
2026-09-16 10:43:00,3051,3052,3045,3046,1610,657694,657957
2026-09-16 10:44:00,3046,3048,3043,3044,1850,657957,657840
2026-09-16 10:45:00,3044,3045,3035,3036,6473,657840,658234
2026-09-16 10:46:00,3036,3042,3036,3041,2187,658234,658131
2026-09-16 10:47:00,3041,3043,3039,3041,1273,658131,658290
2026-09-16 10:48:00,3041,3042,3037,3039,1590,658290,658357
2026-09-16 10:49:00,3039,3041,3037,3041,1839,658357,658191
2026-09-16 10:50:00,3041,3045,3041,3044,1250,658191,658159
2026-09-16 10:51:00,3044,3044,3039,3039,1377,658159,658341
2026-09-16 10:52:00,3039,3042,3038,3041,1495,658341,658378
2026-09-16 10:53:00,3041,3044,3040,3044,1001,658378,658274
2026-09-16 10:54:00,3044,3047,3041,3042,1230,658274,658334
2026-09-16 10:55:00,3042,3043,3039,3040,1024,658334,658476
2026-09-16 10:56:00,3040,3041,3036,3040,2059,658476,658804
2026-09-16 10:57:00,3040,3042,3039,3039,2045,658804,658847
2026-09-16 10:58:00,3039,3041,3039,3040,710,658847,658927
2026-09-16 10:59:00,3040,3041,3039,3040,396,658927,658958
2026-09-16 11:00:00,3040,3044,3039,3042,1091,658958,658946
2026-09-16 11:01:00,3042,3044,3042,3042,1046,658946,658813
2026-09-16 11:02:00,3042,3044,3041,3043,709,658813,658986
2026-09-16 11:03:00,3043,3044,3041,3044,560,658986,658948
2026-09-16 11:04:00,3044,3046,3042,3046,1262,658948,659050
2026-09-16 11:05:00,3046,3046,3042,3044,1040,659050,658967
2026-09-16 11:06:00,3044,3047,3040,3041,1637,658967,659068
2026-09-16 11:07:00,3041,3043,3039,3040,1140,659068,659334
2026-09-16 11:08:00,3040,3040,3035,3036,2228,659334,659337
2026-09-16 11:09:00,3036,3037,3026,3028,7085,659337,658348
2026-09-16 11:10:00,3028,3028,3020,3027,5417,658348,657474
2026-09-16 11:11:00,3027,3030,3025,3027,2710,657474,657348
2026-09-16 11:12:00,3027,3031,3026,3029,2066,657348,657385
2026-09-16 11:13:00,3029,3031,3028,3030,1148,657385,657505
2026-09-16 11:14:00,3030,3031,3028,3029,1151,657505,657436
2026-09-16 11:15:00,3029,3029,3023,3025,2264,657436,657374
2026-09-16 11:16:00,3025,3025,3014,3018,5291,657374,656692
2026-09-16 11:17:00,3018,3021,3014,3015,5200,656692,656548
2026-09-16 11:18:00,3015,3020,3015,3019,2116,656548,656599
2026-09-16 11:19:00,3019,3019,3015,3016,1725,656599,656532
2026-09-16 11:20:00,3016,3019,3015,3019,2322,656532,656257
2026-09-16 11:21:00,3019,3020,3016,3017,1588,656257,655977
2026-09-16 11:22:00,3017,3022,3016,3021,2271,655977,655783
2026-09-16 11:23:00,3021,3021,3016,3017,1639,655783,656135
2026-09-16 11:24:00,3017,3020,3017,3020,973,656135,655992
2026-09-16 11:25:00,3020,3021,3018,3020,1153,655992,656072
2026-09-16 11:26:00,3020,3022,3020,3021,1575,656072,656076
2026-09-16 11:27:00,3021,3023,3020,3022,1556,656076,656207
2026-09-16 11:28:00,3022,3025,3022,3024,1551,656207,655910
2026-09-16 11:29:00,3024,3027,3023,3026,2509,655910,655323
2026-09-16 13:30:00,3028,3033,3024,3032,5571,655323,656030
2026-09-16 13:31:00,3032,3034,3028,3029,1814,656030,656132
2026-09-16 13:32:00,3029,3030,3028,3029,1256,656132,656296
2026-09-16 13:33:00,3029,3030,3026,3029,1489,656296,656440
2026-09-16 13:34:00,3029,3030,3028,3028,768,656440,656619
2026-09-16 13:35:00,3028,3031,3026,3030,1472,656619,656957
2026-09-16 13:36:00,3030,3036,3029,3035,2466,656957,656952
2026-09-16 13:37:00,3035,3043,3033,3041,5206,656952,656368
2026-09-16 13:38:00,3041,3041,3037,3037,1055,656368,656593
2026-09-16 13:39:00,3037,3040,3037,3040,1748,656593,656815
2026-09-16 13:40:00,3040,3042,3038,3038,2219,656815,657167
2026-09-16 13:41:00,3038,3040,3037,3039,825,657167,657198
2026-09-16 13:42:00,3039,3044,3038,3044,2593,657198,657148
2026-09-16 13:43:00,3044,3048,3044,3045,3641,657148,657334
2026-09-16 13:44:00,3045,3046,3043,3044,2080,657334,657908
2026-09-16 13:45:00,3044,3044,3039,3039,1778,657908,657897
2026-09-16 13:46:00,3039,3040,3038,3040,1359,657897,657878
2026-09-16 13:47:00,3040,3044,3039,3044,1473,657878,658168
2026-09-16 13:48:00,3044,3044,3042,3044,636,658168,658294
2026-09-16 13:49:00,3044,3045,3043,3045,962,658294,658561
2026-09-16 13:50:00,3045,3045,3041,3043,1507,658561,658618
2026-09-16 13:51:00,3043,3045,3042,3045,1184,658618,658692
2026-09-16 13:52:00,3045,3046,3042,3043,1308,658692,658750
2026-09-16 13:53:00,3043,3048,3043,3047,1419,658750,658879
2026-09-16 13:54:00,3047,3048,3044,3044,1591,658879,658630
2026-09-16 13:55:00,3044,3045,3043,3044,1218,658630,658569
2026-09-16 13:56:00,3044,3046,3041,3042,1340,658569,658576
2026-09-16 13:57:00,3042,3044,3042,3042,743,658576,658600
2026-09-16 13:58:00,3042,3046,3042,3046,1208,658600,658836
2026-09-16 13:59:00,3046,3053,3045,3052,3635,658836,659399
2026-09-16 14:00:00,3052,3054,3051,3054,4064,659399,660044
2026-09-16 14:01:00,3054,3061,3054,3061,5735,660044,660102
2026-09-16 14:02:00,3061,3061,3057,3059,2734,660102,660505
2026-09-16 14:03:00,3059,3064,3058,3061,3261,660505,660717
2026-09-16 14:04:00,3061,3062,3057,3058,2384,660717,660760
2026-09-16 14:05:00,3058,3060,3057,3058,1652,660760,661264
2026-09-16 14:06:00,3058,3059,3056,3059,2691,661264,661552
2026-09-16 14:07:00,3059,3061,3057,3058,2034,661552,661930
2026-09-16 14:08:00,3058,3058,3051,3054,3981,661930,662414
2026-09-16 14:09:00,3054,3060,3054,3060,2330,662414,662962
2026-09-16 14:10:00,3060,3063,3059,3061,1667,662962,663364
2026-09-16 14:11:00,3061,3061,3058,3059,2375,663364,663279
2026-09-16 14:12:00,3059,3059,3055,3056,1208,663279,663347
2026-09-16 14:13:00,3056,3058,3054,3056,1749,663347,663844
2026-09-16 14:14:00,3056,3058,3054,3058,1237,663844,663910
2026-09-16 14:15:00,3058,3060,3056,3060,2487,663910,664280
2026-09-16 14:16:00,3060,3060,3055,3055,883,664280,664354
2026-09-16 14:17:00,3055,3060,3055,3059,1156,664354,664681
2026-09-16 14:18:00,3059,3059,3056,3057,1015,664681,664927
2026-09-16 14:19:00,3057,3058,3056,3056,960,664927,665110
2026-09-16 14:20:00,3056,3057,3053,3055,1777,665110,665522
2026-09-16 14:21:00,3055,3056,3053,3055,1601,665522,665942
2026-09-16 14:22:00,3055,3058,3055,3057,1368,665942,666044
2026-09-16 14:23:00,3057,3059,3055,3058,1179,666044,665914
2026-09-16 14:24:00,3058,3059,3054,3055,1526,665914,666121
2026-09-16 14:25:00,3055,3056,3050,3052,3106,666121,666230
2026-09-16 14:26:00,3052,3055,3051,3054,1972,666230,666445
2026-09-16 14:27:00,3054,3058,3054,3057,1481,666445,666354
2026-09-16 14:28:00,3057,3061,3057,3060,3232,666354,666885
2026-09-16 14:29:00,3060,3061,3059,3060,1366,666885,667121
2026-09-16 14:30:00,3060,3063,3060,3061,2818,667121,667252
2026-09-16 14:31:00,3061,3067,3060,3066,3343,667252,667281
2026-09-16 14:32:00,3066,3066,3058,3058,1777,667281,667565
2026-09-16 14:33:00,3058,3060,3055,3056,2225,667565,667840
2026-09-16 14:34:00,3056,3059,3055,3058,1538,667840,668318
2026-09-16 14:35:00,3058,3059,3055,3056,852,668318,668523
2026-09-16 14:36:00,3056,3057,3054,3055,1062,668523,668436
2026-09-16 14:37:00,3055,3057,3054,3055,1036,668436,668391
2026-09-16 14:38:00,3055,3056,3051,3053,2207,668391,668143
2026-09-16 14:39:00,3053,3054,3050,3052,1843,668143,668070
2026-09-16 14:40:00,3052,3054,3050,3051,1390,668070,667752
2026-09-16 14:41:00,3051,3052,3050,3051,995,667752,667959
2026-09-16 14:42:00,3051,3054,3051,3054,1138,667959,667621
2026-09-16 14:43:00,3054,3055,3053,3053,661,667621,667508
2026-09-16 14:44:00,3053,3055,3052,3054,1171,667508,667619
2026-09-16 14:45:00,3054,3055,3053,3054,899,667619,667710
2026-09-16 14:46:00,3054,3055,3052,3053,961,667710,667669
2026-09-16 14:47:00,3053,3054,3052,3052,900,667669,667337
2026-09-16 14:48:00,3052,3054,3047,3048,2742,667337,666966
2026-09-16 14:49:00,3048,3050,3047,3050,1669,666966,666772
2026-09-16 14:50:00,3050,3052,3049,3052,1289,666772,666549
2026-09-16 14:51:00,3052,3052,3050,3051,625,666549,666333
2026-09-16 14:52:00,3051,3055,3050,3054,1349,666333,665781
2026-09-16 14:53:00,3054,3054,3052,3053,620,665781,665714
2026-09-16 14:54:00,3053,3053,3051,3052,502,665714,665539
2026-09-16 14:55:00,3052,3058,3052,3056,2108,665539,665304
2026-09-16 14:56:00,3056,3057,3054,3056,1447,665304,665022
2026-09-16 14:57:00,3056,3056,3054,3055,1226,665022,664948
2026-09-16 14:58:00,3055,3055,3052,3053,1770,664948,664562
2026-09-16 14:59:00,3053,3055,3052,3052,2949,664562,664087
2026-09-16 21:00:00,3062,3062,3046,3056,10207,664087,663587
2026-09-16 21:01:00,3056,3060,3055,3057,4783,663587,663760
2026-09-16 21:02:00,3057,3059,3052,3052,4391,663760,664370
2026-09-16 21:03:00,3052,3056,3050,3056,3662,664370,664528
2026-09-16 21:04:00,3056,3061,3055,3057,4707,664528,664372
2026-09-16 21:05:00,3057,3060,3057,3057,2986,664372,664508
2026-09-16 21:06:00,3057,3060,3054,3057,3171,664508,665001
2026-09-16 21:07:00,3057,3057,3050,3051,3171,665001,665211
2026-09-16 21:08:00,3051,3053,3049,3052,2655,665211,665661
2026-09-16 21:09:00,3052,3054,3050,3052,2404,665661,664917
2026-09-16 21:10:00,3052,3054,3051,3053,1462,664917,665402
2026-09-16 21:11:00,3053,3056,3051,3056,1639,665402,665543
2026-09-16 21:12:00,3056,3056,3052,3052,1033,665543,665606
2026-09-16 21:13:00,3052,3054,3047,3049,3983,665606,666257
2026-09-16 21:14:00,3049,3052,3048,3051,1842,666257,666407
2026-09-16 21:15:00,3051,3053,3050,3052,3387,666407,665507
2026-09-16 21:16:00,3052,3052,3050,3052,1060,665507,665616
2026-09-16 21:17:00,3052,3052,3049,3051,1271,665616,665942
2026-09-16 21:18:00,3051,3057,3051,3056,4360,665942,664025
2026-09-16 21:19:00,3056,3060,3056,3058,3888,664025,664372
2026-09-16 21:20:00,3058,3061,3056,3060,2382,664372,664496
2026-09-16 21:21:00,3060,3068,3059,3067,6331,664496,664390
2026-09-16 21:22:00,3067,3067,3064,3064,3456,664390,665079
2026-09-16 21:23:00,3064,3067,3061,3064,2004,665079,665426
2026-09-16 21:24:00,3064,3065,3062,3063,1509,665426,665747
2026-09-16 21:25:00,3063,3064,3058,3061,2278,665747,665916
2026-09-16 21:26:00,3061,3061,3058,3059,1173,665916,665687
2026-09-16 21:27:00,3059,3061,3059,3060,921,665687,665629
2026-09-16 21:28:00,3060,3060,3058,3058,718,665629,665705
2026-09-16 21:29:00,3058,3060,3057,3059,1164,665705,665921
2026-09-16 21:30:00,3059,3062,3058,3058,1122,665921,666119
2026-09-16 21:31:00,3058,3058,3056,3056,1096,666119,666056
2026-09-16 21:32:00,3056,3059,3055,3058,849,666056,665998
2026-09-16 21:33:00,3058,3059,3056,3057,937,665998,666149
2026-09-16 21:34:00,3057,3058,3055,3057,1021,666149,666386
2026-09-16 21:35:00,3057,3057,3054,3054,1085,666386,666475
2026-09-16 21:36:00,3054,3057,3052,3055,2148,666475,666791
2026-09-16 21:37:00,3055,3058,3055,3056,1002,666791,666738
2026-09-16 21:38:00,3056,3057,3055,3055,495,666738,666698
2026-09-16 21:39:00,3055,3057,3054,3055,850,666698,666762
2026-09-16 21:40:00,3055,3058,3055,3056,468,666762,666851
2026-09-16 21:41:00,3056,3057,3054,3056,653,666851,666872
2026-09-16 21:42:00,3056,3058,3055,3056,581,666872,667045
2026-09-16 21:43:00,3056,3057,3047,3051,3745,667045,667312
2026-09-16 21:44:00,3051,3054,3050,3053,1074,667312,667434
2026-09-16 21:45:00,3053,3056,3053,3056,1473,667434,667160
2026-09-16 21:46:00,3056,3058,3054,3054,1651,667160,666809
2026-09-16 21:47:00,3054,3056,3053,3054,506,666809,666872
2026-09-16 21:48:00,3054,3058,3054,3056,666,666872,666859
2026-09-16 21:49:00,3056,3058,3055,3057,533,666859,666979
2026-09-16 21:50:00,3057,3058,3055,3056,474,666979,666925
2026-09-16 21:51:00,3056,3057,3055,3056,289,666925,666884
2026-09-16 21:52:00,3056,3056,3053,3053,620,666884,667081
2026-09-16 21:53:00,3053,3053,3048,3049,2526,667081,667535
2026-09-16 21:54:00,3049,3049,3043,3048,4375,667535,667766
2026-09-16 21:55:00,3048,3048,3046,3047,943,667766,667816
2026-09-16 21:56:00,3047,3051,3047,3048,1500,667816,667434
2026-09-16 21:57:00,3048,3050,3047,3049,1422,667434,666752
2026-09-16 21:58:00,3049,3051,3048,3050,508,666752,666914
2026-09-16 21:59:00,3050,3051,3049,3050,495,666914,666870
2026-09-16 22:00:00,3050,3050,3048,3048,881,666870,666867
2026-09-16 22:01:00,3048,3054,3048,3054,1621,666867,666479
2026-09-16 22:02:00,3054,3058,3054,3058,2516,666479,666482
2026-09-16 22:03:00,3058,3058,3053,3055,2131,666482,666947
2026-09-16 22:04:00,3055,3058,3054,3057,1139,666947,666827
2026-09-16 22:05:00,3057,3057,3055,3057,363,666827,666854
2026-09-16 22:06:00,3057,3058,3054,3055,685,666854,666876
2026-09-16 22:07:00,3055,3057,3053,3053,694,666876,666874
2026-09-16 22:08:00,3053,3055,3053,3055,574,666874,666918
2026-09-16 22:09:00,3055,3060,3055,3059,1900,666918,666681
2026-09-16 22:10:00,3059,3060,3057,3058,1178,666681,666643
2026-09-16 22:11:00,3058,3058,3056,3057,974,666643,666464
2026-09-16 22:12:00,3057,3057,3052,3054,1094,666464,666512
2026-09-16 22:13:00,3054,3056,3054,3056,957,666512,666294
2026-09-16 22:14:00,3056,3057,3053,3054,704,666294,666346
2026-09-16 22:15:00,3054,3055,3052,3052,1611,666346,666389
2026-09-16 22:16:00,3052,3053,3050,3052,958,666389,666291
2026-09-16 22:17:00,3052,3054,3051,3054,763,666291,666307
2026-09-16 22:18:00,3054,3054,3052,3053,379,666307,666312
2026-09-16 22:19:00,3053,3055,3053,3054,537,666312,666398
2026-09-16 22:20:00,3054,3055,3052,3053,287,666398,666405
2026-09-16 22:21:00,3053,3053,3049,3050,942,666405,666529
2026-09-16 22:22:00,3050,3052,3049,3050,541,666529,666646
2026-09-16 22:23:00,3050,3051,3049,3049,539,666646,666680
2026-09-16 22:24:00,3049,3050,3048,3049,626,666680,666743
2026-09-16 22:25:00,3049,3050,3048,3048,1280,666743,666817
2026-09-16 22:26:00,3048,3052,3048,3051,1034,666817,666700
2026-09-16 22:27:00,3051,3054,3050,3053,1074,666700,666594
2026-09-16 22:28:00,3053,3053,3051,3052,314,666594,666699
2026-09-16 22:29:00,3052,3053,3050,3052,526,666699,666746
2026-09-16 22:30:00,3052,3054,3052,3054,688,666746,666635
2026-09-16 22:31:00,3054,3055,3053,3054,672,666635,666652
2026-09-16 22:32:00,3054,3055,3051,3052,780,666652,666655
2026-09-16 22:33:00,3052,3053,3052,3053,493,666655,666765
2026-09-16 22:34:00,3053,3055,3052,3053,412,666765,666821
2026-09-16 22:35:00,3053,3055,3052,3054,353,666821,666772
2026-09-16 22:36:00,3054,3055,3052,3055,711,666772,666810
2026-09-16 22:37:00,3055,3056,3053,3053,928,666810,666720
2026-09-16 22:38:00,3053,3055,3052,3054,384,666720,666644
2026-09-16 22:39:00,3054,3055,3053,3055,506,666644,666539
2026-09-16 22:40:00,3055,3055,3050,3051,767,666539,666445
2026-09-16 22:41:00,3051,3053,3050,3052,410,666445,666451
2026-09-16 22:42:00,3052,3053,3051,3052,514,666451,666263
2026-09-16 22:43:00,3052,3052,3050,3051,239,666263,666284
2026-09-16 22:44:00,3051,3052,3049,3050,830,666284,666141
2026-09-16 22:45:00,3050,3050,3048,3048,920,666141,665769
2026-09-16 22:46:00,3048,3049,3041,3044,4129,665769,665359
2026-09-16 22:47:00,3044,3047,3044,3047,1113,665359,665183
2026-09-16 22:48:00,3047,3047,3045,3045,398,665183,665139
2026-09-16 22:49:00,3045,3046,3042,3042,803,665139,665139
2026-09-16 22:50:00,3042,3044,3038,3040,3296,665139,664370
2026-09-16 22:51:00,3040,3042,3039,3041,832,664370,664387
2026-09-16 22:52:00,3041,3042,3040,3042,851,664387,664376
2026-09-16 22:53:00,3042,3043,3039,3043,1488,664376,664341
2026-09-16 22:54:00,3043,3045,3042,3044,1296,664341,664134
2026-09-16 22:55:00,3044,3045,3042,3044,985,664134,664037
2026-09-16 22:56:00,3044,3044,3042,3042,1159,664037,664021
2026-09-16 22:57:00,3042,3043,3039,3041,1170,664021,663937
2026-09-16 22:58:00,3041,3042,3036,3037,2487,663937,663601
2026-09-16 22:59:00,3037,3038,3030,3034,4828,663601,662242
2026-09-17 09:00:00,3034,3034,3002,3018,20889,662242,661994
2026-09-17 09:01:00,3018,3020,3011,3013,10059,661994,662620
2026-09-17 09:02:00,3013,3019,3010,3017,6987,662620,662659
2026-09-17 09:03:00,3017,3025,3016,3017,6215,662659,663135
2026-09-17 09:04:00,3017,3017,3011,3015,5963,663135,664294
2026-09-17 09:05:00,3015,3019,3015,3017,3723,664294,664953
2026-09-17 09:06:00,3017,3020,3015,3016,2347,664953,664953
2026-09-17 09:07:00,3016,3021,3015,3021,2780,664953,664820
2026-09-17 09:08:00,3021,3025,3018,3024,3955,664820,664936
2026-09-17 09:09:00,3024,3026,3020,3025,2824,664936,665206
2026-09-17 09:10:00,3025,3032,3025,3030,5425,665206,664792
2026-09-17 09:11:00,3030,3030,3024,3026,3176,664792,664786
2026-09-17 09:12:00,3026,3031,3025,3030,1717,664786,664617
2026-09-17 09:13:00,3030,3033,3028,3029,2333,664617,664968
2026-09-17 09:14:00,3029,3029,3024,3025,2152,664968,665193
2026-09-17 09:15:00,3025,3025,3019,3022,2593,665193,665503
2026-09-17 09:16:00,3022,3022,3018,3019,1821,665503,665321
2026-09-17 09:17:00,3019,3021,3016,3019,2113,665321,664851
2026-09-17 09:18:00,3019,3020,3013,3020,2655,664851,665186
2026-09-17 09:19:00,3020,3025,3019,3024,1650,665186,665134
2026-09-17 09:20:00,3024,3026,3022,3026,1550,665134,665257
2026-09-17 09:21:00,3026,3028,3025,3027,1143,665257,665496
2026-09-17 09:22:00,3027,3031,3027,3030,1940,665496,665598
2026-09-17 09:23:00,3030,3031,3028,3030,1515,665598,665906
2026-09-17 09:24:00,3030,3030,3026,3027,2083,665906,665906
2026-09-17 09:25:00,3027,3029,3025,3027,964,665906,666042
2026-09-17 09:26:00,3027,3031,3027,3029,1227,666042,666205
2026-09-17 09:27:00,3029,3035,3029,3034,2498,666205,665966
2026-09-17 09:28:00,3034,3034,3029,3032,2539,665966,666556
2026-09-17 09:29:00,3032,3034,3031,3032,1351,666556,666525
2026-09-17 09:30:00,3032,3032,3027,3031,1995,666525,666505
2026-09-17 09:31:00,3031,3034,3030,3033,1134,666505,666485
2026-09-17 09:32:00,3033,3034,3030,3031,1531,666485,666348
2026-09-17 09:33:00,3031,3032,3030,3031,576,666348,666321
2026-09-17 09:34:00,3031,3034,3030,3034,1176,666321,666385
2026-09-17 09:35:00,3034,3034,3030,3034,911,666385,666478
2026-09-17 09:36:00,3034,3035,3031,3033,1598,666478,666881
2026-09-17 09:37:00,3033,3033,3029,3030,1523,666881,666953
2026-09-17 09:38:00,3030,3031,3027,3031,1869,666953,667003
2026-09-17 09:39:00,3031,3031,3028,3031,848,667003,667027
2026-09-17 09:40:00,3031,3034,3030,3031,915,667027,667055
2026-09-17 09:41:00,3031,3034,3030,3033,625,667055,667098
2026-09-17 09:42:00,3033,3034,3030,3031,592,667098,667168
2026-09-17 09:43:00,3031,3032,3030,3030,656,667168,667297
2026-09-17 09:44:00,3030,3033,3030,3031,708,667297,667536
2026-09-17 09:45:00,3031,3032,3026,3027,2173,667536,667663
2026-09-17 09:46:00,3027,3028,3024,3025,1392,667663,667629
2026-09-17 09:47:00,3025,3028,3024,3026,853,667629,667635
2026-09-17 09:48:00,3026,3027,3023,3027,1078,667635,667462
2026-09-17 09:49:00,3027,3029,3026,3029,1187,667462,667750
2026-09-17 09:50:00,3029,3031,3028,3030,1631,667750,668019
2026-09-17 09:51:00,3030,3030,3023,3023,1552,668019,667951
2026-09-17 09:52:00,3023,3026,3023,3025,1095,667951,667727
2026-09-17 09:53:00,3025,3027,3023,3026,827,667727,667453
2026-09-17 09:54:00,3026,3028,3025,3027,629,667453,667329
2026-09-17 09:55:00,3027,3027,3024,3026,965,667329,667355
2026-09-17 09:56:00,3026,3029,3025,3027,761,667355,667414
2026-09-17 09:57:00,3027,3029,3026,3028,413,667414,667425
2026-09-17 09:58:00,3028,3029,3023,3024,796,667425,667546
2026-09-17 09:59:00,3024,3027,3024,3026,431,667546,667605
2026-09-17 10:00:00,3026,3029,3022,3023,1411,667605,667604
2026-09-17 10:01:00,3023,3025,3022,3023,1150,667604,667608
2026-09-17 10:02:00,3023,3028,3023,3027,903,667608,667719
2026-09-17 10:03:00,3027,3027,3022,3025,1023,667719,667860
2026-09-17 10:04:00,3025,3026,3020,3021,1890,667860,667867
2026-09-17 10:05:00,3021,3022,3016,3016,3405,667867,667876
2026-09-17 10:06:00,3016,3019,3016,3019,1438,667876,668088
2026-09-17 10:07:00,3019,3021,3018,3020,928,668088,668237
2026-09-17 10:08:00,3020,3020,3014,3015,2606,668237,668817
2026-09-17 10:09:00,3015,3015,3009,3011,4356,668817,668788
2026-09-17 10:10:00,3011,3013,3010,3012,2418,668788,669042
2026-09-17 10:11:00,3012,3013,3009,3011,2621,669042,668802
2026-09-17 10:12:00,3011,3016,3010,3015,2187,668802,668726
2026-09-17 10:13:00,3015,3019,3015,3017,1523,668726,668741
2026-09-17 10:14:00,3017,3018,3015,3015,1563,668741,668794
2026-09-17 10:30:00,3015,3016,3012,3016,3110,668794,668878
2026-09-17 10:31:00,3016,3019,3012,3012,1948,668878,668694
2026-09-17 10:32:00,3012,3013,3010,3012,1320,668694,668498
2026-09-17 10:33:00,3012,3012,3007,3009,3047,668498,667916
2026-09-17 10:34:00,3009,3013,3009,3012,1636,667916,667582
2026-09-17 10:35:00,3012,3012,3008,3008,1542,667582,667638
2026-09-17 10:36:00,3008,3012,3008,3011,843,667638,667591
2026-09-17 10:37:00,3011,3014,3010,3013,1016,667591,667516
2026-09-17 10:38:00,3013,3014,3011,3013,1323,667516,667603
2026-09-17 10:39:00,3013,3013,3009,3009,1657,667603,667373
2026-09-17 10:40:00,3009,3011,3008,3010,1354,667373,667237
2026-09-17 10:41:00,3010,3010,3002,3003,5410,667237,666592
2026-09-17 10:42:00,3003,3009,3001,3008,2416,666592,666627
2026-09-17 10:43:00,3008,3013,3007,3013,1920,666627,666329
2026-09-17 10:44:00,3013,3014,3012,3014,1298,666329,666268
2026-09-17 10:45:00,3014,3021,3014,3016,4727,666268,665176
2026-09-17 10:46:00,3016,3020,3016,3018,1824,665176,664983
2026-09-17 10:47:00,3018,3019,3017,3018,952,664983,664970
2026-09-17 10:48:00,3018,3022,3016,3022,1913,664970,664834
2026-09-17 10:49:00,3022,3025,3021,3022,2878,664834,664058
2026-09-17 10:50:00,3022,3025,3022,3023,2204,664058,663477
2026-09-17 10:51:00,3023,3024,3021,3022,1034,663477,663488
2026-09-17 10:52:00,3022,3023,3019,3022,1364,663488,663805
2026-09-17 10:53:00,3022,3026,3022,3025,2160,663805,663741
2026-09-17 10:54:00,3025,3026,3023,3024,1208,663741,663841
2026-09-17 10:55:00,3024,3026,3022,3023,1245,663841,663668
2026-09-17 10:56:00,3023,3026,3021,3022,648,663668,663721
2026-09-17 10:57:00,3022,3022,3020,3022,733,663721,663666
2026-09-17 10:58:00,3022,3023,3020,3021,386,663666,663816
2026-09-17 10:59:00,3021,3023,3021,3022,705,663816,663992
2026-09-17 11:00:00,3022,3022,3019,3019,609,663992,664037
2026-09-17 11:01:00,3019,3021,3018,3020,1143,664037,664064
2026-09-17 11:02:00,3020,3023,3020,3023,552,664064,664201
2026-09-17 11:03:00,3023,3025,3022,3023,1149,664201,664203
2026-09-17 11:04:00,3023,3025,3022,3025,550,664203,664379
2026-09-17 11:05:00,3025,3029,3025,3029,3407,664379,664815
2026-09-17 11:06:00,3029,3029,3027,3028,1147,664815,665091
2026-09-17 11:07:00,3028,3030,3027,3028,1165,665091,664896
2026-09-17 11:08:00,3028,3029,3027,3029,774,664896,664978
2026-09-17 11:09:00,3029,3029,3027,3027,847,664978,665188
2026-09-17 11:10:00,3027,3029,3024,3025,1121,665188,665238
2026-09-17 11:11:00,3025,3028,3025,3027,534,665238,665248
2026-09-17 11:12:00,3027,3028,3024,3026,842,665248,665245
2026-09-17 11:13:00,3026,3026,3024,3025,577,665245,665391
2026-09-17 11:14:00,3025,3027,3025,3027,374,665391,665472
2026-09-17 11:15:00,3027,3027,3026,3027,541,665472,665513
2026-09-17 11:16:00,3027,3028,3025,3027,363,665513,665441
2026-09-17 11:17:00,3027,3028,3025,3027,431,665441,665498
2026-09-17 11:18:00,3027,3030,3027,3027,1191,665498,665526
2026-09-17 11:19:00,3027,3028,3026,3028,312,665526,665599
2026-09-17 11:20:00,3028,3029,3026,3026,282,665599,665622
2026-09-17 11:21:00,3026,3028,3024,3025,923,665622,665717
2026-09-17 11:22:00,3025,3026,3021,3025,1403,665717,665924
2026-09-17 11:23:00,3025,3026,3023,3024,331,665924,665898
2026-09-17 11:24:00,3024,3025,3022,3023,605,665898,665881
2026-09-17 11:25:00,3023,3024,3021,3024,644,665881,665911
2026-09-17 11:26:00,3024,3026,3022,3023,547,665911,665787
2026-09-17 11:27:00,3023,3024,3021,3023,562,665787,665816
2026-09-17 11:28:00,3023,3024,3022,3023,346,665816,665669
2026-09-17 11:29:00,3023,3024,3022,3024,659,665669,665507
2026-09-17 13:30:00,3020,3027,3016,3027,4650,665507,664850
2026-09-17 13:31:00,3027,3033,3027,3029,3960,664850,665321
2026-09-17 13:32:00,3029,3031,3027,3030,1747,665321,665445
2026-09-17 13:33:00,3030,3030,3024,3024,1523,665445,665721
2026-09-17 13:34:00,3024,3025,3023,3024,1649,665721,665815
2026-09-17 13:35:00,3024,3025,3020,3020,1785,665815,665752
2026-09-17 13:36:00,3020,3023,3019,3022,1077,665752,665877
2026-09-17 13:37:00,3022,3023,3019,3020,1078,665877,665971
2026-09-17 13:38:00,3020,3022,3019,3020,732,665971,666092
2026-09-17 13:39:00,3020,3020,3015,3018,2945,666092,665969
2026-09-17 13:40:00,3018,3018,3012,3012,2612,665969,666340
2026-09-17 13:41:00,3012,3017,3012,3015,1828,666340,666247
2026-09-17 13:42:00,3015,3017,3012,3016,1497,666247,666397
2026-09-17 13:43:00,3016,3018,3014,3017,1043,666397,666456
2026-09-17 13:44:00,3017,3017,3014,3014,893,666456,666419
2026-09-17 13:45:00,3014,3015,3013,3015,1582,666419,666820
2026-09-17 13:46:00,3015,3015,3013,3014,1497,666820,666834
2026-09-17 13:47:00,3014,3016,3012,3013,1183,666834,666999
2026-09-17 13:48:00,3013,3014,3010,3013,2649,666999,667051
2026-09-17 13:49:00,3013,3014,3011,3013,1500,667051,666970
2026-09-17 13:50:00,3013,3013,3007,3007,3251,666970,667142
2026-09-17 13:51:00,3007,3009,3003,3008,4165,667142,666068
2026-09-17 13:52:00,3008,3008,3004,3006,1593,666068,666327
2026-09-17 13:53:00,3006,3009,3005,3006,2355,666327,666582
2026-09-17 13:54:00,3006,3007,3004,3007,1500,666582,666883
2026-09-17 13:55:00,3007,3009,3006,3009,1265,666883,666958
2026-09-17 13:56:00,3009,3011,3007,3011,1289,666958,667049
2026-09-17 13:57:00,3011,3012,3009,3010,1206,667049,667025
2026-09-17 13:58:00,3010,3010,3005,3005,3317,667025,667560
2026-09-17 13:59:00,3005,3006,3003,3003,2127,667560,667946
2026-09-17 14:00:00,3003,3008,3001,3007,2901,667946,668174
2026-09-17 14:01:00,3007,3007,3002,3004,1424,668174,668251
2026-09-17 14:02:00,3004,3005,3001,3001,2408,668251,668201
2026-09-17 14:03:00,3001,3002,2998,3001,4164,668201,668196
2026-09-17 14:04:00,3001,3002,3000,3001,1890,668196,668049
2026-09-17 14:05:00,3001,3003,3000,3002,1862,668049,668206
2026-09-17 14:06:00,3002,3002,2993,2996,7127,668206,668612
2026-09-17 14:07:00,2996,3001,2995,3001,1847,668612,668760
2026-09-17 14:08:00,3001,3003,3000,3003,2051,668760,668535
2026-09-17 14:09:00,3003,3004,2998,2998,2310,668535,668712
2026-09-17 14:10:00,2998,3000,2996,3000,2678,668712,668802
2026-09-17 14:11:00,3000,3002,2999,3001,2300,668802,669009
2026-09-17 14:12:00,3001,3001,2998,2998,1494,669009,668955
2026-09-17 14:13:00,2998,3000,2996,2998,2568,668955,668936
2026-09-17 14:14:00,2998,3000,2997,2999,1143,668936,668876
2026-09-17 14:15:00,2999,3001,2997,2998,2033,668876,668994
2026-09-17 14:16:00,2998,3003,2998,3001,2843,668994,668435
2026-09-17 14:17:00,3001,3002,2996,2996,2675,668435,668841
2026-09-17 14:18:00,2996,2998,2994,2996,2624,668841,668767
2026-09-17 14:19:00,2996,2998,2996,2997,680,668767,668791
2026-09-17 14:20:00,2997,2997,2993,2993,1781,668791,669018
2026-09-17 14:21:00,2993,2994,2990,2993,2294,669018,669077
2026-09-17 14:22:00,2993,2995,2992,2993,1442,669077,669214
2026-09-17 14:23:00,2993,2995,2991,2994,1465,669214,669251
2026-09-17 14:24:00,2994,2994,2992,2992,1168,669251,669179
2026-09-17 14:25:00,2992,2996,2992,2995,1475,669179,669038
2026-09-17 14:26:00,2995,2997,2993,2994,1711,669038,669030
2026-09-17 14:27:00,2994,2996,2992,2995,1195,669030,669244
2026-09-17 14:28:00,2995,2997,2994,2996,1048,669244,669400
2026-09-17 14:29:00,2996,2998,2991,2991,1861,669400,669709
2026-09-17 14:30:00,2991,2993,2990,2991,2284,669709,669342
2026-09-17 14:31:00,2991,2993,2989,2992,2545,669342,669459
2026-09-17 14:32:00,2992,2993,2990,2992,882,669459,669384
2026-09-17 14:33:00,2992,2992,2989,2990,1752,669384,669469
2026-09-17 14:34:00,2990,2995,2990,2994,1659,669469,669342
2026-09-17 14:35:00,2994,2998,2993,2998,2661,669342,669133
2026-09-17 14:36:00,2998,3000,2997,2998,3206,669133,669006
2026-09-17 14:37:00,2998,2999,2995,2995,1384,669006,668858
2026-09-17 14:38:00,2995,2998,2995,2996,1384,668858,668835
2026-09-17 14:39:00,2996,3001,2995,3001,1695,668835,668946
2026-09-17 14:40:00,3001,3001,2999,3001,1663,668946,668799
2026-09-17 14:41:00,3001,3002,2999,3002,1188,668799,668836
2026-09-17 14:42:00,3002,3006,3001,3003,2984,668836,668621
2026-09-17 14:43:00,3003,3003,3000,3000,1130,668621,668837
2026-09-17 14:44:00,3000,3007,3000,3006,2819,668837,668314
2026-09-17 14:45:00,3006,3007,3002,3003,1760,668314,668084
2026-09-17 14:46:00,3003,3003,2999,2999,1231,668084,667868
2026-09-17 14:47:00,2999,3002,2999,3001,862,667868,667977
2026-09-17 14:48:00,3001,3001,2997,2998,1445,667977,668197
2026-09-17 14:49:00,2998,3000,2998,3000,680,668197,668374
2026-09-17 14:50:00,3000,3000,2997,2997,1657,668374,668807
2026-09-17 14:51:00,2997,2999,2996,2998,1339,668807,668538
2026-09-17 14:52:00,2998,2998,2996,2997,1064,668538,668312
2026-09-17 14:53:00,2997,2998,2996,2997,1603,668312,667904
2026-09-17 14:54:00,2997,3000,2995,2999,1460,667904,667683
2026-09-17 14:55:00,2999,3000,2997,2997,1475,667683,667024
2026-09-17 14:56:00,2997,2997,2994,2995,1860,667024,666174
2026-09-17 14:57:00,2995,2997,2994,2996,1454,666174,665542
2026-09-17 14:58:00,2996,2997,2996,2997,1109,665542,665140
2026-09-17 14:59:00,2997,2998,2994,2995,3871,665140,662873
2026-09-17 21:00:00,2970,2989,2970,2982,19822,662873,661790
2026-09-17 21:01:00,2982,2986,2981,2984,6729,661790,662535
2026-09-17 21:02:00,2984,2990,2983,2987,5749,662535,663696
2026-09-17 21:03:00,2987,2990,2984,2986,3793,663696,664437
2026-09-17 21:04:00,2986,2988,2980,2983,3983,664437,664711
2026-09-17 21:05:00,2983,2986,2983,2984,3706,664711,664618
2026-09-17 21:06:00,2984,2987,2983,2986,3234,664618,664934
2026-09-17 21:07:00,2986,2987,2980,2981,3225,664934,665650
2026-09-17 21:08:00,2981,2981,2973,2976,7330,665650,666545
2026-09-17 21:09:00,2976,2979,2974,2975,3650,666545,666783
2026-09-17 21:10:00,2975,2982,2975,2982,3966,666783,666688
2026-09-17 21:11:00,2982,2986,2980,2984,3172,666688,667111
2026-09-17 21:12:00,2984,2986,2980,2984,2572,667111,667090
2026-09-17 21:13:00,2984,2987,2984,2985,2356,667090,667187
2026-09-17 21:14:00,2985,2987,2985,2985,1213,667187,667406
2026-09-17 21:15:00,2985,2986,2983,2984,2179,667406,667548
2026-09-17 21:16:00,2984,2986,2983,2985,2029,667548,668008
2026-09-17 21:17:00,2985,2985,2983,2985,1087,668008,667925
2026-09-17 21:18:00,2985,2985,2982,2983,1627,667925,668057
2026-09-17 21:19:00,2983,2986,2983,2985,1419,668057,668182
2026-09-17 21:20:00,2985,2989,2985,2989,3068,668182,668684
2026-09-17 21:21:00,2989,2989,2985,2985,1215,668684,668577
2026-09-17 21:22:00,2985,2986,2984,2984,1339,668577,668548
2026-09-17 21:23:00,2984,2989,2984,2989,1387,668548,668955
2026-09-17 21:24:00,2989,2990,2988,2989,1915,668955,669113
2026-09-17 21:25:00,2989,2994,2989,2991,4617,669113,669134
2026-09-17 21:26:00,2991,2992,2990,2992,1161,669134,669234
2026-09-17 21:27:00,2992,2998,2991,2996,4679,669234,669867
2026-09-17 21:28:00,2996,2996,2993,2994,1661,669867,670384
2026-09-17 21:29:00,2994,2995,2991,2993,2693,670384,670568
2026-09-17 21:30:00,2993,2995,2992,2994,858,670568,670883
2026-09-17 21:31:00,2994,2997,2994,2997,2307,670883,671049
2026-09-17 21:32:00,2997,2998,2995,2995,2043,671049,671245
2026-09-17 21:33:00,2995,2999,2995,2998,2323,671245,671261
2026-09-17 21:34:00,2998,2998,2993,2993,1503,671261,671556
2026-09-17 21:35:00,2993,2994,2990,2992,2783,671556,671623
2026-09-17 21:36:00,2992,2994,2991,2992,1431,671623,672004
2026-09-17 21:37:00,2992,2996,2991,2995,1610,672004,672262
2026-09-17 21:38:00,2995,3001,2995,2999,4087,672262,671720
2026-09-17 21:39:00,2999,3001,2998,3000,2103,671720,672322
2026-09-17 21:40:00,3000,3004,3000,3003,2684,672322,672026
2026-09-17 21:41:00,3003,3007,3003,3006,3736,672026,671469
2026-09-17 21:42:00,3006,3010,3004,3006,4201,671469,671392
2026-09-17 21:43:00,3006,3013,3006,3007,4422,671392,671339
2026-09-17 21:44:00,3007,3008,3006,3007,2251,671339,671728
2026-09-17 21:45:00,3007,3008,3003,3004,3212,671728,672305
2026-09-17 21:46:00,3004,3005,2997,2997,3821,672305,672390
2026-09-17 21:47:00,2997,2998,2994,2997,4418,672390,672514
2026-09-17 21:48:00,2997,2997,2994,2996,2150,672514,672672
2026-09-17 21:49:00,2996,2998,2995,2996,1808,672672,672678
2026-09-17 21:50:00,2996,2998,2993,2994,1791,672678,672833
2026-09-17 21:51:00,2994,2997,2993,2995,1348,672833,673024
2026-09-17 21:52:00,2995,2997,2994,2996,1496,673024,673242
2026-09-17 21:53:00,2996,2997,2994,2996,1011,673242,673409
2026-09-17 21:54:00,2996,2998,2995,2996,1075,673409,673611
2026-09-17 21:55:00,2996,3002,2996,3000,2698,673611,673616
2026-09-17 21:56:00,3000,3001,2999,3000,1135,673616,673940
2026-09-17 21:57:00,3000,3004,2999,3003,1589,673940,674129
2026-09-17 21:58:00,3003,3003,3000,3003,1035,674129,674311
2026-09-17 21:59:00,3003,3003,3000,3003,1027,674311,674592
2026-09-17 22:00:00,3003,3005,3002,3004,1143,674592,674761
2026-09-17 22:01:00,3004,3008,3004,3005,2065,674761,675058
2026-09-17 22:02:00,3005,3007,3001,3002,1932,675058,675357
2026-09-17 22:03:00,3002,3004,3000,3000,1573,675357,675817
2026-09-17 22:04:00,3000,3003,2999,3003,2893,675817,676619
2026-09-17 22:05:00,3003,3005,3002,3002,1940,676619,676619
2026-09-17 22:06:00,3002,3004,2999,3002,2793,676619,676859
2026-09-17 22:07:00,3002,3003,3000,3001,944,676859,677051
2026-09-17 22:08:00,3001,3004,3001,3002,1105,677051,677430
2026-09-17 22:09:00,3002,3003,3000,3001,1320,677430,677098
2026-09-17 22:10:00,3001,3003,3001,3002,507,677098,677121
2026-09-17 22:11:00,3002,3003,3000,3002,816,677121,677047
2026-09-17 22:12:00,3002,3002,3000,3001,920,677047,677172
2026-09-17 22:13:00,3001,3001,2998,2999,2512,677172,677629
2026-09-17 22:14:00,2999,3003,2999,3002,1971,677629,678397
2026-09-17 22:15:00,3002,3003,3001,3003,1084,678397,678690
2026-09-17 22:16:00,3003,3003,3000,3001,1132,678690,678552
2026-09-17 22:17:00,3001,3002,3000,3001,425,678552,678618
2026-09-17 22:18:00,3001,3003,3000,3002,858,678618,678817
2026-09-17 22:19:00,3002,3004,3001,3001,1268,678817,678924
2026-09-17 22:20:00,3001,3002,2999,3000,1855,678924,679129
2026-09-17 22:21:00,3000,3002,2999,2999,1090,679129,679522
2026-09-17 22:22:00,2999,3001,2999,3000,669,679522,679495
2026-09-17 22:23:00,3000,3002,2999,2999,985,679495,679185
2026-09-17 22:24:00,2999,2999,2994,2995,3365,679185,678970
2026-09-17 22:25:00,2995,2997,2995,2996,1138,678970,679082
2026-09-17 22:26:00,2996,2999,2996,2999,969,679082,679115
2026-09-17 22:27:00,2999,2999,2996,2997,751,679115,678913
2026-09-17 22:28:00,2997,2999,2996,2999,572,678913,678947
2026-09-17 22:29:00,2999,2999,2997,2999,616,678947,678821
2026-09-17 22:30:00,2999,3000,2998,2999,974,678821,678507
2026-09-17 22:31:00,2999,3000,2998,2998,428,678507,678531
2026-09-17 22:32:00,2998,3000,2998,3000,572,678531,678390
2026-09-17 22:33:00,3000,3000,2997,2999,1299,678390,678022
2026-09-17 22:34:00,2999,3002,2998,3001,4659,678022,678180
2026-09-17 22:35:00,3001,3002,2999,3000,1081,678180,678182
2026-09-17 22:36:00,3000,3001,2999,3000,1241,678182,677910
2026-09-17 22:37:00,3000,3002,3000,3002,427,677910,677865
2026-09-17 22:38:00,3002,3003,3000,3002,762,677865,677826
2026-09-17 22:39:00,3002,3006,3001,3005,1821,677826,677725
2026-09-17 22:40:00,3005,3007,3002,3002,2465,677725,677521
2026-09-17 22:41:00,3002,3003,3000,3001,1327,677521,677369
2026-09-17 22:42:00,3001,3003,3000,3003,704,677369,677245
2026-09-17 22:43:00,3003,3005,3002,3004,666,677245,677465
2026-09-17 22:44:00,3004,3005,3001,3003,746,677465,677458
2026-09-17 22:45:00,3003,3004,3001,3003,439,677458,677611
2026-09-17 22:46:00,3003,3004,3002,3003,435,677611,677693
2026-09-17 22:47:00,3003,3004,3001,3004,747,677693,677495
2026-09-17 22:48:00,3004,3006,3003,3005,1162,677495,677641
2026-09-17 22:49:00,3005,3009,3005,3008,2733,677641,677753
2026-09-17 22:50:00,3008,3008,3005,3006,1003,677753,677781
2026-09-17 22:51:00,3006,3007,3004,3005,1078,677781,677516
2026-09-17 22:52:00,3005,3006,3005,3005,512,677516,677517
2026-09-17 22:53:00,3005,3009,3004,3006,1258,677517,677776
2026-09-17 22:54:00,3006,3009,3005,3008,1276,677776,677884
2026-09-17 22:55:00,3008,3009,3005,3007,2641,677884,677004
2026-09-17 22:56:00,3007,3008,3006,3007,445,677004,676866
2026-09-17 22:57:00,3007,3009,3005,3007,1746,676866,676873
2026-09-17 22:58:00,3007,3012,3007,3011,3056,676873,676330
2026-09-17 22:59:00,3011,3019,3009,3014,4562,676330,675010
2026-09-18 09:00:00,3014,3014,2998,2999,8605,675010,674705
2026-09-18 09:01:00,2999,3001,2996,2999,4920,674705,675141
2026-09-18 09:02:00,2999,2999,2991,2991,4147,675141,674941
2026-09-18 09:03:00,2991,2994,2987,2988,6209,674941,674318
2026-09-18 09:04:00,2988,2991,2988,2991,5332,674318,674081
2026-09-18 09:05:00,2991,2992,2988,2990,2513,674081,674596
2026-09-18 09:06:00,2990,2997,2988,2995,6085,674596,673868
2026-09-18 09:07:00,2995,2995,2992,2993,1817,673868,674292
2026-09-18 09:08:00,2993,2994,2990,2990,3403,674292,674669
2026-09-18 09:09:00,2990,2991,2985,2987,7114,674669,675378
2026-09-18 09:10:00,2987,2990,2982,2983,5763,675378,676089
2026-09-18 09:11:00,2983,2986,2980,2980,4158,676089,676817
2026-09-18 09:12:00,2980,2985,2980,2983,3368,676817,676934
2026-09-18 09:13:00,2983,2986,2982,2985,2982,676934,676736
2026-09-18 09:14:00,2985,2988,2982,2987,2867,676736,676577
2026-09-18 09:15:00,2987,2991,2987,2990,3142,676577,676757
2026-09-18 09:16:00,2990,2994,2990,2994,2901,676757,676903
2026-09-18 09:17:00,2994,2994,2990,2991,1623,676903,677227
2026-09-18 09:18:00,2991,2993,2989,2990,2148,677227,677849
2026-09-18 09:19:00,2990,2992,2986,2987,2591,677849,678076
2026-09-18 09:20:00,2987,2989,2984,2988,2858,678076,678148
2026-09-18 09:21:00,2988,2988,2985,2986,1217,678148,678476
2026-09-18 09:22:00,2986,2990,2985,2989,1626,678476,678917
2026-09-18 09:23:00,2989,2991,2988,2989,1097,678917,679195
2026-09-18 09:24:00,2989,2993,2989,2992,1687,679195,679546
2026-09-18 09:25:00,2992,2993,2990,2992,1206,679546,679882
2026-09-18 09:26:00,2992,2992,2990,2991,708,679882,680150
2026-09-18 09:27:00,2991,2993,2991,2992,1165,680150,680229
2026-09-18 09:28:00,2992,2993,2990,2990,807,680229,680225
2026-09-18 09:29:00,2990,2993,2990,2991,811,680225,680057
2026-09-18 09:30:00,2991,2991,2989,2991,725,680057,680133
2026-09-18 09:31:00,2991,2995,2990,2995,1505,680133,680378
2026-09-18 09:32:00,2995,2996,2991,2992,1867,680378,680279
2026-09-18 09:33:00,2992,2992,2989,2990,1023,680279,680153
2026-09-18 09:34:00,2990,2990,2986,2986,2773,680153,679510
2026-09-18 09:35:00,2986,2988,2985,2986,1064,679510,679516
2026-09-18 09:36:00,2986,2986,2981,2984,2693,679516,679170
2026-09-18 09:37:00,2984,2984,2977,2978,5764,679170,678593
2026-09-18 09:38:00,2978,2979,2974,2974,4018,678593,678339
2026-09-18 09:39:00,2974,2975,2972,2973,4401,678339,678068
2026-09-18 09:40:00,2973,2977,2972,2975,3505,678068,677914
2026-09-18 09:41:00,2975,2978,2963,2965,8399,677914,676609
2026-09-18 09:42:00,2965,2965,2948,2949,16637,676609,674223
2026-09-18 09:43:00,2949,2952,2941,2949,11597,674223,673606
2026-09-18 09:44:00,2949,2953,2946,2953,7072,673606,673206
2026-09-18 09:45:00,2953,2957,2951,2955,4269,673206,673276
2026-09-18 09:46:00,2955,2958,2952,2953,3518,673276,673625
2026-09-18 09:47:00,2953,2958,2953,2955,3170,673625,673416
2026-09-18 09:48:00,2955,2957,2950,2950,2625,673416,673902
2026-09-18 09:49:00,2950,2955,2949,2955,3389,673902,674326
2026-09-18 09:50:00,2955,2959,2954,2958,2744,674326,674008
2026-09-18 09:51:00,2958,2963,2957,2962,2985,674008,673630
2026-09-18 09:52:00,2962,2965,2960,2961,3578,673630,673554
2026-09-18 09:53:00,2961,2965,2961,2963,1446,673554,673708
2026-09-18 09:54:00,2963,2963,2959,2960,2202,673708,674110
2026-09-18 09:55:00,2960,2961,2957,2959,2409,674110,674570
2026-09-18 09:56:00,2959,2961,2958,2959,1577,674570,674926
2026-09-18 09:57:00,2959,2960,2953,2957,2406,674926,674918
2026-09-18 09:58:00,2957,2961,2957,2959,1977,674918,674718
2026-09-18 09:59:00,2959,2963,2958,2963,1304,674718,674978
2026-09-18 10:00:00,2963,2964,2960,2960,2121,674978,675101
2026-09-18 10:01:00,2960,2965,2959,2964,1574,675101,675236
2026-09-18 10:02:00,2964,2969,2964,2968,3295,675236,674845
2026-09-18 10:03:00,2968,2969,2962,2966,1951,674845,674624
2026-09-18 10:04:00,2966,2966,2963,2964,783,674624,674838
2026-09-18 10:05:00,2964,2964,2961,2962,1143,674838,674767
2026-09-18 10:06:00,2962,2962,2958,2960,1690,674767,674728
2026-09-18 10:07:00,2960,2961,2957,2958,1548,674728,675062
2026-09-18 10:08:00,2958,2961,2958,2960,1122,675062,675393
2026-09-18 10:09:00,2960,2960,2959,2960,695,675393,675508
2026-09-18 10:10:00,2960,2965,2959,2964,1243,675508,675638
2026-09-18 10:11:00,2964,2966,2963,2966,941,675638,675979
2026-09-18 10:12:00,2966,2966,2961,2962,1272,675979,676213
2026-09-18 10:13:00,2962,2962,2959,2960,1009,676213,676243
2026-09-18 10:14:00,2960,2960,2958,2959,936,676243,676324
2026-09-18 10:30:00,2958,2959,2952,2956,4201,676324,677025
2026-09-18 10:31:00,2956,2959,2956,2958,1889,677025,677468
2026-09-18 10:32:00,2958,2966,2958,2966,1791,677468,677595
2026-09-18 10:33:00,2966,2966,2961,2962,1957,677595,677906
2026-09-18 10:34:00,2962,2962,2960,2960,580,677906,677980
2026-09-18 10:35:00,2960,2961,2958,2958,2066,677980,678028
2026-09-18 10:36:00,2958,2960,2957,2957,1423,678028,678284
2026-09-18 10:37:00,2957,2960,2956,2960,824,678284,678316
2026-09-18 10:38:00,2960,2961,2958,2958,646,678316,678406
2026-09-18 10:39:00,2958,2959,2956,2957,1098,678406,678446
2026-09-18 10:40:00,2957,2957,2950,2953,3621,678446,678644
2026-09-18 10:41:00,2953,2954,2951,2951,1113,678644,678602
2026-09-18 10:42:00,2951,2955,2951,2953,1451,678602,678516
2026-09-18 10:43:00,2953,2956,2953,2956,910,678516,678737
2026-09-18 10:44:00,2956,2956,2953,2953,577,678737,678782
2026-09-18 10:45:00,2953,2954,2951,2952,860,678782,678811
2026-09-18 10:46:00,2952,2956,2952,2954,1205,678811,678811
2026-09-18 10:47:00,2954,2956,2952,2955,2112,678811,678069
2026-09-18 10:48:00,2955,2962,2954,2961,3531,678069,677976
2026-09-18 10:49:00,2961,2961,2957,2958,1176,677976,677910
2026-09-18 10:50:00,2958,2959,2957,2958,936,677910,677969
2026-09-18 10:51:00,2958,2962,2958,2962,1143,677969,678140
2026-09-18 10:52:00,2962,2965,2961,2964,2467,678140,678292
2026-09-18 10:53:00,2964,2967,2962,2963,2468,678292,678300
2026-09-18 10:54:00,2963,2968,2961,2965,2428,678300,677869
2026-09-18 10:55:00,2965,2968,2963,2963,2014,677869,678130
2026-09-18 10:56:00,2963,2964,2962,2962,1008,678130,678096
2026-09-18 10:57:00,2962,2965,2960,2964,1565,678096,678243
2026-09-18 10:58:00,2964,2966,2962,2964,703,678243,678356
2026-09-18 10:59:00,2964,2964,2962,2963,643,678356,678539
2026-09-18 11:00:00,2963,2965,2961,2964,1579,678539,678804
2026-09-18 11:01:00,2964,2964,2962,2963,1000,678804,678790
2026-09-18 11:02:00,2963,2966,2963,2965,1674,678790,678900
2026-09-18 11:03:00,2965,2968,2964,2965,1472,678900,678905
2026-09-18 11:04:00,2965,2967,2965,2966,935,678905,679093
2026-09-18 11:05:00,2966,2968,2966,2966,964,679093,679155
2026-09-18 11:06:00,2966,2966,2963,2964,947,679155,679041
2026-09-18 11:07:00,2964,2964,2961,2961,1489,679041,679230
2026-09-18 11:08:00,2961,2964,2959,2964,1897,679230,679867
2026-09-18 11:09:00,2964,2966,2962,2964,800,679867,680032
2026-09-18 11:10:00,2964,2965,2963,2965,992,680032,680025
2026-09-18 11:11:00,2965,2967,2964,2965,1192,680025,680196
2026-09-18 11:12:00,2965,2967,2964,2967,928,680196,680365
2026-09-18 11:13:00,2967,2973,2966,2971,4981,680365,679694
2026-09-18 11:14:00,2971,2973,2970,2971,1770,679694,679707
2026-09-18 11:15:00,2971,2972,2968,2968,1091,679707,679679
2026-09-18 11:16:00,2968,2970,2966,2966,692,679679,679728
2026-09-18 11:17:00,2966,2967,2964,2965,897,679728,679905
2026-09-18 11:18:00,2965,2966,2963,2965,702,679905,679917
2026-09-18 11:19:00,2965,2967,2965,2966,636,679917,680034
2026-09-18 11:20:00,2966,2967,2963,2964,920,680034,680067
2026-09-18 11:21:00,2964,2965,2961,2961,1198,680067,680028
2026-09-18 11:22:00,2961,2966,2961,2965,1149,680028,679914
2026-09-18 11:23:00,2965,2968,2965,2967,1403,679914,679796
2026-09-18 11:24:00,2967,2967,2965,2966,564,679796,679843
2026-09-18 11:25:00,2966,2967,2964,2965,461,679843,679897
2026-09-18 11:26:00,2965,2966,2963,2964,522,679897,679880
2026-09-18 11:27:00,2964,2965,2963,2963,772,679880,679608
2026-09-18 11:28:00,2963,2965,2962,2964,1057,679608,679389
2026-09-18 11:29:00,2964,2965,2963,2963,868,679389,679090
2026-09-18 13:30:00,2958,2961,2954,2956,5922,679090,679256
2026-09-18 13:31:00,2956,2957,2955,2957,2422,679256,679319
2026-09-18 13:32:00,2957,2959,2955,2958,2720,679319,679916
2026-09-18 13:33:00,2958,2960,2957,2959,1701,679916,680568
2026-09-18 13:34:00,2959,2963,2958,2960,2601,680568,680891
2026-09-18 13:35:00,2960,2962,2956,2956,1707,680891,681448
2026-09-18 13:36:00,2956,2957,2953,2954,2225,681448,681391
2026-09-18 13:37:00,2954,2957,2953,2954,2900,681391,681839
2026-09-18 13:38:00,2954,2956,2952,2955,1729,681839,681849
2026-09-18 13:39:00,2955,2955,2950,2951,2301,681849,681963
2026-09-18 13:40:00,2951,2954,2949,2951,3163,681963,682669
2026-09-18 13:41:00,2951,2954,2949,2954,1757,682669,682632
2026-09-18 13:42:00,2954,2957,2953,2954,1751,682632,682650
2026-09-18 13:43:00,2954,2957,2953,2956,1229,682650,682530
2026-09-18 13:44:00,2956,2956,2953,2953,1833,682530,682237
2026-09-18 13:45:00,2953,2955,2952,2954,1659,682237,682260
2026-09-18 13:46:00,2954,2961,2953,2960,3081,682260,682472
2026-09-18 13:47:00,2960,2965,2960,2962,4115,682472,682437
2026-09-18 13:48:00,2962,2963,2960,2960,1748,682437,682173
2026-09-18 13:49:00,2960,2964,2960,2964,1421,682173,682305
2026-09-18 13:50:00,2964,2964,2959,2960,1951,682305,682116
2026-09-18 13:51:00,2960,2962,2960,2962,886,682116,682180
2026-09-18 13:52:00,2962,2965,2961,2964,2441,682180,682578
2026-09-18 13:53:00,2964,2967,2963,2964,3140,682578,682993
2026-09-18 13:54:00,2964,2965,2962,2962,1333,682993,682820
2026-09-18 13:55:00,2962,2964,2960,2960,1171,682820,683057
2026-09-18 13:56:00,2960,2963,2960,2963,649,683057,683037
2026-09-18 13:57:00,2963,2964,2961,2964,631,683037,683217
2026-09-18 13:58:00,2964,2966,2963,2965,1080,683217,683242
2026-09-18 13:59:00,2965,2967,2964,2967,1221,683242,683321
2026-09-18 14:00:00,2967,2967,2962,2962,1190,683321,683418
2026-09-18 14:01:00,2962,2965,2962,2965,996,683418,683485
2026-09-18 14:02:00,2965,2966,2964,2966,1075,683485,683772
2026-09-18 14:03:00,2966,2968,2964,2965,2113,683772,683569
2026-09-18 14:04:00,2965,2967,2963,2964,1426,683569,683282
2026-09-18 14:05:00,2964,2964,2961,2961,1010,683282,683064
2026-09-18 14:06:00,2961,2962,2959,2959,1931,683064,682821
2026-09-18 14:07:00,2959,2960,2958,2958,801,682821,682684
2026-09-18 14:08:00,2958,2960,2957,2958,1201,682684,682452
2026-09-18 14:09:00,2958,2962,2957,2962,809,682452,682565
2026-09-18 14:10:00,2962,2963,2960,2963,732,682565,682544
2026-09-18 14:11:00,2963,2963,2961,2963,831,682544,682462
2026-09-18 14:12:00,2963,2963,2959,2960,817,682462,682405
2026-09-18 14:13:00,2960,2962,2960,2962,543,682405,682357
2026-09-18 14:14:00,2962,2964,2961,2963,882,682357,682483
2026-09-18 14:15:00,2963,2966,2963,2966,1209,682483,682449
2026-09-18 14:16:00,2966,2967,2964,2966,1263,682449,682468
2026-09-18 14:17:00,2966,2966,2963,2964,1436,682468,682161
2026-09-18 14:18:00,2964,2965,2962,2963,589,682161,682198
2026-09-18 14:19:00,2963,2963,2961,2962,830,682198,682146
2026-09-18 14:20:00,2962,2962,2960,2961,971,682146,682099
2026-09-18 14:21:00,2961,2962,2960,2962,592,682099,682189
2026-09-18 14:22:00,2962,2962,2959,2959,839,682189,682251
2026-09-18 14:23:00,2959,2960,2955,2956,2191,682251,681684
2026-09-18 14:24:00,2956,2958,2955,2956,1353,681684,681491
2026-09-18 14:25:00,2956,2958,2954,2957,2798,681491,681759
2026-09-18 14:26:00,2957,2958,2956,2956,811,681759,681671
2026-09-18 14:27:00,2956,2958,2952,2954,2111,681671,681635
2026-09-18 14:28:00,2954,2956,2952,2953,2387,681635,681225
2026-09-18 14:29:00,2953,2954,2951,2951,2442,681225,680965
2026-09-18 14:30:00,2951,2952,2949,2949,4268,680965,680483
2026-09-18 14:31:00,2949,2951,2948,2951,1918,680483,680446
2026-09-18 14:32:00,2951,2954,2951,2954,1565,680446,680492
2026-09-18 14:33:00,2954,2954,2952,2952,722,680492,680499
2026-09-18 14:34:00,2952,2953,2952,2953,706,680499,680585
2026-09-18 14:35:00,2953,2953,2949,2951,1717,680585,680396
2026-09-18 14:36:00,2951,2953,2950,2952,973,680396,680305
2026-09-18 14:37:00,2952,2954,2951,2953,1085,680305,680165
2026-09-18 14:38:00,2953,2953,2950,2951,1704,680165,680542
2026-09-18 14:39:00,2951,2954,2951,2952,630,680542,680504
2026-09-18 14:40:00,2952,2957,2952,2957,1763,680504,680052
2026-09-18 14:41:00,2957,2957,2954,2956,937,680052,679968
2026-09-18 14:42:00,2956,2958,2955,2956,1292,679968,679845
2026-09-18 14:43:00,2956,2957,2953,2954,1067,679845,679657
2026-09-18 14:44:00,2954,2954,2953,2953,707,679657,679649
2026-09-18 14:45:00,2953,2955,2953,2953,648,679649,679652
2026-09-18 14:46:00,2953,2954,2951,2954,1420,679652,679406
2026-09-18 14:47:00,2954,2955,2953,2953,423,679406,679371
2026-09-18 14:48:00,2953,2954,2952,2953,777,679371,679273
2026-09-18 14:49:00,2953,2954,2951,2952,1720,679273,679247
2026-09-18 14:50:00,2952,2954,2952,2953,879,679247,679225
2026-09-18 14:51:00,2953,2953,2951,2952,684,679225,679136
2026-09-18 14:52:00,2952,2953,2951,2952,1037,679136,678936
2026-09-18 14:53:00,2952,2953,2951,2951,1261,678936,678707
2026-09-18 14:54:00,2951,2953,2951,2953,1765,678707,678397
2026-09-18 14:55:00,2953,2954,2951,2953,1842,678397,678167
2026-09-18 14:56:00,2953,2955,2953,2954,1931,678167,677321
2026-09-18 14:57:00,2954,2955,2953,2954,1624,677321,676878
2026-09-18 14:58:00,2954,2955,2953,2953,1402,676878,676255
2026-09-18 14:59:00,2953,2954,2951,2952,3074,676255,674984
2026-09-18 21:00:00,2977,2977,2968,2971,16750,674984,677471
2026-09-18 21:01:00,2971,2977,2970,2971,7339,677471,678589
2026-09-18 21:02:00,2971,2978,2970,2978,5521,678589,679695
2026-09-18 21:03:00,2978,2986,2976,2981,6759,679695,679738
2026-09-18 21:04:00,2981,2985,2979,2981,4620,679738,680100
2026-09-18 21:05:00,2981,2983,2979,2983,4290,680100,680278
2026-09-18 21:06:00,2983,2985,2980,2983,4073,680278,680821
2026-09-18 21:07:00,2983,2987,2983,2986,6013,680821,682514
2026-09-18 21:08:00,2986,2989,2983,2988,3670,682514,683267
2026-09-18 21:09:00,2988,2993,2988,2988,5352,683267,683638
2026-09-18 21:10:00,2988,2991,2985,2991,3353,683638,684065
2026-09-18 21:11:00,2991,2998,2990,2997,6102,684065,685083
2026-09-18 21:12:00,2997,2999,2995,2996,3989,685083,685580
2026-09-18 21:13:00,2996,3002,2995,2997,7995,685580,687188
2026-09-18 21:14:00,2997,2998,2994,2997,4197,687188,687600
2026-09-18 21:15:00,2997,3000,2996,2996,2960,687600,687953
2026-09-18 21:16:00,2996,2997,2992,2995,4304,687953,687716
2026-09-18 21:17:00,2995,2997,2991,2993,2453,687716,688076
2026-09-18 21:18:00,2993,2994,2991,2992,1976,688076,688458
2026-09-18 21:19:00,2992,2994,2991,2991,2274,688458,688449
2026-09-18 21:20:00,2991,2992,2988,2991,3285,688449,688591
2026-09-18 21:21:00,2991,2995,2991,2994,1700,688591,688698
2026-09-18 21:22:00,2994,2995,2992,2992,1079,688698,688877
2026-09-18 21:23:00,2992,2993,2989,2991,1502,688877,689426
2026-09-18 21:24:00,2991,2997,2991,2996,2073,689426,689658
2026-09-18 21:25:00,2996,2998,2995,2996,1960,689658,689846
2026-09-18 21:26:00,2996,2997,2994,2996,1480,689846,690091
2026-09-18 21:27:00,2996,2998,2996,2997,1682,690091,690468
2026-09-18 21:28:00,2997,2997,2995,2996,1267,690468,690693
2026-09-18 21:29:00,2996,2997,2994,2995,902,690693,690936
2026-09-18 21:30:00,2995,2997,2993,2996,1954,690936,691442
2026-09-18 21:31:00,2996,3000,2996,2998,3461,691442,691186
2026-09-18 21:32:00,2998,3005,2998,3002,6381,691186,691264
2026-09-18 21:33:00,3002,3005,3000,3000,3424,691264,691259
2026-09-18 21:34:00,3000,3002,2999,3000,1502,691259,691563
2026-09-18 21:35:00,3000,3001,2999,3001,1348,691563,692061
2026-09-18 21:36:00,3001,3003,3000,3002,2858,692061,691291
2026-09-18 21:37:00,3002,3002,2999,3000,1264,691291,691490
2026-09-18 21:38:00,3000,3000,2996,2996,2435,691490,691844
2026-09-18 21:39:00,2996,2997,2994,2996,1784,691844,691719
2026-09-18 21:40:00,2996,3000,2996,2999,1645,691719,691779
2026-09-18 21:41:00,2999,3000,2998,2999,776,691779,691930
2026-09-18 21:42:00,2999,3000,2998,3000,434,691930,691992
2026-09-18 21:43:00,3000,3002,2999,3000,2143,691992,693120
2026-09-18 21:44:00,3000,3002,3000,3002,816,693120,693166
2026-09-18 21:45:00,3002,3003,2999,2999,2322,693166,693599
2026-09-18 21:46:00,2999,3001,2998,2999,718,693599,693560
2026-09-18 21:47:00,2999,3000,2997,2997,830,693560,693505
2026-09-18 21:48:00,2997,2999,2995,2995,1402,693505,693363
2026-09-18 21:49:00,2995,2997,2995,2997,1509,693363,693067
2026-09-18 21:50:00,2997,2999,2997,2999,1008,693067,693120
2026-09-18 21:51:00,2999,2999,2997,2998,875,693120,692997
2026-09-18 21:52:00,2998,2998,2994,2995,1887,692997,692372
2026-09-18 21:53:00,2995,2996,2995,2996,304,692372,692392
2026-09-18 21:54:00,2996,2996,2993,2994,1387,692392,692397
2026-09-18 21:55:00,2994,2995,2991,2994,1744,692397,692428
2026-09-18 21:56:00,2994,2995,2993,2994,862,692428,692470
2026-09-18 21:57:00,2994,2996,2993,2996,1075,692470,692253
2026-09-18 21:58:00,2996,2998,2995,2997,1282,692253,692390
2026-09-18 21:59:00,2997,2998,2996,2997,810,692390,692522
2026-09-18 22:00:00,2997,2997,2995,2996,994,692522,692421
2026-09-18 22:01:00,2996,2996,2994,2995,333,692421,692353
2026-09-18 22:02:00,2995,2996,2992,2993,875,692353,692451
2026-09-18 22:03:00,2993,2994,2991,2993,1011,692451,692447
2026-09-18 22:04:00,2993,2993,2988,2989,3166,692447,692244
2026-09-18 22:05:00,2989,2990,2985,2986,3643,692244,691508
2026-09-18 22:06:00,2986,2989,2985,2988,2679,691508,691469
2026-09-18 22:07:00,2988,2990,2987,2988,1966,691469,691945
2026-09-18 22:08:00,2988,2988,2985,2986,1434,691945,691619
2026-09-18 22:09:00,2986,2988,2985,2986,1089,691619,691561
2026-09-18 22:10:00,2986,2990,2986,2988,1083,691561,691445
2026-09-18 22:11:00,2988,2991,2987,2990,972,691445,691348
2026-09-18 22:12:00,2990,2992,2989,2992,822,691348,691256
2026-09-18 22:13:00,2992,2995,2990,2995,1567,691256,691073
2026-09-18 22:14:00,2995,2997,2994,2995,2133,691073,690951
2026-09-18 22:15:00,2995,2997,2995,2996,1309,690951,691104
2026-09-18 22:16:00,2996,2998,2995,2996,1209,691104,691060
2026-09-18 22:17:00,2996,2998,2996,2998,836,691060,691021
2026-09-18 22:18:00,2998,2999,2996,2996,1606,691021,691337
2026-09-18 22:19:00,2996,2999,2996,2997,1238,691337,691263
2026-09-18 22:20:00,2997,2998,2995,2996,1539,691263,691659
2026-09-18 22:21:00,2996,2997,2995,2996,763,691659,691809
2026-09-18 22:22:00,2996,2996,2993,2993,1028,691809,691719
2026-09-18 22:23:00,2993,2995,2993,2994,492,691719,691875
2026-09-18 22:24:00,2994,2996,2994,2994,627,691875,691894
2026-09-18 22:25:00,2994,2995,2994,2995,218,691894,691972
2026-09-18 22:26:00,2995,2995,2994,2995,213,691972,692080
2026-09-18 22:27:00,2995,2997,2994,2995,1094,692080,692286
2026-09-18 22:28:00,2995,2998,2995,2998,487,692286,692109
2026-09-18 22:29:00,2998,2998,2996,2996,633,692109,692152
2026-09-18 22:30:00,2996,2997,2995,2995,412,692152,692204
2026-09-18 22:31:00,2995,2997,2995,2997,358,692204,692137
2026-09-18 22:32:00,2997,2998,2996,2997,721,692137,691965
2026-09-18 22:33:00,2997,2997,2995,2996,476,691965,691952
2026-09-18 22:34:00,2996,2996,2994,2994,400,691952,692002
2026-09-18 22:35:00,2994,2996,2994,2996,676,692002,692028
2026-09-18 22:36:00,2996,2997,2995,2996,458,692028,692126
2026-09-18 22:37:00,2996,2997,2996,2997,286,692126,692129
2026-09-18 22:38:00,2997,2998,2996,2997,641,692129,692073
2026-09-18 22:39:00,2997,2997,2992,2993,1628,692073,692163
2026-09-18 22:40:00,2993,2995,2992,2995,997,692163,692130
2026-09-18 22:41:00,2995,2998,2995,2996,743,692130,692204
2026-09-18 22:42:00,2996,2998,2995,2996,1364,692204,692281
2026-09-18 22:43:00,2996,2997,2995,2997,375,692281,692279
2026-09-18 22:44:00,2997,2997,2995,2995,357,692279,692255
2026-09-18 22:45:00,2995,2996,2994,2995,329,692255,692155
2026-09-18 22:46:00,2995,2995,2993,2994,883,692155,691633
2026-09-18 22:47:00,2994,2995,2993,2995,615,691633,691528
2026-09-18 22:48:00,2995,2995,2994,2994,466,691528,691723
2026-09-18 22:49:00,2994,2995,2993,2993,1025,691723,691475
2026-09-18 22:50:00,2993,2994,2992,2992,1051,691475,691330
2026-09-18 22:51:00,2992,2993,2991,2992,1269,691330,690958
2026-09-18 22:52:00,2992,2992,2990,2991,1024,690958,690689
2026-09-18 22:53:00,2991,2993,2991,2993,1123,690689,690667
2026-09-18 22:54:00,2993,2994,2992,2994,683,690667,690325
2026-09-18 22:55:00,2994,2995,2993,2993,1017,690325,689931
2026-09-18 22:56:00,2993,2993,2992,2993,1007,689931,689749
2026-09-18 22:57:00,2993,2996,2992,2994,2628,689749,688773
2026-09-18 22:58:00,2994,2996,2994,2996,1180,688773,688503
2026-09-18 22:59:00,2996,3000,2995,2999,3615,688503,687095
2026-09-21 09:00:00,2999,2999,2957,2962,27977,687095,684273
2026-09-21 09:01:00,2962,2964,2948,2949,16577,684273,682584
2026-09-21 09:02:00,2949,2950,2935,2937,13672,682584,680857
2026-09-21 09:03:00,2937,2948,2934,2948,11680,680857,679544
2026-09-21 09:04:00,2948,2952,2941,2943,7543,679544,679362
2026-09-21 09:05:00,2943,2946,2926,2931,11863,679362,681225
2026-09-21 09:06:00,2931,2933,2926,2933,7817,681225,682173
2026-09-21 09:07:00,2933,2935,2927,2930,6330,682173,683107
2026-09-21 09:08:00,2930,2930,2925,2929,5479,683107,683151
2026-09-21 09:09:00,2929,2931,2927,2931,4971,683151,683339
2026-09-21 09:10:00,2931,2933,2927,2930,7595,683339,684428
2026-09-21 09:11:00,2930,2935,2926,2927,7755,684428,685541
2026-09-21 09:12:00,2927,2932,2916,2917,9508,685541,686315
2026-09-21 09:13:00,2917,2923,2914,2922,5907,686315,686782
2026-09-21 09:14:00,2922,2924,2917,2917,3782,686782,687291
2026-09-21 09:15:00,2917,2920,2913,2915,6315,687291,688505
2026-09-21 09:16:00,2915,2919,2914,2919,4159,688505,688813
2026-09-21 09:17:00,2919,2920,2915,2919,3629,688813,689331
2026-09-21 09:18:00,2919,2923,2918,2920,5969,689331,689829
2026-09-21 09:19:00,2920,2923,2915,2916,6225,689829,690986
2026-09-21 09:20:00,2916,2917,2907,2912,7270,690986,691864
2026-09-21 09:21:00,2912,2917,2911,2914,3833,691864,692267
2026-09-21 09:22:00,2914,2915,2910,2913,3344,692267,692100
2026-09-21 09:23:00,2913,2918,2912,2913,3943,692100,692465
2026-09-21 09:24:00,2913,2915,2910,2913,3434,692465,692994
2026-09-21 09:25:00,2913,2914,2908,2912,4479,692994,693733
2026-09-21 09:26:00,2912,2914,2911,2913,2309,693733,693698
2026-09-21 09:27:00,2913,2913,2905,2906,4435,693698,693982
2026-09-21 09:28:00,2906,2912,2905,2910,4175,693982,694591
2026-09-21 09:29:00,2910,2916,2910,2915,3652,694591,694918
2026-09-21 09:30:00,2915,2916,2911,2915,2793,694918,694365
2026-09-21 09:31:00,2915,2920,2915,2915,3650,694365,694104
2026-09-21 09:32:00,2915,2920,2914,2919,2967,694104,694260
2026-09-21 09:33:00,2919,2922,2917,2918,3522,694260,694851
2026-09-21 09:34:00,2918,2918,2914,2915,1976,694851,695167
2026-09-21 09:35:00,2915,2917,2913,2914,1348,695167,695363
2026-09-21 09:36:00,2914,2920,2913,2919,2452,695363,695362
2026-09-21 09:37:00,2919,2920,2917,2919,1869,695362,695564
2026-09-21 09:38:00,2919,2922,2918,2919,2620,695564,696062
2026-09-21 09:39:00,2919,2919,2915,2917,1448,696062,696149
2026-09-21 09:40:00,2917,2919,2914,2917,1798,696149,696215
2026-09-21 09:41:00,2917,2920,2916,2920,829,696215,696379
2026-09-21 09:42:00,2920,2925,2918,2924,4859,696379,698339
2026-09-21 09:43:00,2924,2930,2924,2927,9098,698339,700264
2026-09-21 09:44:00,2927,2933,2925,2928,6846,700264,701941
2026-09-21 09:45:00,2928,2929,2925,2927,2611,701941,702801
2026-09-21 09:46:00,2927,2929,2926,2927,2051,702801,703414
2026-09-21 09:47:00,2927,2931,2927,2930,2225,703414,703603
2026-09-21 09:48:00,2930,2931,2927,2929,1399,703603,703627
2026-09-21 09:49:00,2929,2930,2928,2930,2031,703627,704016
2026-09-21 09:50:00,2930,2933,2927,2933,4498,704016,704810
2026-09-21 09:51:00,2933,2935,2931,2932,2927,704810,704323
2026-09-21 09:52:00,2932,2932,2930,2932,3505,704323,705893
2026-09-21 09:53:00,2932,2932,2927,2928,9088,705893,711971
2026-09-21 09:54:00,2928,2929,2925,2927,2315,711971,712249
2026-09-21 09:55:00,2927,2928,2921,2922,2309,712249,712264
2026-09-21 09:56:00,2922,2925,2921,2924,2198,712264,712341
2026-09-21 09:57:00,2924,2927,2922,2927,1587,712341,712284
2026-09-21 09:58:00,2927,2928,2926,2927,766,712284,712288
2026-09-21 09:59:00,2927,2930,2926,2927,1563,712288,712047
2026-09-21 10:00:00,2927,2929,2927,2927,843,712047,712076
2026-09-21 10:01:00,2927,2931,2927,2930,1191,712076,711982
2026-09-21 10:02:00,2930,2934,2930,2930,2761,711982,711675
2026-09-21 10:03:00,2930,2932,2928,2931,1021,711675,711863
2026-09-21 10:04:00,2931,2932,2927,2928,1404,711863,711942
2026-09-21 10:05:00,2928,2932,2925,2932,2893,711942,712050
2026-09-21 10:06:00,2932,2933,2929,2931,2160,712050,712202
2026-09-21 10:07:00,2931,2933,2930,2932,2252,712202,712712
2026-09-21 10:08:00,2932,2932,2929,2930,1412,712712,713321
2026-09-21 10:09:00,2930,2932,2928,2931,1126,713321,713556
2026-09-21 10:10:00,2931,2934,2928,2929,2301,713556,713645
2026-09-21 10:11:00,2929,2933,2929,2933,1537,713645,713580
2026-09-21 10:12:00,2933,2934,2929,2930,1273,713580,713568
2026-09-21 10:13:00,2930,2931,2927,2929,1730,713568,713721
2026-09-21 10:14:00,2929,2930,2928,2929,1209,713721,713965
2026-09-21 10:30:00,2928,2935,2926,2935,3263,713965,714123
2026-09-21 10:31:00,2935,2943,2934,2940,6119,714123,713917
2026-09-21 10:32:00,2940,2941,2938,2939,2899,713917,714290
2026-09-21 10:33:00,2939,2941,2938,2938,2186,714290,714665
2026-09-21 10:34:00,2938,2940,2936,2936,1829,714665,714724
2026-09-21 10:35:00,2936,2941,2936,2938,3555,714724,714584
2026-09-21 10:36:00,2938,2940,2935,2937,2242,714584,714841
2026-09-21 10:37:00,2937,2940,2937,2940,3825,714841,716401
2026-09-21 10:38:00,2940,2943,2939,2941,3344,716401,716458
2026-09-21 10:39:00,2941,2941,2939,2940,1734,716458,716592
2026-09-21 10:40:00,2940,2942,2940,2941,1388,716592,717046
2026-09-21 10:41:00,2941,2941,2940,2941,1255,717046,717539
2026-09-21 10:42:00,2941,2944,2940,2941,3353,717539,717886
2026-09-21 10:43:00,2941,2943,2941,2942,747,717886,717882
2026-09-21 10:44:00,2942,2943,2940,2940,1524,717882,718466
2026-09-21 10:45:00,2940,2941,2940,2940,1565,718466,719229
2026-09-21 10:46:00,2940,2941,2940,2940,2477,719229,720336
2026-09-21 10:47:00,2940,2941,2936,2938,3728,720336,721487
2026-09-21 10:48:00,2938,2939,2935,2937,1797,721487,721299
2026-09-21 10:49:00,2937,2938,2932,2932,1485,721299,721201
2026-09-21 10:50:00,2932,2933,2931,2932,1759,721201,721092
2026-09-21 10:51:00,2932,2933,2929,2931,2144,721092,720881
2026-09-21 10:52:00,2931,2932,2929,2930,1057,720881,720894
2026-09-21 10:53:00,2930,2932,2930,2931,664,720894,720952
2026-09-21 10:54:00,2931,2934,2930,2930,1520,720952,720694
2026-09-21 10:55:00,2930,2932,2929,2932,857,720694,720643
2026-09-21 10:56:00,2932,2937,2931,2937,1470,720643,720810
2026-09-21 10:57:00,2937,2938,2935,2937,2109,720810,721301
2026-09-21 10:58:00,2937,2941,2936,2939,1629,721301,721116
2026-09-21 10:59:00,2939,2943,2939,2940,1914,721116,720981
2026-09-21 11:00:00,2940,2941,2937,2939,1541,720981,721231
2026-09-21 11:01:00,2939,2941,2937,2937,947,721231,721348
2026-09-21 11:02:00,2937,2939,2935,2939,920,721348,721469
2026-09-21 11:03:00,2939,2940,2938,2939,1274,721469,721666
2026-09-21 11:04:00,2939,2939,2936,2937,505,721666,721924
2026-09-21 11:05:00,2937,2939,2937,2938,475,721924,722033
2026-09-21 11:06:00,2938,2943,2938,2942,1352,722033,722308
2026-09-21 11:07:00,2942,2943,2940,2940,1056,722308,722218
2026-09-21 11:08:00,2940,2943,2939,2940,1105,722218,722176
2026-09-21 11:09:00,2940,2942,2939,2940,517,722176,722178
2026-09-21 11:10:00,2940,2941,2938,2941,742,722178,722201
2026-09-21 11:11:00,2941,2942,2939,2940,514,722201,722303
2026-09-21 11:12:00,2940,2940,2938,2939,405,722303,722399
2026-09-21 11:13:00,2939,2941,2938,2940,550,722399,722453
2026-09-21 11:14:00,2940,2941,2939,2939,1083,722453,723239
2026-09-21 11:15:00,2939,2940,2938,2939,1107,723239,723067
2026-09-21 11:16:00,2939,2941,2938,2939,813,723067,723153
2026-09-21 11:17:00,2939,2941,2938,2938,1310,723153,723097
2026-09-21 11:18:00,2938,2941,2937,2939,853,723097,723092
2026-09-21 11:19:00,2939,2940,2939,2939,381,723092,723068
2026-09-21 11:20:00,2939,2941,2939,2941,701,723068,722978
2026-09-21 11:21:00,2941,2942,2940,2942,1094,722978,722977
2026-09-21 11:22:00,2942,2942,2940,2940,426,722977,723064
2026-09-21 11:23:00,2940,2941,2938,2939,1491,723064,723030
2026-09-21 11:24:00,2939,2939,2936,2937,1369,723030,722873
2026-09-21 11:25:00,2937,2937,2935,2935,891,722873,722820
2026-09-21 11:26:00,2935,2938,2935,2938,1038,722820,722988
2026-09-21 11:27:00,2938,2938,2936,2937,743,722988,722976
2026-09-21 11:28:00,2937,2939,2936,2939,952,722976,723098
2026-09-21 11:29:00,2939,2939,2937,2938,700,723098,723019
2026-09-21 13:30:00,2943,2949,2940,2948,7509,723019,723659
2026-09-21 13:31:00,2948,2948,2945,2947,3300,723659,724034
2026-09-21 13:32:00,2947,2949,2945,2949,2704,724034,723667
2026-09-21 13:33:00,2949,2951,2948,2951,5142,723667,723160
2026-09-21 13:34:00,2951,2951,2946,2947,2222,723160,723200
2026-09-21 13:35:00,2947,2948,2941,2941,2616,723200,723314
2026-09-21 13:36:00,2941,2943,2941,2942,1293,723314,723324
2026-09-21 13:37:00,2942,2944,2942,2943,976,723324,723374
2026-09-21 13:38:00,2943,2943,2938,2940,1747,723374,723312
2026-09-21 13:39:00,2940,2941,2938,2939,2034,723312,723308
2026-09-21 13:40:00,2939,2940,2934,2935,3060,723308,723191
2026-09-21 13:41:00,2935,2938,2934,2935,2342,723191,723662
2026-09-21 13:42:00,2935,2939,2935,2938,1212,723662,723610
2026-09-21 13:43:00,2938,2940,2938,2940,837,723610,723517
2026-09-21 13:44:00,2940,2942,2938,2942,1211,723517,723457
2026-09-21 13:45:00,2942,2943,2940,2941,1976,723457,723905
2026-09-21 13:46:00,2941,2941,2938,2938,1194,723905,723753
2026-09-21 13:47:00,2938,2941,2938,2941,1452,723753,724137
2026-09-21 13:48:00,2941,2945,2940,2945,1400,724137,724154
2026-09-21 13:49:00,2945,2945,2944,2945,1043,724154,724216
2026-09-21 13:50:00,2945,2945,2942,2944,1183,724216,724116
2026-09-21 13:51:00,2944,2944,2942,2943,833,724116,724276
2026-09-21 13:52:00,2943,2944,2941,2942,833,724276,724115
2026-09-21 13:53:00,2942,2943,2941,2942,850,724115,723933
2026-09-21 13:54:00,2942,2943,2939,2939,1532,723933,723551
2026-09-21 13:55:00,2939,2940,2938,2939,1207,723551,723471
2026-09-21 13:56:00,2939,2941,2938,2938,861,723471,723478
2026-09-21 13:57:00,2938,2941,2938,2941,1311,723478,723673
2026-09-21 13:58:00,2941,2941,2938,2938,894,723673,723759
2026-09-21 13:59:00,2938,2940,2938,2939,707,723759,723590
2026-09-21 14:00:00,2939,2941,2939,2940,920,723590,723505
2026-09-21 14:01:00,2940,2941,2938,2939,960,723505,723095
2026-09-21 14:02:00,2939,2942,2939,2941,721,723095,722874
2026-09-21 14:03:00,2941,2941,2939,2940,670,722874,722736
2026-09-21 14:04:00,2940,2940,2936,2936,1759,722736,722376
2026-09-21 14:05:00,2936,2939,2936,2939,1081,722376,722080
2026-09-21 14:06:00,2939,2939,2936,2937,1148,722080,721732
2026-09-21 14:07:00,2937,2937,2936,2936,536,721732,721644
2026-09-21 14:08:00,2936,2938,2936,2937,737,721644,721559
2026-09-21 14:09:00,2937,2938,2936,2938,370,721559,721630
2026-09-21 14:10:00,2938,2938,2936,2938,664,721630,721462
2026-09-21 14:11:00,2938,2938,2935,2937,1292,721462,721156
2026-09-21 14:12:00,2937,2938,2933,2937,2457,721156,720874
2026-09-21 14:13:00,2937,2938,2936,2938,911,720874,720245
2026-09-21 14:14:00,2938,2938,2933,2936,1899,720245,719841
2026-09-21 14:15:00,2936,2936,2933,2934,1037,719841,719568
2026-09-21 14:16:00,2934,2936,2933,2936,748,719568,719486
2026-09-21 14:17:00,2936,2936,2933,2934,759,719486,719334
2026-09-21 14:18:00,2934,2934,2932,2933,1362,719334,719103
2026-09-21 14:19:00,2933,2933,2929,2929,2307,719103,718444
2026-09-21 14:20:00,2929,2931,2929,2931,1111,718444,718496
2026-09-21 14:21:00,2931,2934,2930,2932,1380,718496,718265
2026-09-21 14:22:00,2932,2935,2932,2934,955,718265,718388
2026-09-21 14:23:00,2934,2934,2933,2933,394,718388,718432
2026-09-21 14:24:00,2933,2934,2931,2932,783,718432,718168
2026-09-21 14:25:00,2932,2933,2931,2932,420,718168,718081
2026-09-21 14:26:00,2932,2936,2931,2936,1037,718081,718084
2026-09-21 14:27:00,2936,2937,2934,2935,1295,718084,717781
2026-09-21 14:28:00,2935,2935,2933,2933,508,717781,717759
2026-09-21 14:29:00,2933,2935,2933,2935,335,717759,717651
2026-09-21 14:30:00,2935,2935,2932,2934,1020,717651,717724
2026-09-21 14:31:00,2934,2934,2933,2934,611,717724,717669
2026-09-21 14:32:00,2934,2934,2932,2933,200,717669,717670
2026-09-21 14:33:00,2933,2936,2933,2934,1113,717670,717841
2026-09-21 14:34:00,2934,2935,2933,2934,362,717841,717723
2026-09-21 14:35:00,2934,2934,2932,2934,537,717723,717550
2026-09-21 14:36:00,2934,2934,2933,2933,248,717550,717477
2026-09-21 14:37:00,2933,2935,2933,2935,471,717477,717380
2026-09-21 14:38:00,2935,2935,2934,2934,178,717380,717361
2026-09-21 14:39:00,2934,2937,2934,2936,958,717361,717207
2026-09-21 14:40:00,2936,2936,2932,2932,1472,717207,716816
2026-09-21 14:41:00,2932,2935,2932,2935,1200,716816,716373
2026-09-21 14:42:00,2935,2937,2934,2936,599,716373,716345
2026-09-21 14:43:00,2936,2936,2934,2935,628,716345,716299
2026-09-21 14:44:00,2935,2935,2933,2935,343,716299,716219
2026-09-21 14:45:00,2935,2936,2934,2936,377,716219,716115
2026-09-21 14:46:00,2936,2936,2934,2935,383,716115,716085
2026-09-21 14:47:00,2935,2936,2934,2934,356,716085,715956
2026-09-21 14:48:00,2934,2936,2934,2935,402,715956,715835
2026-09-21 14:49:00,2935,2935,2933,2935,640,715835,715807
2026-09-21 14:50:00,2935,2935,2933,2934,666,715807,715813
2026-09-21 14:51:00,2934,2935,2933,2934,536,715813,715742
2026-09-21 14:52:00,2934,2936,2934,2936,1063,715742,715979
2026-09-21 14:53:00,2936,2937,2935,2936,847,715979,715915
2026-09-21 14:54:00,2936,2939,2936,2938,2361,715915,715523
2026-09-21 14:55:00,2938,2938,2936,2937,1049,715523,715301
2026-09-21 14:56:00,2937,2940,2937,2939,1658,715301,714935
2026-09-21 14:57:00,2939,2940,2938,2939,1054,714935,714793
2026-09-21 14:58:00,2939,2941,2938,2940,2401,714793,713992
2026-09-21 14:59:00,2940,2943,2940,2942,3551,713992,712457
2026-09-21 21:00:00,2950,2956,2939,2946,16885,712457,717939
2026-09-21 21:01:00,2946,2948,2943,2944,9701,717939,722268
2026-09-21 21:02:00,2944,2945,2942,2943,5433,722268,724656
2026-09-21 21:03:00,2943,2946,2942,2946,3850,724656,725668
2026-09-21 21:04:00,2946,2946,2942,2942,2964,725668,726448
2026-09-21 21:05:00,2942,2944,2936,2937,4161,726448,726586
2026-09-21 21:06:00,2937,2940,2935,2938,3728,726586,727565
2026-09-21 21:07:00,2938,2942,2936,2941,3116,727565,728472
2026-09-21 21:08:00,2941,2942,2940,2940,1878,728472,728885
2026-09-21 21:09:00,2940,2940,2936,2939,2257,728885,729466
2026-09-21 21:10:00,2939,2940,2936,2939,3416,729466,730374
2026-09-21 21:11:00,2939,2942,2939,2941,2410,730374,730920
2026-09-21 21:12:00,2941,2942,2939,2941,1629,730920,731324
2026-09-21 21:13:00,2941,2941,2938,2938,1504,731324,732017
2026-09-21 21:14:00,2938,2939,2937,2938,1325,732017,732398
2026-09-21 21:15:00,2938,2941,2936,2940,2534,732398,732557
2026-09-21 21:16:00,2940,2941,2938,2939,1479,732557,733295
2026-09-21 21:17:00,2939,2940,2937,2938,1401,733295,733530
2026-09-21 21:18:00,2938,2940,2938,2939,1153,733530,733971
2026-09-21 21:19:00,2939,2939,2934,2935,2505,733971,734458
2026-09-21 21:20:00,2935,2938,2935,2936,1240,734458,734818
2026-09-21 21:21:00,2936,2937,2933,2934,2554,734818,735416
2026-09-21 21:22:00,2934,2936,2930,2935,3446,735416,736211
2026-09-21 21:23:00,2935,2937,2934,2937,1773,736211,736703
2026-09-21 21:24:00,2937,2938,2936,2937,1441,736703,736540
2026-09-21 21:25:00,2937,2942,2937,2939,4511,736540,737170
2026-09-21 21:26:00,2939,2940,2936,2938,1613,737170,737535
2026-09-21 21:27:00,2938,2940,2937,2939,1113,737535,737748
2026-09-21 21:28:00,2939,2940,2937,2937,772,737748,737810
2026-09-21 21:29:00,2937,2938,2935,2935,1353,737810,738186
2026-09-21 21:30:00,2935,2940,2935,2940,1308,738186,738383
2026-09-21 21:31:00,2940,2942,2939,2939,1728,738383,739272
2026-09-21 21:32:00,2939,2941,2939,2940,726,739272,739400
2026-09-21 21:33:00,2940,2941,2938,2939,1020,739400,739480
2026-09-21 21:34:00,2939,2940,2936,2937,1241,739480,739429
2026-09-21 21:35:00,2937,2938,2936,2937,845,739429,739680
2026-09-21 21:36:00,2937,2938,2936,2937,1706,739680,740499
2026-09-21 21:37:00,2937,2937,2934,2935,2045,740499,741029
2026-09-21 21:38:00,2935,2937,2935,2936,981,741029,740915
2026-09-21 21:39:00,2936,2937,2934,2935,1042,740915,741226
2026-09-21 21:40:00,2935,2936,2932,2932,2082,741226,741897
2026-09-21 21:41:00,2932,2935,2931,2934,2284,741897,742167
2026-09-21 21:42:00,2934,2936,2933,2934,930,742167,742284
2026-09-21 21:43:00,2934,2934,2932,2932,926,742284,742520
2026-09-21 21:44:00,2932,2934,2932,2933,1204,742520,742855
2026-09-21 21:45:00,2933,2936,2932,2936,916,742855,743056
2026-09-21 21:46:00,2936,2936,2935,2936,503,743056,743106
2026-09-21 21:47:00,2936,2938,2936,2937,1066,743106,742886
2026-09-21 21:48:00,2937,2937,2935,2935,743,742886,743004
2026-09-21 21:49:00,2935,2936,2934,2934,753,743004,742939
2026-09-21 21:50:00,2934,2937,2934,2936,918,742939,742701
2026-09-21 21:51:00,2936,2938,2936,2937,1208,742701,742301
2026-09-21 21:52:00,2937,2938,2937,2938,435,742301,742322
2026-09-21 21:53:00,2938,2939,2936,2938,946,742322,742394
2026-09-21 21:54:00,2938,2940,2937,2940,1861,742394,742463
2026-09-21 21:55:00,2940,2940,2937,2937,2200,742463,743421
2026-09-21 21:56:00,2937,2938,2936,2937,873,743421,743553
2026-09-21 21:57:00,2937,2938,2936,2938,740,743553,743518
2026-09-21 21:58:00,2938,2938,2936,2938,564,743518,743503
2026-09-21 21:59:00,2938,2938,2936,2938,701,743503,743632
2026-09-21 22:00:00,2938,2938,2936,2936,365,743632,743789
2026-09-21 22:01:00,2936,2938,2936,2938,555,743789,744002
2026-09-21 22:02:00,2938,2941,2938,2940,1636,744002,743691
2026-09-21 22:03:00,2940,2940,2938,2940,692,743691,743694
2026-09-21 22:04:00,2940,2940,2939,2940,480,743694,743719
2026-09-21 22:05:00,2940,2940,2939,2940,953,743719,743481
2026-09-21 22:06:00,2940,2941,2939,2940,1351,743481,743841
2026-09-21 22:07:00,2940,2942,2939,2939,1653,743841,744028
2026-09-21 22:08:00,2939,2940,2939,2939,207,744028,744014
2026-09-21 22:09:00,2939,2941,2939,2941,391,744014,744067
2026-09-21 22:10:00,2941,2944,2939,2940,2920,744067,744084
2026-09-21 22:11:00,2940,2940,2936,2937,1695,744084,744100
2026-09-21 22:12:00,2937,2938,2935,2937,919,744100,744086
2026-09-21 22:13:00,2937,2938,2936,2937,531,744086,744069
2026-09-21 22:14:00,2937,2938,2936,2936,321,744069,744034
2026-09-21 22:15:00,2936,2937,2935,2936,689,744034,744109
2026-09-21 22:16:00,2936,2937,2934,2935,1919,744109,744396
2026-09-21 22:17:00,2935,2937,2935,2936,721,744396,744329
2026-09-21 22:18:00,2936,2936,2935,2935,469,744329,744339
2026-09-21 22:19:00,2935,2936,2934,2935,649,744339,744152
2026-09-21 22:20:00,2935,2936,2935,2936,341,744152,744091
2026-09-21 22:21:00,2936,2936,2934,2934,1729,744091,743744
2026-09-21 22:22:00,2934,2934,2933,2934,1692,743744,743716
2026-09-21 22:23:00,2934,2936,2934,2935,833,743716,743677
2026-09-21 22:24:00,2935,2936,2934,2935,735,743677,743739
2026-09-21 22:25:00,2935,2936,2932,2932,1402,743739,743771
2026-09-21 22:26:00,2932,2933,2930,2930,2616,743771,744056
2026-09-21 22:27:00,2930,2931,2927,2929,2488,744056,744037
2026-09-21 22:28:00,2929,2930,2928,2929,942,744037,744008
2026-09-21 22:29:00,2929,2932,2928,2929,1901,744008,744359
2026-09-21 22:30:00,2929,2933,2929,2933,1336,744359,744654
2026-09-21 22:31:00,2933,2933,2931,2932,1174,744654,744420
2026-09-21 22:32:00,2932,2934,2932,2934,828,744420,744415
2026-09-21 22:33:00,2934,2934,2931,2932,1162,744415,743935
2026-09-21 22:34:00,2932,2934,2931,2934,659,743935,743928
2026-09-21 22:35:00,2934,2934,2933,2933,740,743928,743994
2026-09-21 22:36:00,2933,2934,2933,2933,658,743994,744017
2026-09-21 22:37:00,2933,2935,2932,2933,1015,744017,743741
2026-09-21 22:38:00,2933,2933,2932,2933,868,743741,743981
2026-09-21 22:39:00,2933,2933,2931,2932,798,743981,743782
2026-09-21 22:40:00,2932,2933,2925,2925,2791,743782,743485
2026-09-21 22:41:00,2925,2925,2917,2918,9944,743485,740952
2026-09-21 22:42:00,2918,2921,2917,2918,4734,740952,740608
2026-09-21 22:43:00,2918,2918,2915,2916,4282,740608,739226
2026-09-21 22:44:00,2916,2917,2913,2915,4160,739226,738014
2026-09-21 22:45:00,2915,2915,2912,2914,5419,738014,738007
2026-09-21 22:46:00,2914,2918,2913,2916,2830,738007,737439
2026-09-21 22:47:00,2916,2918,2914,2916,1704,737439,737088
2026-09-21 22:48:00,2916,2919,2914,2919,2601,737088,736523
2026-09-21 22:49:00,2919,2921,2917,2920,1839,736523,735953
2026-09-21 22:50:00,2920,2922,2919,2921,1688,735953,735621
2026-09-21 22:51:00,2921,2923,2920,2922,2359,735621,734950
2026-09-21 22:52:00,2922,2924,2922,2923,1740,734950,735069
2026-09-21 22:53:00,2923,2924,2922,2922,1273,735069,734999
2026-09-21 22:54:00,2922,2923,2921,2922,1087,734999,735122
2026-09-21 22:55:00,2922,2924,2922,2923,1242,735122,735331
2026-09-21 22:56:00,2923,2925,2923,2924,2396,735331,735092
2026-09-21 22:57:00,2924,2924,2922,2923,1575,735092,734496
2026-09-21 22:58:00,2923,2923,2922,2922,985,734496,734449
2026-09-21 22:59:00,2922,2923,2921,2922,2474,734449,733453
2026-09-22 09:00:00,2922,2945,2922,2938,9617,733453,733029
2026-09-22 09:01:00,2938,2940,2936,2937,4397,733029,732829
2026-09-22 09:02:00,2937,2937,2933,2936,3978,732829,734622
2026-09-22 09:03:00,2936,2936,2931,2931,2269,734622,734768
2026-09-22 09:04:00,2931,2934,2931,2932,1719,734768,734737
2026-09-22 09:05:00,2932,2936,2931,2935,3323,734737,735736
2026-09-22 09:06:00,2935,2936,2934,2935,1035,735736,735817
2026-09-22 09:07:00,2935,2935,2932,2933,985,735817,735945
2026-09-22 09:08:00,2933,2934,2931,2931,1145,735945,735924
2026-09-22 09:09:00,2931,2932,2925,2925,2634,735924,735972
2026-09-22 09:10:00,2925,2926,2920,2925,3387,735972,735581
2026-09-22 09:11:00,2925,2926,2923,2923,1597,735581,735665
2026-09-22 09:12:00,2923,2924,2921,2922,2441,735665,735597
2026-09-22 09:13:00,2922,2924,2921,2923,3068,735597,736182
2026-09-22 09:14:00,2923,2923,2916,2920,5034,736182,736042
2026-09-22 09:15:00,2920,2920,2916,2918,3368,736042,736710
2026-09-22 09:16:00,2918,2919,2916,2918,2124,736710,736764
2026-09-22 09:17:00,2918,2920,2916,2918,2253,736764,736835
2026-09-22 09:18:00,2918,2918,2911,2912,5660,736835,736514
2026-09-22 09:19:00,2912,2912,2902,2903,10652,736514,735809
2026-09-22 09:20:00,2903,2904,2900,2904,8342,735809,733483
2026-09-22 09:21:00,2904,2906,2902,2906,4771,733483,733429
2026-09-22 09:22:00,2906,2906,2900,2900,4040,733429,733921
2026-09-22 09:23:00,2900,2901,2895,2897,8735,733921,734666
2026-09-22 09:24:00,2897,2899,2895,2897,3506,734666,735103
2026-09-22 09:25:00,2897,2903,2896,2903,4085,735103,734856
2026-09-22 09:26:00,2903,2906,2902,2906,3927,734856,734649
2026-09-22 09:27:00,2906,2907,2905,2907,2394,734649,734456
2026-09-22 09:28:00,2907,2907,2904,2905,1776,734456,734053
2026-09-22 09:29:00,2905,2909,2904,2909,3515,734053,733785
2026-09-22 09:30:00,2909,2910,2908,2910,2574,733785,733289
2026-09-22 09:31:00,2910,2910,2907,2908,2457,733289,733556
2026-09-22 09:32:00,2908,2911,2907,2908,1919,733556,733491
2026-09-22 09:33:00,2908,2909,2907,2909,1130,733491,733403
2026-09-22 09:34:00,2909,2909,2906,2906,738,733403,733423
2026-09-22 09:35:00,2906,2908,2903,2903,2215,733423,733635
2026-09-22 09:36:00,2903,2906,2903,2905,1171,733635,733774
2026-09-22 09:37:00,2905,2905,2901,2904,2386,733774,733906
2026-09-22 09:38:00,2904,2907,2903,2906,890,733906,733836
2026-09-22 09:39:00,2906,2907,2906,2907,584,733836,733964
2026-09-22 09:40:00,2907,2908,2906,2908,1578,733964,733839
2026-09-22 09:41:00,2908,2911,2907,2910,3026,733839,733852
2026-09-22 09:42:00,2910,2912,2909,2910,1754,733852,733685
2026-09-22 09:43:00,2910,2913,2910,2911,977,733685,733776
2026-09-22 09:44:00,2911,2913,2910,2911,1743,733776,733629
2026-09-22 09:45:00,2911,2911,2908,2910,1520,733629,733621
2026-09-22 09:46:00,2910,2912,2909,2909,1062,733621,733412
2026-09-22 09:47:00,2909,2910,2906,2907,1542,733412,732749
2026-09-22 09:48:00,2907,2907,2902,2903,2089,732749,732595
2026-09-22 09:49:00,2903,2907,2903,2906,1102,732595,732401
2026-09-22 09:50:00,2906,2908,2904,2905,1306,732401,732264
2026-09-22 09:51:00,2905,2906,2903,2905,1317,732264,732125
2026-09-22 09:52:00,2905,2906,2904,2906,1339,732125,731864
2026-09-22 09:53:00,2906,2906,2904,2905,1002,731864,731787
2026-09-22 09:54:00,2905,2906,2904,2905,1070,731787,731498
2026-09-22 09:55:00,2905,2907,2905,2907,1528,731498,731200
2026-09-22 09:56:00,2907,2907,2903,2903,1502,731200,731099
2026-09-22 09:57:00,2903,2905,2903,2904,668,731099,731051
2026-09-22 09:58:00,2904,2908,2904,2906,1288,731051,731103
2026-09-22 09:59:00,2906,2908,2906,2907,1166,731103,730755
2026-09-22 10:00:00,2907,2910,2907,2907,1811,730755,730366
2026-09-22 10:01:00,2907,2909,2906,2907,1160,730366,730116
2026-09-22 10:02:00,2907,2908,2906,2906,1162,730116,730149
2026-09-22 10:03:00,2906,2910,2906,2908,2008,730149,730054
2026-09-22 10:04:00,2908,2908,2905,2906,1729,730054,729741
2026-09-22 10:05:00,2906,2907,2904,2906,1612,729741,729520
2026-09-22 10:06:00,2906,2910,2904,2909,1803,729520,729474
2026-09-22 10:07:00,2909,2913,2908,2911,3022,729474,729707
2026-09-22 10:08:00,2911,2912,2909,2909,1973,729707,729503
2026-09-22 10:09:00,2909,2911,2908,2908,1436,729503,729317
2026-09-22 10:10:00,2908,2909,2907,2907,864,729317,729033
2026-09-22 10:11:00,2907,2909,2907,2907,719,729033,728831
2026-09-22 10:12:00,2907,2909,2906,2907,871,728831,728912
2026-09-22 10:13:00,2907,2909,2907,2907,589,728912,728833
2026-09-22 10:14:00,2907,2908,2906,2908,846,728833,728715
2026-09-22 10:30:00,2907,2912,2905,2912,4178,728715,729032
2026-09-22 10:31:00,2912,2914,2910,2913,1539,729032,729022
2026-09-22 10:32:00,2913,2922,2913,2920,6033,729022,727237
2026-09-22 10:33:00,2920,2921,2917,2917,2479,727237,727211
2026-09-22 10:34:00,2917,2918,2914,2914,1940,727211,727565
2026-09-22 10:35:00,2914,2916,2913,2915,1626,727565,727734
2026-09-22 10:36:00,2915,2915,2913,2914,1387,727734,728141
2026-09-22 10:37:00,2914,2915,2912,2912,787,728141,728145
2026-09-22 10:38:00,2912,2914,2911,2911,1250,728145,728340
2026-09-22 10:39:00,2911,2913,2911,2913,857,728340,728434
2026-09-22 10:40:00,2913,2913,2909,2909,1624,728434,728262
2026-09-22 10:41:00,2909,2911,2909,2910,1081,728262,728338
2026-09-22 10:42:00,2910,2910,2908,2909,681,728338,728358
2026-09-22 10:43:00,2909,2911,2908,2909,876,728358,728316
2026-09-22 10:44:00,2909,2912,2909,2912,766,728316,728309
2026-09-22 10:45:00,2912,2913,2910,2913,971,728309,728342
2026-09-22 10:46:00,2913,2914,2909,2910,1042,728342,728585
2026-09-22 10:47:00,2910,2911,2909,2910,492,728585,728499
2026-09-22 10:48:00,2910,2911,2909,2910,521,728499,728490
2026-09-22 10:49:00,2910,2913,2910,2911,981,728490,728423
2026-09-22 10:50:00,2911,2911,2909,2910,515,728423,728453
2026-09-22 10:51:00,2910,2913,2910,2913,1085,728453,728408
2026-09-22 10:52:00,2913,2916,2913,2916,1330,728408,728608
2026-09-22 10:53:00,2916,2917,2915,2916,1144,728608,728512
2026-09-22 10:54:00,2916,2919,2916,2918,1589,728512,728368
2026-09-22 10:55:00,2918,2922,2917,2920,3141,728368,728160
2026-09-22 10:56:00,2920,2921,2917,2918,2263,728160,728142
2026-09-22 10:57:00,2918,2922,2918,2920,1499,728142,728056
2026-09-22 10:58:00,2920,2924,2920,2923,2824,728056,728143
2026-09-22 10:59:00,2923,2927,2922,2927,3780,728143,727686
2026-09-22 11:00:00,2927,2929,2925,2928,4460,727686,727713
2026-09-22 11:01:00,2928,2928,2923,2926,2985,727713,728461
2026-09-22 11:02:00,2926,2928,2926,2928,1014,728461,728405
2026-09-22 11:03:00,2928,2928,2925,2926,1827,728405,728552
2026-09-22 11:04:00,2926,2927,2924,2925,1348,728552,728832
2026-09-22 11:05:00,2925,2927,2924,2924,1190,728832,729032
2026-09-22 11:06:00,2924,2926,2922,2925,1400,729032,729033
2026-09-22 11:07:00,2925,2926,2922,2923,1682,729033,730004
2026-09-22 11:08:00,2923,2923,2921,2922,1213,730004,730176
2026-09-22 11:09:00,2922,2924,2921,2921,545,730176,730264
2026-09-22 11:10:00,2921,2923,2921,2922,888,730264,730352
2026-09-22 11:11:00,2922,2923,2921,2922,1044,730352,730547
2026-09-22 11:12:00,2922,2924,2921,2924,949,730547,730439
2026-09-22 11:13:00,2924,2925,2923,2925,734,730439,730436
2026-09-22 11:14:00,2925,2926,2924,2925,1140,730436,730413
2026-09-22 11:15:00,2925,2926,2924,2925,1043,730413,730568
2026-09-22 11:16:00,2925,2928,2925,2927,1839,730568,730431
2026-09-22 11:17:00,2927,2927,2924,2924,848,730431,730350
2026-09-22 11:18:00,2924,2926,2924,2925,626,730350,730401
2026-09-22 11:19:00,2925,2926,2924,2924,649,730401,730442
2026-09-22 11:20:00,2924,2925,2923,2924,644,730442,730516
2026-09-22 11:21:00,2924,2927,2924,2927,1158,730516,730846
2026-09-22 11:22:00,2927,2930,2926,2930,3422,730846,730311
2026-09-22 11:23:00,2930,2934,2930,2934,3363,730311,729895
2026-09-22 11:24:00,2934,2934,2931,2933,2203,729895,730627
2026-09-22 11:25:00,2933,2933,2932,2933,1594,730627,730679
2026-09-22 11:26:00,2933,2934,2932,2933,1447,730679,730568
2026-09-22 11:27:00,2933,2936,2932,2934,2601,730568,730568
2026-09-22 11:28:00,2934,2935,2933,2934,766,730568,730654
2026-09-22 11:29:00,2934,2934,2931,2932,2001,730654,730352
2026-09-22 13:30:00,2935,2949,2935,2943,11604,730352,730593
2026-09-22 13:31:00,2943,2945,2940,2940,3808,730593,731295
2026-09-22 13:32:00,2940,2940,2937,2937,2864,731295,731707
2026-09-22 13:33:00,2937,2939,2936,2938,2653,731707,732511
2026-09-22 13:34:00,2938,2941,2937,2937,2549,732511,732550
2026-09-22 13:35:00,2937,2937,2932,2934,2733,732550,732764
2026-09-22 13:36:00,2934,2939,2934,2939,1919,732764,733277
2026-09-22 13:37:00,2939,2939,2935,2938,1663,733277,733399
2026-09-22 13:38:00,2938,2940,2937,2940,2193,733399,733231
2026-09-22 13:39:00,2940,2942,2939,2940,2095,733231,733612
2026-09-22 13:40:00,2940,2941,2939,2940,900,733612,733787
2026-09-22 13:41:00,2940,2940,2938,2938,1051,733787,733762
2026-09-22 13:42:00,2938,2941,2938,2940,1238,733762,734091
2026-09-22 13:43:00,2940,2942,2940,2941,1241,734091,734611
2026-09-22 13:44:00,2941,2943,2940,2941,1555,734611,734899
2026-09-22 13:45:00,2941,2946,2940,2946,2981,734899,735200
2026-09-22 13:46:00,2946,2948,2943,2948,4195,735200,734793
2026-09-22 13:47:00,2948,2949,2945,2945,3602,734793,735184
2026-09-22 13:48:00,2945,2949,2945,2948,2347,735184,735201
2026-09-22 13:49:00,2948,2948,2942,2943,3019,735201,735658
2026-09-22 13:50:00,2943,2945,2942,2943,2606,735658,736089
2026-09-22 13:51:00,2943,2944,2942,2942,1105,736089,736244
2026-09-22 13:52:00,2942,2943,2939,2940,1866,736244,736342
2026-09-22 13:53:00,2940,2942,2939,2941,1534,736342,736615
2026-09-22 13:54:00,2941,2942,2939,2942,1620,736615,736557
2026-09-22 13:55:00,2942,2944,2941,2942,1501,736557,736501
2026-09-22 13:56:00,2942,2943,2940,2942,1758,736501,736672
2026-09-22 13:57:00,2942,2946,2942,2944,1878,736672,736736
2026-09-22 13:58:00,2944,2948,2944,2946,1914,736736,736665
2026-09-22 13:59:00,2946,2947,2945,2946,1686,736665,736858
2026-09-22 14:00:00,2946,2949,2946,2949,3010,736858,736891
2026-09-22 14:01:00,2949,2953,2947,2951,7590,736891,737686
2026-09-22 14:02:00,2951,2951,2946,2946,4585,737686,738057
2026-09-22 14:03:00,2946,2948,2944,2944,2162,738057,738439
2026-09-22 14:04:00,2944,2947,2944,2947,1328,738439,738770
2026-09-22 14:05:00,2947,2951,2947,2950,2573,738770,738607
2026-09-22 14:06:00,2950,2950,2948,2949,1986,738607,739158
2026-09-22 14:07:00,2949,2950,2948,2949,760,739158,739302
2026-09-22 14:08:00,2949,2949,2946,2946,1501,739302,739467
2026-09-22 14:09:00,2946,2948,2945,2946,1880,739467,739551
2026-09-22 14:10:00,2946,2947,2944,2944,1674,739551,739817
2026-09-22 14:11:00,2944,2948,2944,2947,1840,739817,740101
2026-09-22 14:12:00,2947,2948,2945,2946,1634,740101,740333
2026-09-22 14:13:00,2946,2947,2945,2947,521,740333,740426
2026-09-22 14:14:00,2947,2947,2945,2946,654,740426,740391
2026-09-22 14:15:00,2946,2947,2944,2945,1044,740391,740593
2026-09-22 14:16:00,2945,2948,2945,2946,2453,740593,739818
2026-09-22 14:17:00,2946,2946,2945,2946,829,739818,740029
2026-09-22 14:18:00,2946,2949,2944,2949,2313,740029,739913
2026-09-22 14:19:00,2949,2950,2948,2949,1322,739913,739962
2026-09-22 14:20:00,2949,2950,2949,2950,1727,739962,740108
2026-09-22 14:21:00,2950,2951,2949,2951,1078,740108,740029
2026-09-22 14:22:00,2951,2952,2948,2949,3025,740029,740666
2026-09-22 14:23:00,2949,2950,2948,2950,825,740666,740882
2026-09-22 14:24:00,2950,2952,2949,2951,1100,740882,740910
2026-09-22 14:25:00,2951,2952,2949,2949,919,740910,740676
2026-09-22 14:26:00,2949,2950,2948,2949,795,740676,740746
2026-09-22 14:27:00,2949,2949,2946,2947,1324,740746,740847
2026-09-22 14:28:00,2947,2947,2945,2945,1623,740847,741204
2026-09-22 14:29:00,2945,2946,2944,2946,1957,741204,741599
2026-09-22 14:30:00,2946,2946,2944,2946,1330,741599,741868
2026-09-22 14:31:00,2946,2948,2944,2947,1873,741868,741301
2026-09-22 14:32:00,2947,2948,2945,2946,997,741301,741412
2026-09-22 14:33:00,2946,2946,2945,2945,706,741412,741389
2026-09-22 14:34:00,2945,2945,2943,2945,1457,741389,741147
2026-09-22 14:35:00,2945,2947,2943,2947,1370,741147,740836
2026-09-22 14:36:00,2947,2948,2946,2947,1256,740836,740726
2026-09-22 14:37:00,2947,2947,2945,2945,544,740726,740666
2026-09-22 14:38:00,2945,2946,2945,2946,895,740666,740561
2026-09-22 14:39:00,2946,2946,2943,2943,1614,740561,740924
2026-09-22 14:40:00,2943,2944,2942,2943,2170,740924,740473
2026-09-22 14:41:00,2943,2944,2940,2941,2632,740473,740265
2026-09-22 14:42:00,2941,2942,2940,2941,1487,740265,740019
2026-09-22 14:43:00,2941,2943,2941,2941,1558,740019,739899
2026-09-22 14:44:00,2941,2942,2937,2939,3859,739899,739893
2026-09-22 14:45:00,2939,2940,2937,2939,2850,739893,739929
2026-09-22 14:46:00,2939,2940,2938,2938,1728,739929,739667
2026-09-22 14:47:00,2938,2939,2938,2939,926,739667,739514
2026-09-22 14:48:00,2939,2941,2937,2941,2102,739514,739149
2026-09-22 14:49:00,2941,2942,2939,2941,1506,739149,738799
2026-09-22 14:50:00,2941,2942,2940,2942,1170,738799,738881
2026-09-22 14:51:00,2942,2944,2942,2943,1257,738881,738570
2026-09-22 14:52:00,2943,2944,2942,2943,838,738570,738400
2026-09-22 14:53:00,2943,2944,2942,2942,510,738400,738318
2026-09-22 14:54:00,2942,2943,2941,2942,938,738318,738256
2026-09-22 14:55:00,2942,2942,2941,2941,947,738256,738451
2026-09-22 14:56:00,2941,2942,2940,2942,692,738451,738396
2026-09-22 14:57:00,2942,2943,2941,2942,1434,738396,738197
2026-09-22 14:58:00,2942,2945,2942,2944,2816,738197,737027
2026-09-22 14:59:00,2944,2946,2943,2944,3759,737027,736173
2026-09-22 21:00:00,2882,2914,2882,2898,31145,736173,734802
2026-09-22 21:01:00,2898,2898,2892,2893,15380,734802,735187
2026-09-22 21:02:00,2893,2893,2887,2890,13741,735187,734379
2026-09-22 21:03:00,2890,2891,2883,2887,12062,734379,732651
2026-09-22 21:04:00,2887,2888,2874,2879,15302,732651,731985
2026-09-22 21:05:00,2879,2883,2876,2881,8945,731985,731586
2026-09-22 21:06:00,2881,2885,2879,2883,7636,731586,730202
2026-09-22 21:07:00,2883,2887,2879,2879,6998,730202,729764
2026-09-22 21:08:00,2879,2880,2874,2876,8049,729764,729672
2026-09-22 21:09:00,2876,2876,2873,2875,6680,729672,729568
2026-09-22 21:10:00,2875,2879,2872,2872,7343,729568,728497
2026-09-22 21:11:00,2872,2874,2868,2872,8128,728497,729055
2026-09-22 21:12:00,2872,2873,2869,2872,4718,729055,729356
2026-09-22 21:13:00,2872,2872,2869,2870,4941,729356,730447
2026-09-22 21:14:00,2870,2870,2868,2868,4527,730447,731135
2026-09-22 21:15:00,2868,2870,2866,2869,8671,731135,732336
2026-09-22 21:16:00,2869,2874,2869,2872,6933,732336,730647
2026-09-22 21:17:00,2872,2874,2869,2869,5389,730647,730156
2026-09-22 21:18:00,2869,2870,2868,2868,2775,730156,730579
2026-09-22 21:19:00,2868,2871,2866,2869,4944,730579,730503
2026-09-22 21:20:00,2869,2874,2869,2873,4220,730503,730179
2026-09-22 21:21:00,2873,2873,2869,2873,2859,730179,730128
2026-09-22 21:22:00,2873,2879,2872,2878,5796,730128,729304
2026-09-22 21:23:00,2878,2881,2877,2879,4601,729304,728515
2026-09-22 21:24:00,2879,2880,2876,2876,2164,728515,728232
2026-09-22 21:25:00,2876,2878,2875,2876,2439,728232,728167
2026-09-22 21:26:00,2876,2878,2874,2877,2945,728167,728690
2026-09-22 21:27:00,2877,2880,2877,2879,1907,728690,728685
2026-09-22 21:28:00,2879,2882,2879,2881,3425,728685,727953
2026-09-22 21:29:00,2881,2882,2878,2882,2940,727953,727284
2026-09-22 21:30:00,2882,2882,2879,2881,2520,727284,726955
2026-09-22 21:31:00,2881,2884,2880,2882,2577,726955,726435
2026-09-22 21:32:00,2882,2882,2876,2878,3530,726435,726461
2026-09-22 21:33:00,2878,2879,2875,2875,1588,726461,726387
2026-09-22 21:34:00,2875,2879,2875,2878,1728,726387,726667
2026-09-22 21:35:00,2878,2879,2876,2879,1843,726667,726522
2026-09-22 21:36:00,2879,2879,2875,2876,2042,726522,726409
2026-09-22 21:37:00,2876,2878,2875,2877,1055,726409,726065
2026-09-22 21:38:00,2877,2881,2877,2880,2262,726065,725763
2026-09-22 21:39:00,2880,2881,2879,2880,1267,725763,725533
2026-09-22 21:40:00,2880,2882,2879,2881,1525,725533,725454
2026-09-22 21:41:00,2881,2882,2878,2880,2181,725454,725742
2026-09-22 21:42:00,2880,2881,2879,2879,1127,725742,725949
2026-09-22 21:43:00,2879,2879,2876,2877,2088,725949,726017
2026-09-22 21:44:00,2877,2878,2875,2876,2411,726017,725904
2026-09-22 21:45:00,2876,2879,2876,2878,2337,725904,727157
2026-09-22 21:46:00,2878,2881,2878,2880,1136,727157,727109
2026-09-22 21:47:00,2880,2881,2879,2881,1296,727109,726964
2026-09-22 21:48:00,2881,2881,2880,2881,904,726964,726788
2026-09-22 21:49:00,2881,2884,2880,2884,2424,726788,726771
2026-09-22 21:50:00,2884,2884,2881,2881,2906,726771,727031
2026-09-22 21:51:00,2881,2886,2881,2882,4804,727031,726523
2026-09-22 21:52:00,2882,2883,2880,2882,1780,726523,726787
2026-09-22 21:53:00,2882,2884,2881,2881,1196,726787,726864
2026-09-22 21:54:00,2881,2883,2881,2882,1431,726864,726946
2026-09-22 21:55:00,2882,2882,2880,2881,1093,726946,727063
2026-09-22 21:56:00,2881,2884,2880,2884,1775,727063,727499
2026-09-22 21:57:00,2884,2885,2882,2883,1156,727499,727593
2026-09-22 21:58:00,2883,2883,2881,2882,949,727593,727627
2026-09-22 21:59:00,2882,2883,2879,2879,2529,727627,728149
2026-09-22 22:00:00,2879,2880,2877,2879,2260,728149,728597
2026-09-22 22:01:00,2879,2881,2879,2880,1180,728597,728569
2026-09-22 22:02:00,2880,2882,2880,2882,559,728569,728421
2026-09-22 22:03:00,2882,2883,2880,2883,986,728421,728092
2026-09-22 22:04:00,2883,2885,2882,2884,2034,728092,728196
2026-09-22 22:05:00,2884,2884,2881,2881,1149,728196,728183
2026-09-22 22:06:00,2881,2885,2881,2883,2274,728183,728473
2026-09-22 22:07:00,2883,2885,2882,2885,1000,728473,728500
2026-09-22 22:08:00,2885,2886,2884,2886,1997,728500,728402
2026-09-22 22:09:00,2886,2889,2885,2887,3748,728402,727561
2026-09-22 22:10:00,2887,2888,2885,2888,1732,727561,727770
2026-09-22 22:11:00,2888,2888,2885,2886,1796,727770,727181
2026-09-22 22:12:00,2886,2886,2882,2882,2864,727181,726659
2026-09-22 22:13:00,2882,2885,2879,2883,3078,726659,726394
2026-09-22 22:14:00,2883,2884,2881,2881,1196,726394,726551
2026-09-22 22:15:00,2881,2882,2880,2881,957,726551,726554
2026-09-22 22:16:00,2881,2882,2880,2881,1114,726554,726631
2026-09-22 22:17:00,2881,2882,2881,2881,430,726631,726558
2026-09-22 22:18:00,2881,2884,2881,2884,1317,726558,726566
2026-09-22 22:19:00,2884,2884,2882,2882,572,726566,726585
2026-09-22 22:20:00,2882,2884,2881,2883,1273,726585,726789
2026-09-22 22:21:00,2883,2887,2883,2887,1497,726789,726584
2026-09-22 22:22:00,2887,2887,2884,2885,1561,726584,726925
2026-09-22 22:23:00,2885,2885,2884,2884,374,726925,726917
2026-09-22 22:24:00,2884,2886,2884,2885,797,726917,726880
2026-09-22 22:25:00,2885,2885,2883,2883,988,726880,726594
2026-09-22 22:26:00,2883,2884,2882,2884,573,726594,726535
2026-09-22 22:27:00,2884,2885,2883,2884,675,726535,726562
2026-09-22 22:28:00,2884,2885,2883,2883,527,726562,726585
2026-09-22 22:29:00,2883,2884,2883,2883,534,726585,726656
2026-09-22 22:30:00,2883,2884,2880,2881,1834,726656,726234
2026-09-22 22:31:00,2881,2881,2879,2879,1844,726234,726137
2026-09-22 22:32:00,2879,2882,2879,2881,1271,726137,726166
2026-09-22 22:33:00,2881,2881,2880,2881,520,726166,726183
2026-09-22 22:34:00,2881,2881,2879,2879,803,726183,726165
2026-09-22 22:35:00,2879,2883,2879,2882,1246,726165,726077
2026-09-22 22:36:00,2882,2882,2879,2880,1374,726077,726135
2026-09-22 22:37:00,2880,2881,2880,2881,860,726135,726041
2026-09-22 22:38:00,2881,2882,2880,2882,1015,726041,725956
2026-09-22 22:39:00,2882,2883,2878,2882,2624,725956,726097
2026-09-22 22:40:00,2882,2885,2882,2885,1704,726097,725824
2026-09-22 22:41:00,2885,2895,2884,2895,9569,725824,722944
2026-09-22 22:42:00,2895,2905,2895,2903,11317,722944,722639
2026-09-22 22:43:00,2903,2905,2899,2899,6648,722639,723219
2026-09-22 22:44:00,2899,2899,2895,2896,4351,723219,724138
2026-09-22 22:45:00,2896,2899,2894,2899,3483,724138,724299
2026-09-22 22:46:00,2899,2899,2896,2896,2369,724299,724853
2026-09-22 22:47:00,2896,2898,2893,2894,3262,724853,724718
2026-09-22 22:48:00,2894,2895,2892,2893,1549,724718,724762
2026-09-22 22:49:00,2893,2893,2891,2891,1290,724762,724620
2026-09-22 22:50:00,2891,2893,2889,2893,2071,724620,724517
2026-09-22 22:51:00,2893,2893,2891,2892,1699,724517,724749
2026-09-22 22:52:00,2892,2894,2891,2893,1752,724749,724572
2026-09-22 22:53:00,2893,2894,2892,2893,876,724572,724480
2026-09-22 22:54:00,2893,2895,2892,2893,1323,724480,723948
2026-09-22 22:55:00,2893,2894,2892,2893,820,723948,723869
2026-09-22 22:56:00,2893,2894,2892,2893,1038,723869,723481
2026-09-22 22:57:00,2893,2895,2893,2895,1661,723481,722759
2026-09-22 22:58:00,2895,2895,2893,2894,1879,722759,722129
2026-09-22 22:59:00,2894,2896,2893,2895,3894,722129,720943
2026-09-23 09:00:00,2895,2895,2878,2885,10887,720943,721754
2026-09-23 09:01:00,2885,2888,2883,2888,4181,721754,722119
2026-09-23 09:02:00,2888,2891,2888,2888,3402,722119,722535
2026-09-23 09:03:00,2888,2891,2885,2891,2524,722535,722750
2026-09-23 09:04:00,2891,2895,2890,2891,3764,722750,722479
2026-09-23 09:05:00,2891,2893,2890,2892,2060,722479,722421
2026-09-23 09:06:00,2892,2895,2890,2893,1760,722421,722832
2026-09-23 09:07:00,2893,2894,2891,2892,1423,722832,722925
2026-09-23 09:08:00,2892,2894,2890,2890,1227,722925,723128
2026-09-23 09:09:00,2890,2892,2889,2889,809,723128,723170
2026-09-23 09:10:00,2889,2891,2888,2889,1144,723170,723325
2026-09-23 09:11:00,2889,2891,2889,2890,1354,723325,723088
2026-09-23 09:12:00,2890,2892,2889,2891,1171,723088,722991
2026-09-23 09:13:00,2891,2892,2889,2891,1562,722991,723198
2026-09-23 09:14:00,2891,2892,2890,2892,1820,723198,723239
2026-09-23 09:15:00,2892,2893,2890,2891,1510,723239,723140
2026-09-23 09:16:00,2891,2893,2889,2890,2597,723140,722669
2026-09-23 09:17:00,2890,2892,2889,2889,2350,722669,722410
2026-09-23 09:18:00,2889,2891,2888,2890,2532,722410,722189
2026-09-23 09:19:00,2890,2891,2889,2891,1270,722189,722224
2026-09-23 09:20:00,2891,2892,2889,2889,1609,722224,722431
2026-09-23 09:21:00,2889,2892,2887,2887,1445,722431,722594
2026-09-23 09:22:00,2887,2891,2887,2889,1048,722594,722472
2026-09-23 09:23:00,2889,2892,2889,2892,988,722472,722363
2026-09-23 09:24:00,2892,2893,2891,2891,870,722363,722251
2026-09-23 09:25:00,2891,2892,2890,2891,1086,722251,722223
2026-09-23 09:26:00,2891,2894,2890,2893,1555,722223,722336
2026-09-23 09:27:00,2893,2894,2892,2893,744,722336,722368
2026-09-23 09:28:00,2893,2896,2892,2892,3369,722368,722843
2026-09-23 09:29:00,2892,2893,2891,2891,869,722843,723005
2026-09-23 09:30:00,2891,2893,2890,2893,711,723005,723194
2026-09-23 09:31:00,2893,2894,2891,2891,1082,723194,723189
2026-09-23 09:32:00,2891,2891,2887,2888,3054,723189,723446
2026-09-23 09:33:00,2888,2889,2885,2886,2338,723446,723725
2026-09-23 09:34:00,2886,2889,2885,2889,1360,723725,724076
2026-09-23 09:35:00,2889,2889,2887,2888,528,724076,724066
2026-09-23 09:36:00,2888,2888,2886,2886,665,724066,724055
2026-09-23 09:37:00,2886,2888,2885,2885,882,724055,723872
2026-09-23 09:38:00,2885,2888,2885,2886,761,723872,723908
2026-09-23 09:39:00,2886,2887,2885,2887,466,723908,723904
2026-09-23 09:40:00,2887,2890,2886,2890,940,723904,723953
2026-09-23 09:41:00,2890,2891,2889,2890,674,723953,724004
2026-09-23 09:42:00,2890,2892,2890,2892,722,724004,724031
2026-09-23 09:43:00,2892,2892,2890,2891,579,724031,724227
2026-09-23 09:44:00,2891,2892,2889,2890,373,724227,724140
2026-09-23 09:45:00,2890,2893,2889,2890,1193,724140,724217
2026-09-23 09:46:00,2890,2890,2887,2888,782,724217,724034
2026-09-23 09:47:00,2888,2889,2886,2887,736,724034,724022
2026-09-23 09:48:00,2887,2890,2886,2889,467,724022,723954
2026-09-23 09:49:00,2889,2889,2884,2884,1694,723954,723846
2026-09-23 09:50:00,2884,2886,2884,2884,948,723846,723604
2026-09-23 09:51:00,2884,2884,2881,2883,3779,723604,722726
2026-09-23 09:52:00,2883,2886,2883,2885,1066,722726,722628
2026-09-23 09:53:00,2885,2886,2882,2882,826,722628,722695
2026-09-23 09:54:00,2882,2883,2877,2878,4286,722695,722534
2026-09-23 09:55:00,2878,2878,2873,2874,3791,722534,722013
2026-09-23 09:56:00,2874,2874,2870,2871,5821,722013,720463
2026-09-23 09:57:00,2871,2875,2870,2875,3168,720463,720230
2026-09-23 09:58:00,2875,2875,2871,2872,2217,720230,720398
2026-09-23 09:59:00,2872,2872,2861,2862,11356,720398,719292
2026-09-23 10:00:00,2862,2866,2861,2864,4911,719292,719499
2026-09-23 10:01:00,2864,2864,2860,2864,5395,719499,718298
2026-09-23 10:02:00,2864,2864,2862,2863,3051,718298,718329
2026-09-23 10:03:00,2863,2863,2860,2861,2963,718329,718790
2026-09-23 10:04:00,2861,2863,2860,2862,2533,718790,718943
2026-09-23 10:05:00,2862,2862,2855,2859,8321,718943,718911
2026-09-23 10:06:00,2859,2860,2857,2860,4222,718911,718608
2026-09-23 10:07:00,2860,2864,2859,2863,4587,718608,718363
2026-09-23 10:08:00,2863,2863,2858,2860,2941,718363,718584
2026-09-23 10:09:00,2860,2860,2856,2858,2994,718584,719188
2026-09-23 10:10:00,2858,2861,2857,2860,2701,719188,719303
2026-09-23 10:11:00,2860,2860,2856,2857,2641,719303,719407
2026-09-23 10:12:00,2857,2859,2856,2857,2472,719407,719667
2026-09-23 10:13:00,2857,2859,2856,2858,1551,719667,719869
2026-09-23 10:14:00,2858,2860,2857,2858,2882,719869,720111
2026-09-23 10:30:00,2854,2854,2850,2852,9894,720111,720156
2026-09-23 10:31:00,2852,2854,2847,2848,6505,720156,721065
2026-09-23 10:32:00,2848,2850,2845,2849,5639,721065,720883
2026-09-23 10:33:00,2849,2854,2849,2853,4715,720883,720833
2026-09-23 10:34:00,2853,2853,2849,2853,3603,720833,721675
2026-09-23 10:35:00,2853,2855,2851,2853,3069,721675,721803
2026-09-23 10:36:00,2853,2853,2850,2851,2101,721803,722002
2026-09-23 10:37:00,2851,2853,2849,2852,2487,722002,722188
2026-09-23 10:38:00,2852,2853,2852,2853,1675,722188,722303
2026-09-23 10:39:00,2853,2856,2853,2855,2488,722303,722195
2026-09-23 10:40:00,2855,2857,2855,2856,2578,722195,721435
2026-09-23 10:41:00,2856,2857,2853,2853,2095,721435,720708
2026-09-23 10:42:00,2853,2857,2853,2856,1079,720708,720911
2026-09-23 10:43:00,2856,2857,2855,2856,956,720911,720771
2026-09-23 10:44:00,2856,2857,2854,2857,1344,720771,720947
2026-09-23 10:45:00,2857,2857,2853,2853,1087,720947,721093
2026-09-23 10:46:00,2853,2854,2851,2851,1225,721093,720998
2026-09-23 10:47:00,2851,2854,2851,2852,837,720998,721066
2026-09-23 10:48:00,2852,2853,2851,2852,695,721066,721209
2026-09-23 10:49:00,2852,2852,2850,2851,1062,721209,721369
2026-09-23 10:50:00,2851,2852,2850,2850,868,721369,721582
2026-09-23 10:51:00,2850,2852,2849,2851,1931,721582,721860
2026-09-23 10:52:00,2851,2852,2850,2851,661,721860,721835
2026-09-23 10:53:00,2851,2851,2848,2849,2185,721835,722185
2026-09-23 10:54:00,2849,2849,2846,2848,2948,722185,722029
2026-09-23 10:55:00,2848,2850,2846,2850,1839,722029,722370
2026-09-23 10:56:00,2850,2850,2848,2848,1331,722370,722528
2026-09-23 10:57:00,2848,2848,2843,2845,4915,722528,722891
2026-09-23 10:58:00,2845,2845,2838,2839,7846,722891,722323
2026-09-23 10:59:00,2839,2842,2838,2841,4000,722323,722503
2026-09-23 11:00:00,2841,2842,2839,2840,2975,722503,722964
2026-09-23 11:01:00,2840,2846,2840,2845,2957,722964,722987
2026-09-23 11:02:00,2845,2846,2843,2843,1590,722987,722888
2026-09-23 11:03:00,2843,2845,2843,2844,1119,722888,723165
2026-09-23 11:04:00,2844,2846,2844,2846,1263,723165,723136
2026-09-23 11:05:00,2846,2846,2844,2846,979,723136,723103
2026-09-23 11:06:00,2846,2847,2844,2846,1777,723103,723114
2026-09-23 11:07:00,2846,2847,2845,2846,1166,723114,723471
2026-09-23 11:08:00,2846,2847,2845,2846,1076,723471,723707
2026-09-23 11:09:00,2846,2846,2845,2846,885,723707,723892
2026-09-23 11:10:00,2846,2848,2846,2847,956,723892,723867
2026-09-23 11:11:00,2847,2847,2845,2846,838,723867,723896
2026-09-23 11:12:00,2846,2849,2845,2849,1276,723896,724035
2026-09-23 11:13:00,2849,2849,2846,2847,1933,724035,724026
2026-09-23 11:14:00,2847,2848,2846,2848,1487,724026,724423
2026-09-23 11:15:00,2848,2849,2847,2847,1168,724423,724475
2026-09-23 11:16:00,2847,2849,2847,2848,970,724475,724583
2026-09-23 11:17:00,2848,2850,2848,2849,1854,724583,724521
2026-09-23 11:18:00,2849,2849,2842,2842,2460,724521,724866
2026-09-23 11:19:00,2842,2847,2842,2847,2152,724866,724925
2026-09-23 11:20:00,2847,2848,2845,2847,1065,724925,724892
2026-09-23 11:21:00,2847,2848,2845,2845,862,724892,724787
2026-09-23 11:22:00,2845,2846,2843,2844,1003,724787,724389
2026-09-23 11:23:00,2844,2845,2843,2844,1029,724389,724286
2026-09-23 11:24:00,2844,2847,2843,2846,1723,724286,724306
2026-09-23 11:25:00,2846,2847,2844,2846,1253,724306,724090
2026-09-23 11:26:00,2846,2846,2844,2846,694,724090,723856
2026-09-23 11:27:00,2846,2846,2844,2845,664,723856,723786
2026-09-23 11:28:00,2845,2847,2844,2847,1269,723786,723345
2026-09-23 11:29:00,2847,2847,2843,2843,1424,723345,722835
2026-09-23 13:30:00,2840,2849,2836,2847,7125,722835,722534
2026-09-23 13:31:00,2847,2848,2844,2846,2487,722534,722707
2026-09-23 13:32:00,2846,2848,2845,2845,2390,722707,722522
2026-09-23 13:33:00,2845,2846,2843,2843,1921,722522,722751
2026-09-23 13:34:00,2843,2844,2842,2843,1643,722751,723243
2026-09-23 13:35:00,2843,2844,2842,2843,1803,723243,723144
2026-09-23 13:36:00,2843,2843,2839,2839,1982,723144,723288
2026-09-23 13:37:00,2839,2841,2839,2841,1149,723288,723342
2026-09-23 13:38:00,2841,2844,2841,2844,1779,723342,723547
2026-09-23 13:39:00,2844,2845,2843,2844,771,723547,723500
2026-09-23 13:40:00,2844,2844,2841,2841,948,723500,723592
2026-09-23 13:41:00,2841,2841,2826,2830,9282,723592,722801
2026-09-23 13:42:00,2830,2831,2828,2830,3847,722801,723429
2026-09-23 13:43:00,2830,2831,2828,2830,4891,723429,723227
2026-09-23 13:44:00,2830,2831,2827,2827,3509,723227,723680
2026-09-23 13:45:00,2827,2828,2823,2828,5759,723680,724724
2026-09-23 13:46:00,2828,2829,2826,2829,2375,724724,725428
2026-09-23 13:47:00,2829,2830,2828,2830,2394,725428,725189
2026-09-23 13:48:00,2830,2832,2829,2831,2436,725189,724760
2026-09-23 13:49:00,2831,2831,2828,2829,1882,724760,724692
2026-09-23 13:50:00,2829,2831,2828,2831,2477,724692,725111
2026-09-23 13:51:00,2831,2831,2829,2830,1575,725111,725634
2026-09-23 13:52:00,2830,2831,2825,2827,2696,725634,725906
2026-09-23 13:53:00,2827,2828,2825,2826,2128,725906,726377
2026-09-23 13:54:00,2826,2827,2825,2826,1747,726377,726854
2026-09-23 13:55:00,2826,2829,2825,2826,1952,726854,727212
2026-09-23 13:56:00,2826,2827,2825,2826,1495,727212,727461
2026-09-23 13:57:00,2826,2827,2824,2826,1534,727461,727823
2026-09-23 13:58:00,2826,2826,2824,2825,1596,727823,727950
2026-09-23 13:59:00,2825,2826,2825,2826,871,727950,727961
2026-09-23 14:00:00,2826,2826,2821,2824,4277,727961,727975
2026-09-23 14:01:00,2824,2827,2824,2826,2253,727975,728102
2026-09-23 14:02:00,2826,2827,2824,2824,1050,728102,728227
2026-09-23 14:03:00,2824,2829,2824,2827,1986,728227,728292
2026-09-23 14:04:00,2827,2832,2827,2830,3001,728292,727518
2026-09-23 14:05:00,2830,2831,2827,2828,1597,727518,727315
2026-09-23 14:06:00,2828,2831,2828,2829,1539,727315,727137
2026-09-23 14:07:00,2829,2829,2827,2827,1399,727137,726842
2026-09-23 14:08:00,2827,2831,2826,2831,1701,726842,726612
2026-09-23 14:09:00,2831,2832,2829,2831,2529,726612,725883
2026-09-23 14:10:00,2831,2836,2831,2834,4054,725883,725091
2026-09-23 14:11:00,2834,2836,2833,2835,2942,725091,723828
2026-09-23 14:12:00,2835,2836,2833,2834,1817,723828,723588
2026-09-23 14:13:00,2834,2835,2833,2833,1684,723588,723847
2026-09-23 14:14:00,2833,2834,2831,2831,1420,723847,723684
2026-09-23 14:15:00,2831,2834,2831,2832,1128,723684,723666
2026-09-23 14:16:00,2832,2834,2831,2832,1734,723666,723659
2026-09-23 14:17:00,2832,2837,2831,2837,2452,723659,724156
2026-09-23 14:18:00,2837,2837,2834,2835,1325,724156,723751
2026-09-23 14:19:00,2835,2835,2833,2833,929,723751,723508
2026-09-23 14:20:00,2833,2835,2832,2835,1435,723508,723239
2026-09-23 14:21:00,2835,2839,2833,2838,1861,723239,722950
2026-09-23 14:22:00,2838,2839,2834,2836,1665,722950,722914
2026-09-23 14:23:00,2836,2838,2835,2838,1278,722914,722766
2026-09-23 14:24:00,2838,2838,2836,2838,1341,722766,722925
2026-09-23 14:25:00,2838,2838,2835,2836,1279,722925,723241
2026-09-23 14:26:00,2836,2837,2833,2833,1095,723241,723491
2026-09-23 14:27:00,2833,2834,2832,2834,973,723491,723306
2026-09-23 14:28:00,2834,2835,2833,2834,598,723306,723278
2026-09-23 14:29:00,2834,2836,2834,2836,841,723278,723292
2026-09-23 14:30:00,2836,2836,2835,2835,972,723292,723403
2026-09-23 14:31:00,2835,2836,2834,2835,1434,723403,723381
2026-09-23 14:32:00,2835,2835,2833,2833,879,723381,723256
2026-09-23 14:33:00,2833,2835,2833,2834,608,723256,723227
2026-09-23 14:34:00,2834,2835,2832,2832,1036,723227,723116
2026-09-23 14:35:00,2832,2833,2830,2830,3008,723116,723004
2026-09-23 14:36:00,2830,2831,2829,2830,1426,723004,722622
2026-09-23 14:37:00,2830,2831,2830,2830,595,722622,722736
2026-09-23 14:38:00,2830,2831,2829,2830,919,722736,722747
2026-09-23 14:39:00,2830,2834,2830,2833,1441,722747,722656
2026-09-23 14:40:00,2833,2834,2832,2832,923,722656,722408
2026-09-23 14:41:00,2832,2833,2830,2832,1025,722408,722316
2026-09-23 14:42:00,2832,2832,2830,2831,560,722316,722473
2026-09-23 14:43:00,2831,2833,2830,2832,988,722473,722194
2026-09-23 14:44:00,2832,2833,2831,2832,770,722194,722015
2026-09-23 14:45:00,2832,2834,2831,2834,1298,722015,721972
2026-09-23 14:46:00,2834,2834,2832,2832,1077,721972,721832
2026-09-23 14:47:00,2832,2833,2830,2831,1142,721832,721813
2026-09-23 14:48:00,2831,2833,2831,2832,721,721813,721632
2026-09-23 14:49:00,2832,2834,2832,2834,477,721632,721464
2026-09-23 14:50:00,2834,2834,2832,2832,897,721464,721169
2026-09-23 14:51:00,2832,2834,2832,2833,1140,721169,720653
2026-09-23 14:52:00,2833,2835,2833,2835,1322,720653,720368
2026-09-23 14:53:00,2835,2836,2834,2836,1547,720368,719976
2026-09-23 14:54:00,2836,2837,2835,2836,1058,719976,720043
2026-09-23 14:55:00,2836,2836,2834,2834,2736,720043,719327
2026-09-23 14:56:00,2834,2836,2834,2834,2272,719327,719134
2026-09-23 14:57:00,2834,2834,2832,2833,2627,719134,717816
2026-09-23 14:58:00,2833,2833,2830,2832,3881,717816,715835
2026-09-23 14:59:00,2832,2834,2831,2833,3223,715835,714634
2026-09-23 21:00:00,2850,2855,2840,2843,26378,714634,709843
2026-09-23 21:01:00,2843,2846,2842,2845,8120,709843,708235
2026-09-23 21:02:00,2845,2845,2843,2845,4616,708235,707785
2026-09-23 21:03:00,2845,2845,2840,2840,4409,707785,708004
2026-09-23 21:04:00,2840,2843,2838,2842,5361,708004,707300
2026-09-23 21:05:00,2842,2844,2840,2842,3435,707300,707203
2026-09-23 21:06:00,2842,2846,2842,2845,5146,707203,706453
2026-09-23 21:07:00,2845,2847,2843,2847,3426,706453,706427
2026-09-23 21:08:00,2847,2853,2847,2851,8562,706427,707014
2026-09-23 21:09:00,2851,2853,2849,2851,4064,707014,706257
2026-09-23 21:10:00,2851,2853,2849,2852,3925,706257,705499
2026-09-23 21:11:00,2852,2855,2851,2853,5570,705499,705047
2026-09-23 21:12:00,2853,2854,2848,2849,3625,705047,705468
2026-09-23 21:13:00,2849,2849,2847,2848,2903,705468,705810
2026-09-23 21:14:00,2848,2848,2846,2846,1709,705810,705742
2026-09-23 21:15:00,2846,2847,2841,2842,4097,705742,705596
2026-09-23 21:16:00,2842,2844,2842,2844,1862,705596,706079
2026-09-23 21:17:00,2844,2845,2843,2845,1171,706079,706299
2026-09-23 21:18:00,2845,2845,2841,2845,2785,706299,706250
2026-09-23 21:19:00,2845,2846,2844,2845,1181,706250,706180
2026-09-23 21:20:00,2845,2845,2842,2843,850,706180,706374
2026-09-23 21:21:00,2843,2846,2843,2845,1937,706374,706284
2026-09-23 21:22:00,2845,2846,2843,2844,1173,706284,706404
2026-09-23 21:23:00,2844,2844,2842,2843,1105,706404,706376
2026-09-23 21:24:00,2843,2846,2842,2845,2094,706376,706550
2026-09-23 21:25:00,2845,2847,2844,2845,1575,706550,706627
2026-09-23 21:26:00,2845,2848,2845,2846,1158,706627,706596
2026-09-23 21:27:00,2846,2847,2843,2845,1593,706596,706725
2026-09-23 21:28:00,2845,2847,2844,2847,1191,706725,707257
2026-09-23 21:29:00,2847,2848,2846,2847,1508,707257,707298
2026-09-23 21:30:00,2847,2847,2842,2844,1691,707298,707168
2026-09-23 21:31:00,2844,2846,2843,2845,1163,707168,707415
2026-09-23 21:32:00,2845,2847,2845,2846,962,707415,707413
2026-09-23 21:33:00,2846,2847,2845,2846,759,707413,707317
2026-09-23 21:34:00,2846,2847,2842,2844,1424,707317,707435
2026-09-23 21:35:00,2844,2847,2842,2846,2390,707435,708027
2026-09-23 21:36:00,2846,2846,2844,2845,448,708027,707966
2026-09-23 21:37:00,2845,2845,2844,2844,706,707966,708199
2026-09-23 21:38:00,2844,2846,2843,2845,1543,708199,708515
2026-09-23 21:39:00,2845,2846,2844,2845,551,708515,708387
2026-09-23 21:40:00,2845,2848,2844,2846,1203,708387,708479
2026-09-23 21:41:00,2846,2852,2846,2851,3475,708479,708318
2026-09-23 21:42:00,2851,2852,2848,2852,3043,708318,709037
2026-09-23 21:43:00,2852,2854,2852,2852,2758,709037,709029
2026-09-23 21:44:00,2852,2858,2852,2858,5733,709029,708216
2026-09-23 21:45:00,2858,2865,2857,2864,11398,708216,704908
2026-09-23 21:46:00,2864,2866,2859,2860,5385,704908,704022
2026-09-23 21:47:00,2860,2863,2859,2863,3667,704022,703657
2026-09-23 21:48:00,2863,2870,2863,2867,10175,703657,702498
2026-09-23 21:49:00,2867,2869,2865,2867,3571,702498,702486
2026-09-23 21:50:00,2867,2870,2865,2866,4204,702486,703077
2026-09-23 21:51:00,2866,2867,2865,2866,3075,703077,703432
2026-09-23 21:52:00,2866,2868,2864,2867,3225,703432,703846
2026-09-23 21:53:00,2867,2870,2865,2868,3534,703846,704115
2026-09-23 21:54:00,2868,2873,2865,2871,6540,704115,704970
2026-09-23 21:55:00,2871,2871,2868,2870,2141,704970,704907
2026-09-23 21:56:00,2870,2871,2866,2868,3584,704907,705107
2026-09-23 21:57:00,2868,2869,2865,2866,2566,705107,705390
2026-09-23 21:58:00,2866,2866,2863,2864,2621,705390,705492
2026-09-23 21:59:00,2864,2865,2863,2865,1865,705492,705512
2026-09-23 22:00:00,2865,2865,2861,2861,2350,705512,705538
2026-09-23 22:01:00,2861,2861,2859,2860,3293,705538,705610
2026-09-23 22:02:00,2860,2862,2859,2862,2800,705610,704812
2026-09-23 22:03:00,2862,2862,2860,2861,1408,704812,704532
2026-09-23 22:04:00,2861,2861,2859,2859,3496,704532,705071
2026-09-23 22:05:00,2859,2863,2859,2862,2902,705071,705303
2026-09-23 22:06:00,2862,2862,2856,2857,2703,705303,704957
2026-09-23 22:07:00,2857,2858,2856,2857,1157,704957,705138
2026-09-23 22:08:00,2857,2860,2856,2859,1158,705138,704836
2026-09-23 22:09:00,2859,2859,2856,2858,1371,704836,705146
2026-09-23 22:10:00,2858,2862,2857,2861,2825,705146,705368
2026-09-23 22:11:00,2861,2864,2861,2864,2349,705368,705846
2026-09-23 22:12:00,2864,2865,2862,2863,1736,705846,705535
2026-09-23 22:13:00,2863,2866,2863,2866,1806,705535,705627
2026-09-23 22:14:00,2866,2868,2865,2868,2983,705627,705032
2026-09-23 22:15:00,2868,2868,2865,2866,2282,705032,704828
2026-09-23 22:16:00,2866,2866,2863,2863,1919,704828,704798
2026-09-23 22:17:00,2863,2864,2862,2864,1522,704798,704898
2026-09-23 22:18:00,2864,2866,2863,2866,1815,704898,704636
2026-09-23 22:19:00,2866,2868,2865,2867,3544,704636,702940
2026-09-23 22:20:00,2867,2867,2865,2867,1326,702940,702846
2026-09-23 22:21:00,2867,2869,2866,2868,1454,702846,702460
2026-09-23 22:22:00,2868,2870,2868,2868,3662,702460,703268
2026-09-23 22:23:00,2868,2870,2868,2869,1898,703268,703299
2026-09-23 22:24:00,2869,2872,2868,2871,4208,703299,703705
2026-09-23 22:25:00,2871,2879,2871,2879,7619,703705,701832
2026-09-23 22:26:00,2879,2881,2877,2880,6171,701832,701564
2026-09-23 22:27:00,2880,2882,2877,2882,4258,701564,701544
2026-09-23 22:28:00,2882,2888,2881,2886,8782,701544,700965
2026-09-23 22:29:00,2886,2889,2885,2888,5709,700965,701554
2026-09-23 22:30:00,2888,2890,2883,2883,8496,701554,701918
2026-09-23 22:31:00,2883,2884,2879,2879,5267,701918,701428
2026-09-23 22:32:00,2879,2882,2879,2882,2016,701428,701298
2026-09-23 22:33:00,2882,2882,2880,2882,2236,701298,700328
2026-09-23 22:34:00,2882,2883,2880,2881,2749,700328,700501
2026-09-23 22:35:00,2881,2882,2879,2879,2418,700501,700789
2026-09-23 22:36:00,2879,2883,2879,2883,2057,700789,700764
2026-09-23 22:37:00,2883,2884,2880,2881,2706,700764,701006
2026-09-23 22:38:00,2881,2881,2879,2879,2053,701006,701107
2026-09-23 22:39:00,2879,2881,2879,2880,1251,701107,701425
2026-09-23 22:40:00,2880,2883,2879,2882,2037,701425,702287
2026-09-23 22:41:00,2882,2884,2881,2883,1719,702287,702359
2026-09-23 22:42:00,2883,2885,2883,2884,3305,702359,701543
2026-09-23 22:43:00,2884,2887,2884,2886,3414,701543,701474
2026-09-23 22:44:00,2886,2888,2885,2886,1635,701474,701718
2026-09-23 22:45:00,2886,2890,2886,2886,4497,701718,702049
2026-09-23 22:46:00,2886,2887,2883,2884,2933,702049,701167
2026-09-23 22:47:00,2884,2885,2883,2884,1175,701167,701007
2026-09-23 22:48:00,2884,2888,2883,2887,3615,701007,699875
2026-09-23 22:49:00,2887,2888,2886,2886,1492,699875,699488
2026-09-23 22:50:00,2886,2887,2885,2886,888,699488,699406
2026-09-23 22:51:00,2886,2888,2883,2883,2129,699406,699018
2026-09-23 22:52:00,2883,2884,2882,2884,1586,699018,698673
2026-09-23 22:53:00,2884,2884,2880,2880,3110,698673,698087
2026-09-23 22:54:00,2880,2880,2878,2880,3622,698087,697549
2026-09-23 22:55:00,2880,2882,2879,2881,2392,697549,697567
2026-09-23 22:56:00,2881,2881,2877,2879,2681,697567,696516
2026-09-23 22:57:00,2879,2880,2877,2877,3383,696516,694648
2026-09-23 22:58:00,2877,2879,2877,2878,2592,694648,693456
2026-09-23 22:59:00,2878,2880,2876,2879,4841,693456,692459
2026-09-24 09:00:00,2879,2879,2867,2868,11222,692459,692200
2026-09-24 09:01:00,2868,2868,2864,2868,7426,692200,693622
2026-09-24 09:02:00,2868,2870,2866,2867,5286,693622,693257
2026-09-24 09:03:00,2867,2869,2864,2865,3551,693257,693396
2026-09-24 09:04:00,2865,2867,2862,2865,4647,693396,694112
2026-09-24 09:05:00,2865,2868,2864,2864,2349,694112,694312
2026-09-24 09:06:00,2864,2869,2864,2866,2937,694312,694332
2026-09-24 09:07:00,2866,2866,2861,2861,2394,694332,694779
2026-09-24 09:08:00,2861,2865,2861,2864,1776,694779,694782
2026-09-24 09:09:00,2864,2867,2864,2866,1724,694782,694721
2026-09-24 09:10:00,2866,2867,2864,2864,1319,694721,695022
2026-09-24 09:11:00,2864,2869,2864,2868,2034,695022,695166
2026-09-24 09:12:00,2868,2868,2865,2865,1751,695166,695157
2026-09-24 09:13:00,2865,2867,2864,2867,830,695157,695298
2026-09-24 09:14:00,2867,2870,2866,2870,1783,695298,695615
2026-09-24 09:15:00,2870,2872,2869,2871,3380,695615,695731
2026-09-24 09:16:00,2871,2873,2871,2872,1950,695731,695697
2026-09-24 09:17:00,2872,2873,2872,2873,1386,695697,695774
2026-09-24 09:18:00,2873,2873,2869,2870,1901,695774,695894
2026-09-24 09:19:00,2870,2871,2867,2868,1788,695894,695994
2026-09-24 09:20:00,2868,2870,2867,2867,1047,695994,696049
2026-09-24 09:21:00,2867,2874,2867,2872,2052,696049,696026
2026-09-24 09:22:00,2872,2872,2870,2872,1014,696026,696090
2026-09-24 09:23:00,2872,2872,2869,2869,1049,696090,696360
2026-09-24 09:24:00,2869,2872,2869,2870,1223,696360,696236
2026-09-24 09:25:00,2870,2872,2869,2871,608,696236,696254
2026-09-24 09:26:00,2871,2875,2870,2875,1533,696254,696577
2026-09-24 09:27:00,2875,2875,2872,2873,2082,696577,696567
2026-09-24 09:28:00,2873,2879,2873,2877,4466,696567,697322
2026-09-24 09:29:00,2877,2879,2877,2878,2176,697322,697606
2026-09-24 09:30:00,2878,2879,2876,2878,1927,697606,698019
2026-09-24 09:31:00,2878,2887,2878,2886,9016,698019,696597
2026-09-24 09:32:00,2886,2886,2881,2881,1843,696597,696526
2026-09-24 09:33:00,2881,2884,2881,2884,1827,696526,696919
2026-09-24 09:34:00,2884,2886,2884,2885,1455,696919,697115
2026-09-24 09:35:00,2885,2887,2884,2886,1723,697115,697266
2026-09-24 09:36:00,2886,2886,2882,2883,1681,697266,697578
2026-09-24 09:37:00,2883,2884,2882,2883,1062,697578,697477
2026-09-24 09:38:00,2883,2885,2880,2881,1943,697477,697616
2026-09-24 09:39:00,2881,2884,2880,2883,1234,697616,697740
2026-09-24 09:40:00,2883,2885,2882,2884,1373,697740,697805
2026-09-24 09:41:00,2884,2885,2881,2881,1848,697805,697922
2026-09-24 09:42:00,2881,2883,2880,2881,992,697922,697913
2026-09-24 09:43:00,2881,2884,2880,2883,879,697913,697816
2026-09-24 09:44:00,2883,2884,2882,2883,787,697816,697995
2026-09-24 09:45:00,2883,2885,2880,2881,1553,697995,698513
2026-09-24 09:46:00,2881,2883,2880,2881,873,698513,698499
2026-09-24 09:47:00,2881,2883,2880,2882,608,698499,698570
2026-09-24 09:48:00,2882,2885,2882,2885,912,698570,698403
2026-09-24 09:49:00,2885,2885,2884,2884,844,698403,698660
2026-09-24 09:50:00,2884,2888,2884,2887,2333,698660,699438
2026-09-24 09:51:00,2887,2895,2887,2894,6551,699438,700608
2026-09-24 09:52:00,2894,2895,2890,2893,3366,700608,700833
2026-09-24 09:53:00,2893,2893,2889,2889,1873,700833,701339
2026-09-24 09:54:00,2889,2891,2889,2890,956,701339,701576
2026-09-24 09:55:00,2890,2895,2890,2894,2062,701576,701944
2026-09-24 09:56:00,2894,2895,2891,2892,3003,701944,701829
2026-09-24 09:57:00,2892,2894,2892,2892,927,701829,701925
2026-09-24 09:58:00,2892,2894,2892,2893,1278,701925,702351
2026-09-24 09:59:00,2893,2894,2890,2891,2736,702351,702315
2026-09-24 10:00:00,2891,2894,2890,2893,3193,702315,702757
2026-09-24 10:01:00,2893,2900,2893,2899,8421,702757,703217
2026-09-24 10:02:00,2899,2900,2898,2899,2254,703217,703368
2026-09-24 10:03:00,2899,2904,2898,2903,6065,703368,703740
2026-09-24 10:04:00,2903,2906,2903,2903,4077,703740,703894
2026-09-24 10:05:00,2903,2904,2898,2901,2964,703894,704641
2026-09-24 10:06:00,2901,2901,2898,2900,1660,704641,705023
2026-09-24 10:07:00,2900,2902,2899,2902,984,705023,705218
2026-09-24 10:08:00,2902,2908,2901,2906,4724,705218,705506
2026-09-24 10:09:00,2906,2908,2904,2904,2105,705506,705861
2026-09-24 10:10:00,2904,2905,2902,2903,1594,705861,705657
2026-09-24 10:11:00,2903,2903,2899,2899,1843,705657,705928
2026-09-24 10:12:00,2899,2902,2899,2901,1888,705928,705690
2026-09-24 10:13:00,2901,2901,2897,2897,1421,705690,705643
2026-09-24 10:14:00,2897,2899,2897,2897,1293,705643,705671
2026-09-24 10:30:00,2894,2896,2889,2891,7854,705671,705600
2026-09-24 10:31:00,2891,2894,2890,2893,2104,705600,705692
2026-09-24 10:32:00,2893,2897,2893,2896,2381,705692,706101
2026-09-24 10:33:00,2896,2898,2895,2897,1905,706101,705881
2026-09-24 10:34:00,2897,2899,2897,2898,1938,705881,705864
2026-09-24 10:35:00,2898,2901,2897,2899,1812,705864,705957
2026-09-24 10:36:00,2899,2899,2894,2895,1826,705957,706241
2026-09-24 10:37:00,2895,2897,2894,2894,1540,706241,706139
2026-09-24 10:38:00,2894,2896,2894,2896,796,706139,706374
2026-09-24 10:39:00,2896,2897,2896,2897,637,706374,706622
2026-09-24 10:40:00,2897,2897,2895,2895,651,706622,706549
2026-09-24 10:41:00,2895,2895,2894,2895,1190,706549,706893
2026-09-24 10:42:00,2895,2896,2892,2892,1152,706893,707080
2026-09-24 10:43:00,2892,2896,2892,2894,1415,707080,707190
2026-09-24 10:44:00,2894,2896,2894,2895,611,707190,707387
2026-09-24 10:45:00,2895,2895,2890,2892,1868,707387,707274
2026-09-24 10:46:00,2892,2894,2892,2893,848,707274,707099
2026-09-24 10:47:00,2893,2893,2891,2892,1044,707099,707337
2026-09-24 10:48:00,2892,2895,2890,2890,2719,707337,707989
2026-09-24 10:49:00,2890,2892,2890,2891,919,707989,708154
2026-09-24 10:50:00,2891,2895,2891,2894,1244,708154,708627
2026-09-24 10:51:00,2894,2894,2890,2890,1021,708627,708816
2026-09-24 10:52:00,2890,2894,2890,2893,1137,708816,708998
2026-09-24 10:53:00,2893,2895,2892,2895,980,708998,708906
2026-09-24 10:54:00,2895,2895,2894,2894,1269,708906,708816
2026-09-24 10:55:00,2894,2898,2893,2898,1690,708816,708680
2026-09-24 10:56:00,2898,2899,2897,2897,1575,708680,708857
2026-09-24 10:57:00,2897,2900,2897,2899,2155,708857,708331
2026-09-24 10:58:00,2899,2900,2897,2897,1385,708331,708678
2026-09-24 10:59:00,2897,2900,2896,2896,3080,708678,709568
2026-09-24 11:00:00,2896,2898,2895,2896,972,709568,709560
2026-09-24 11:01:00,2896,2897,2894,2894,1095,709560,709510
2026-09-24 11:02:00,2894,2896,2893,2896,1238,709510,709365
2026-09-24 11:03:00,2896,2896,2894,2894,1047,709365,709496
2026-09-24 11:04:00,2894,2900,2894,2898,2743,709496,710473
2026-09-24 11:05:00,2898,2899,2895,2896,847,710473,710339
2026-09-24 11:06:00,2896,2898,2895,2898,1262,710339,710523
2026-09-24 11:07:00,2898,2898,2897,2897,441,710523,710494
2026-09-24 11:08:00,2897,2899,2896,2898,1867,710494,711118
2026-09-24 11:09:00,2898,2900,2897,2900,2067,711118,712183
2026-09-24 11:10:00,2900,2903,2900,2901,2804,712183,712135
2026-09-24 11:11:00,2901,2902,2899,2902,1273,712135,712182
2026-09-24 11:12:00,2902,2903,2900,2900,1252,712182,712382
2026-09-24 11:13:00,2900,2901,2899,2901,1258,712382,712755
2026-09-24 11:14:00,2901,2901,2899,2899,1014,712755,712889
2026-09-24 11:15:00,2899,2901,2898,2901,1216,712889,712896
2026-09-24 11:16:00,2901,2901,2896,2898,1870,712896,712976
2026-09-24 11:17:00,2898,2899,2897,2897,513,712976,713001
2026-09-24 11:18:00,2897,2897,2895,2895,1541,713001,712933
2026-09-24 11:19:00,2895,2898,2895,2898,1219,712933,713421
2026-09-24 11:20:00,2898,2900,2898,2900,1464,713421,713517
2026-09-24 11:21:00,2900,2902,2900,2901,1468,713517,713454
2026-09-24 11:22:00,2901,2902,2898,2899,1477,713454,713665
2026-09-24 11:23:00,2899,2901,2898,2900,1584,713665,714040
2026-09-24 11:24:00,2900,2902,2899,2899,1766,714040,714380
2026-09-24 11:25:00,2899,2900,2897,2899,1114,714380,714429
2026-09-24 11:26:00,2899,2899,2897,2897,1047,714429,714689
2026-09-24 11:27:00,2897,2897,2896,2897,1046,714689,714496
2026-09-24 11:28:00,2897,2898,2896,2897,756,714496,714341
2026-09-24 11:29:00,2897,2900,2896,2898,2204,714341,714037
2026-09-24 13:30:00,2901,2903,2897,2901,5686,714037,715030
2026-09-24 13:31:00,2901,2908,2901,2908,4349,715030,715560
2026-09-24 13:32:00,2908,2914,2907,2909,9683,715560,716481
2026-09-24 13:33:00,2909,2910,2908,2909,1936,716481,716977
2026-09-24 13:34:00,2909,2911,2908,2908,2302,716977,717428
2026-09-24 13:35:00,2908,2918,2908,2917,5663,717428,717665
2026-09-24 13:36:00,2917,2926,2917,2923,12510,717665,717704
2026-09-24 13:37:00,2923,2928,2921,2927,6466,717704,717825
2026-09-24 13:38:00,2927,2937,2926,2933,10317,717825,717430
2026-09-24 13:39:00,2933,2935,2931,2935,5886,717430,718417
2026-09-24 13:40:00,2935,2938,2928,2928,7192,718417,718025
2026-09-24 13:41:00,2928,2931,2927,2930,3507,718025,718423
2026-09-24 13:42:00,2930,2931,2927,2930,4188,718423,717941
2026-09-24 13:43:00,2930,2932,2929,2931,3475,717941,718055
2026-09-24 13:44:00,2931,2934,2927,2927,4718,718055,717714
2026-09-24 13:45:00,2927,2929,2922,2923,4510,717714,716893
2026-09-24 13:46:00,2923,2926,2922,2923,4756,716893,717377
2026-09-24 13:47:00,2923,2926,2922,2924,3760,717377,717106
2026-09-24 13:48:00,2924,2925,2921,2921,4246,717106,715923
2026-09-24 13:49:00,2921,2923,2918,2919,3675,715923,715173
2026-09-24 13:50:00,2919,2922,2918,2921,3203,715173,714786
2026-09-24 13:51:00,2921,2921,2918,2920,3446,714786,714276
2026-09-24 13:52:00,2920,2922,2915,2916,4440,714276,715180
2026-09-24 13:53:00,2916,2918,2915,2917,2241,715180,715340
2026-09-24 13:54:00,2917,2922,2916,2921,4611,715340,714671
2026-09-24 13:55:00,2921,2924,2919,2920,4469,714671,714684
2026-09-24 13:56:00,2920,2923,2919,2922,1250,714684,714712
2026-09-24 13:57:00,2922,2924,2920,2924,1856,714712,714319
2026-09-24 13:58:00,2924,2925,2920,2920,1799,714319,714125
2026-09-24 13:59:00,2920,2921,2916,2917,4054,714125,714339
2026-09-24 14:00:00,2917,2918,2913,2918,4421,714339,714529
2026-09-24 14:01:00,2918,2919,2917,2919,1820,714529,714889
2026-09-24 14:02:00,2919,2919,2916,2917,1303,714889,715076
2026-09-24 14:03:00,2917,2918,2915,2916,886,715076,714978
2026-09-24 14:04:00,2916,2918,2916,2917,1163,714978,714655
2026-09-24 14:05:00,2917,2918,2915,2915,1178,714655,714547
2026-09-24 14:06:00,2915,2916,2913,2915,1764,714547,714073
2026-09-24 14:07:00,2915,2917,2914,2916,1344,714073,713808
2026-09-24 14:08:00,2916,2916,2911,2911,2618,713808,712884
2026-09-24 14:09:00,2911,2914,2910,2913,2952,712884,711988
2026-09-24 14:10:00,2913,2915,2911,2911,2255,711988,711072
2026-09-24 14:11:00,2911,2913,2910,2913,2683,711072,709685
2026-09-24 14:12:00,2913,2916,2912,2913,3077,709685,709332
2026-09-24 14:13:00,2913,2914,2912,2913,2292,709332,708729
2026-09-24 14:14:00,2913,2918,2912,2918,2843,708729,707526
2026-09-24 14:15:00,2918,2923,2918,2923,5095,707526,707085
2026-09-24 14:16:00,2923,2924,2921,2922,3164,707085,706161
2026-09-24 14:17:00,2922,2923,2920,2921,1174,706161,706351
2026-09-24 14:18:00,2921,2921,2918,2918,1598,706351,705911
2026-09-24 14:19:00,2918,2922,2917,2922,1870,705911,705898
2026-09-24 14:20:00,2922,2927,2922,2926,4750,705898,705482
2026-09-24 14:21:00,2926,2931,2926,2929,5296,705482,705475
2026-09-24 14:22:00,2929,2934,2927,2933,4620,705475,705649
2026-09-24 14:23:00,2933,2935,2932,2933,3640,705649,705984
2026-09-24 14:24:00,2933,2933,2930,2930,3101,705984,706334
2026-09-24 14:25:00,2930,2934,2928,2934,4608,706334,707090
2026-09-24 14:26:00,2934,2940,2934,2936,7090,707090,706072
2026-09-24 14:27:00,2936,2939,2934,2939,3449,706072,706469
2026-09-24 14:28:00,2939,2942,2938,2938,4896,706469,707174
2026-09-24 14:29:00,2938,2941,2938,2938,3614,707174,707915
2026-09-24 14:30:00,2938,2941,2935,2935,4144,707915,709022
2026-09-24 14:31:00,2935,2939,2935,2936,2121,709022,709707
2026-09-24 14:32:00,2936,2939,2935,2939,2123,709707,710400
2026-09-24 14:33:00,2939,2941,2937,2938,3004,710400,710635
2026-09-24 14:34:00,2938,2941,2936,2937,2839,710635,711336
2026-09-24 14:35:00,2937,2939,2936,2936,2248,711336,711379
2026-09-24 14:36:00,2936,2936,2933,2936,4352,711379,712124
2026-09-24 14:37:00,2936,2938,2936,2938,1753,712124,712094
2026-09-24 14:38:00,2938,2938,2936,2938,2257,712094,712715
2026-09-24 14:39:00,2938,2939,2936,2937,1945,712715,713196
2026-09-24 14:40:00,2937,2939,2935,2935,1950,713196,713377
2026-09-24 14:41:00,2935,2939,2935,2938,2446,713377,713525
2026-09-24 14:42:00,2938,2940,2937,2937,1412,713525,713446
2026-09-24 14:43:00,2937,2939,2937,2938,1241,713446,713092
2026-09-24 14:44:00,2938,2939,2935,2938,3014,713092,712496
2026-09-24 14:45:00,2938,2940,2937,2939,2235,712496,711926
2026-09-24 14:46:00,2939,2947,2938,2944,7045,711926,711018
2026-09-24 14:47:00,2944,2952,2944,2948,8539,711018,710586
2026-09-24 14:48:00,2948,2955,2947,2953,5274,710586,711516
2026-09-24 14:49:00,2953,2953,2949,2950,3804,711516,711279
2026-09-24 14:50:00,2950,2950,2944,2944,3978,711279,711346
2026-09-24 14:51:00,2944,2947,2944,2946,1531,711346,711182
2026-09-24 14:52:00,2946,2948,2946,2948,1482,711182,711597
2026-09-24 14:53:00,2948,2950,2947,2949,1847,711597,711631
2026-09-24 14:54:00,2949,2950,2945,2946,3546,711631,710383
2026-09-24 14:55:00,2946,2950,2945,2949,3539,710383,709678
2026-09-24 14:56:00,2949,2950,2948,2950,2412,709678,708870
2026-09-24 14:57:00,2950,2956,2949,2955,5302,708870,708840
2026-09-24 14:58:00,2955,2962,2953,2960,7340,708840,708519
2026-09-24 14:59:00,2960,2963,2958,2960,7462,708519,706693
2026-09-28 09:00:00,2965,2965,2936,2938,24229,706693,708828
2026-09-28 09:01:00,2938,2942,2929,2931,14240,708828,708265
2026-09-28 09:02:00,2931,2934,2928,2930,9455,708265,707979
2026-09-28 09:03:00,2930,2932,2921,2922,9754,707979,708267
2026-09-28 09:04:00,2922,2928,2918,2922,6933,708267,708452
2026-09-28 09:05:00,2922,2930,2922,2926,6578,708452,708793
2026-09-28 09:06:00,2926,2930,2924,2928,6475,708793,708800
2026-09-28 09:07:00,2928,2932,2924,2924,6134,708800,709408
2026-09-28 09:08:00,2924,2929,2923,2928,3178,709408,709135
2026-09-28 09:09:00,2928,2929,2924,2925,5197,709135,709033
2026-09-28 09:10:00,2925,2930,2924,2925,6258,709033,708587
2026-09-28 09:11:00,2925,2926,2920,2921,5939,708587,709047
2026-09-28 09:12:00,2921,2924,2916,2917,5868,709047,707899
2026-09-28 09:13:00,2917,2920,2916,2920,3901,707899,708114
2026-09-28 09:14:00,2920,2923,2919,2923,3024,708114,708350
2026-09-28 09:15:00,2923,2924,2918,2919,4064,708350,708579
2026-09-28 09:16:00,2919,2920,2915,2916,3200,708579,708424
2026-09-28 09:17:00,2916,2919,2913,2914,5388,708424,708711
2026-09-28 09:18:00,2914,2922,2913,2920,4674,708711,708060
2026-09-28 09:19:00,2920,2924,2916,2917,4890,708060,708193
2026-09-28 09:20:00,2917,2924,2917,2921,3630,708193,708092
2026-09-28 09:21:00,2921,2923,2919,2921,2864,708092,708478
2026-09-28 09:22:00,2921,2926,2920,2925,3423,708478,707737
2026-09-28 09:23:00,2925,2928,2924,2928,3598,707737,707445
2026-09-28 09:24:00,2928,2928,2920,2923,4159,707445,707049
2026-09-28 09:25:00,2923,2924,2919,2921,1658,707049,706926
2026-09-28 09:26:00,2921,2926,2920,2926,2609,706926,706697
2026-09-28 09:27:00,2926,2933,2926,2931,5760,706697,705354
2026-09-28 09:28:00,2931,2931,2926,2927,2276,705354,705683
2026-09-28 09:29:00,2927,2927,2924,2926,1633,705683,705534
2026-09-28 09:30:00,2926,2927,2923,2925,2190,705534,705358
2026-09-28 09:31:00,2925,2927,2925,2927,1956,705358,705049
2026-09-28 09:32:00,2927,2927,2920,2922,2974,705049,704895
2026-09-28 09:33:00,2922,2923,2915,2915,4985,704895,704246
2026-09-28 09:34:00,2915,2915,2907,2912,6465,704246,704080
2026-09-28 09:35:00,2912,2915,2909,2910,4630,704080,703807
2026-09-28 09:36:00,2910,2916,2909,2916,2750,703807,703075
2026-09-28 09:37:00,2916,2916,2912,2914,2000,703075,702742
2026-09-28 09:38:00,2914,2915,2912,2913,1088,702742,702822
2026-09-28 09:39:00,2913,2916,2913,2913,1589,702822,702608
2026-09-28 09:40:00,2913,2915,2913,2914,928,702608,702555
2026-09-28 09:41:00,2914,2916,2914,2914,1092,702555,702444
2026-09-28 09:42:00,2914,2915,2913,2914,1112,702444,702323
2026-09-28 09:43:00,2914,2914,2910,2910,1673,702323,702242
2026-09-28 09:44:00,2910,2915,2910,2914,2084,702242,702225
2026-09-28 09:45:00,2914,2916,2911,2915,2361,702225,701767
2026-09-28 09:46:00,2915,2919,2915,2919,2489,701767,701675
2026-09-28 09:47:00,2919,2920,2914,2916,2155,701675,701623
2026-09-28 09:48:00,2916,2919,2913,2919,1434,701623,701311
2026-09-28 09:49:00,2919,2919,2915,2915,1015,701311,701357
2026-09-28 09:50:00,2915,2919,2915,2915,1376,701357,701385
2026-09-28 09:51:00,2915,2917,2913,2916,1669,701385,701205
2026-09-28 09:52:00,2916,2916,2912,2914,1261,701205,701313
2026-09-28 09:53:00,2914,2921,2911,2921,3389,701313,701010
2026-09-28 09:54:00,2921,2922,2920,2922,2848,701010,700269
2026-09-28 09:55:00,2922,2923,2920,2923,2367,700269,700586
2026-09-28 09:56:00,2923,2927,2922,2926,4429,700586,700564
2026-09-28 09:57:00,2926,2926,2920,2922,3014,700564,701016
2026-09-28 09:58:00,2922,2922,2917,2921,1852,701016,700930
2026-09-28 09:59:00,2921,2922,2919,2920,1479,700930,701134
2026-09-28 10:00:00,2920,2922,2918,2921,1916,701134,701386
2026-09-28 10:01:00,2921,2928,2921,2925,3758,701386,701936
2026-09-28 10:02:00,2925,2927,2923,2927,1528,701936,701678
2026-09-28 10:03:00,2927,2929,2924,2924,1847,701678,701543
2026-09-28 10:04:00,2924,2925,2922,2922,583,701543,701597
2026-09-28 10:05:00,2922,2927,2921,2926,1966,701597,701580
2026-09-28 10:06:00,2926,2936,2926,2932,5579,701580,700371
2026-09-28 10:07:00,2932,2945,2932,2944,8316,700371,699453
2026-09-28 10:08:00,2944,2947,2939,2940,6640,699453,698541
2026-09-28 10:09:00,2940,2940,2937,2939,3049,698541,698431
2026-09-28 10:10:00,2939,2940,2934,2936,3406,698431,698764
2026-09-28 10:11:00,2936,2939,2935,2937,2148,698764,699048
2026-09-28 10:12:00,2937,2939,2937,2938,1078,699048,699207
2026-09-28 10:13:00,2938,2938,2936,2937,980,699207,699288
2026-09-28 10:14:00,2937,2938,2936,2937,2149,699288,699337
2026-09-28 10:30:00,2934,2943,2931,2941,5774,699337,700309
2026-09-28 10:31:00,2941,2942,2936,2938,1809,700309,700832
2026-09-28 10:32:00,2938,2940,2937,2939,1273,700832,701134
2026-09-28 10:33:00,2939,2939,2927,2927,3847,701134,701161
2026-09-28 10:34:00,2927,2931,2927,2929,2578,701161,701228
2026-09-28 10:35:00,2929,2930,2925,2925,2386,701228,701056
2026-09-28 10:36:00,2925,2928,2924,2928,2438,701056,700996
2026-09-28 10:37:00,2928,2931,2926,2927,1687,700996,700977
2026-09-28 10:38:00,2927,2929,2926,2928,1286,700977,701240
2026-09-28 10:39:00,2928,2930,2927,2930,1521,701240,701485
2026-09-28 10:40:00,2930,2931,2926,2930,1401,701485,701433
2026-09-28 10:41:00,2930,2930,2929,2929,533,701433,701342
2026-09-28 10:42:00,2929,2930,2924,2924,1595,701342,701435
2026-09-28 10:43:00,2924,2926,2923,2924,1586,701435,701535
2026-09-28 10:44:00,2924,2925,2921,2921,2580,701535,701098
2026-09-28 10:45:00,2921,2925,2921,2923,2405,701098,700974
2026-09-28 10:46:00,2923,2927,2922,2925,1619,700974,701280
2026-09-28 10:47:00,2925,2927,2922,2923,829,701280,701474
2026-09-28 10:48:00,2923,2931,2923,2930,1474,701474,701586
2026-09-28 10:49:00,2930,2934,2930,2933,2531,701586,701908
2026-09-28 10:50:00,2933,2933,2928,2929,1128,701908,701968
2026-09-28 10:51:00,2929,2929,2927,2927,1040,701968,702109
2026-09-28 10:52:00,2927,2930,2927,2928,1155,702109,702369
2026-09-28 10:53:00,2928,2929,2926,2926,708,702369,702185
2026-09-28 10:54:00,2926,2929,2926,2929,707,702185,702177
2026-09-28 10:55:00,2929,2933,2928,2932,1229,702177,702152
2026-09-28 10:56:00,2932,2933,2930,2932,841,702152,702198
2026-09-28 10:57:00,2932,2933,2929,2932,1503,702198,702541
2026-09-28 10:58:00,2932,2932,2928,2928,1224,702541,702233
2026-09-28 10:59:00,2928,2929,2925,2927,1422,702233,702112
2026-09-28 11:00:00,2927,2930,2926,2929,876,702112,701897
2026-09-28 11:01:00,2929,2930,2928,2929,1209,701897,702275
2026-09-28 11:02:00,2929,2930,2924,2924,2674,702275,702502
2026-09-28 11:03:00,2924,2927,2923,2926,1697,702502,702353
2026-09-28 11:04:00,2926,2927,2925,2926,769,702353,702100
2026-09-28 11:05:00,2926,2927,2924,2925,1304,702100,701798
2026-09-28 11:06:00,2925,2925,2918,2921,4770,701798,700829
2026-09-28 11:07:00,2921,2925,2920,2925,1742,700829,700701
2026-09-28 11:08:00,2925,2925,2923,2924,880,700701,700493
2026-09-28 11:09:00,2924,2924,2920,2922,992,700493,700342
2026-09-28 11:10:00,2922,2925,2921,2922,1501,700342,700131
2026-09-28 11:11:00,2922,2927,2922,2926,1449,700131,699722
2026-09-28 11:12:00,2926,2927,2923,2924,852,699722,699440
2026-09-28 11:13:00,2924,2926,2921,2925,1098,699440,698994
2026-09-28 11:14:00,2925,2927,2925,2925,793,698994,698812
2026-09-28 11:15:00,2925,2927,2922,2922,1501,698812,698527
2026-09-28 11:16:00,2922,2925,2922,2923,1517,698527,698060
2026-09-28 11:17:00,2923,2924,2921,2924,987,698060,697853
2026-09-28 11:18:00,2924,2924,2921,2923,1121,697853,697715
2026-09-28 11:19:00,2923,2924,2919,2919,3143,697715,697664
2026-09-28 11:20:00,2919,2921,2917,2919,3127,697664,697393
2026-09-28 11:21:00,2919,2920,2918,2919,1205,697393,697314
2026-09-28 11:22:00,2919,2922,2918,2921,1984,697314,697144
2026-09-28 11:23:00,2921,2922,2920,2921,1037,697144,697119
2026-09-28 11:24:00,2921,2924,2921,2924,902,697119,696800
2026-09-28 11:25:00,2924,2924,2922,2922,886,696800,696642
2026-09-28 11:26:00,2922,2926,2922,2925,1254,696642,696343
2026-09-28 11:27:00,2925,2926,2923,2924,844,696343,696206
2026-09-28 11:28:00,2924,2926,2923,2925,998,696206,696099
2026-09-28 11:29:00,2925,2927,2924,2926,1276,696099,695474
2026-09-28 13:30:00,2940,2946,2938,2940,16572,695474,693367
2026-09-28 13:31:00,2940,2943,2936,2943,6176,693367,694290
2026-09-28 13:32:00,2943,2947,2941,2943,6331,694290,694753
2026-09-28 13:33:00,2943,2945,2942,2945,3182,694753,694985
2026-09-28 13:34:00,2945,2949,2941,2949,5123,694985,695213
2026-09-28 13:35:00,2949,2951,2944,2946,4237,695213,695236
2026-09-28 13:36:00,2946,2951,2946,2950,2960,695236,696132
2026-09-28 13:37:00,2950,2953,2947,2948,4317,696132,696237
2026-09-28 13:38:00,2948,2950,2945,2947,2979,696237,696458
2026-09-28 13:39:00,2947,2948,2946,2946,1704,696458,696729
2026-09-28 13:40:00,2946,2952,2945,2951,2699,696729,697184
2026-09-28 13:41:00,2951,2958,2951,2957,5577,697184,698130
2026-09-28 13:42:00,2957,2967,2956,2963,10822,698130,697012
2026-09-28 13:43:00,2963,2964,2961,2962,4203,697012,697484
2026-09-28 13:44:00,2962,2964,2960,2964,2405,697484,698109
2026-09-28 13:45:00,2964,2965,2961,2963,3797,698109,698567
2026-09-28 13:46:00,2963,2965,2958,2959,4113,698567,698505
2026-09-28 13:47:00,2959,2960,2956,2957,3594,698505,699035
2026-09-28 13:48:00,2957,2957,2952,2953,3875,699035,699296
2026-09-28 13:49:00,2953,2955,2953,2954,2344,699296,699624
2026-09-28 13:50:00,2954,2956,2952,2954,1769,699624,699751
2026-09-28 13:51:00,2954,2956,2953,2954,1589,699751,699702
2026-09-28 13:52:00,2954,2954,2952,2953,1729,699702,699617
2026-09-28 13:53:00,2953,2957,2953,2957,1407,699617,699657
2026-09-28 13:54:00,2957,2957,2952,2955,2068,699657,699794
2026-09-28 13:55:00,2955,2958,2954,2957,1454,699794,699907
2026-09-28 13:56:00,2957,2957,2953,2954,2329,699907,699514
2026-09-28 13:57:00,2954,2956,2953,2955,1176,699514,699561
2026-09-28 13:58:00,2955,2956,2953,2955,2103,699561,700000
2026-09-28 13:59:00,2955,2959,2954,2954,3344,700000,700786
2026-09-28 14:00:00,2954,2955,2948,2949,5426,700786,699994
2026-09-28 14:01:00,2949,2949,2945,2948,3358,699994,699451
2026-09-28 14:02:00,2948,2952,2946,2952,2264,699451,699847
2026-09-28 14:03:00,2952,2953,2950,2952,1019,699847,699989
2026-09-28 14:04:00,2952,2953,2950,2951,1040,699989,700190
2026-09-28 14:05:00,2951,2955,2951,2952,1710,700190,700075
2026-09-28 14:06:00,2952,2953,2951,2951,1311,700075,700294
2026-09-28 14:07:00,2951,2953,2949,2949,1306,700294,700050
2026-09-28 14:08:00,2949,2950,2947,2947,1857,700050,699744
2026-09-28 14:09:00,2947,2949,2946,2946,1538,699744,699560
2026-09-28 14:10:00,2946,2946,2943,2943,3020,699560,699427
2026-09-28 14:11:00,2943,2944,2939,2942,4451,699427,699123
2026-09-28 14:12:00,2942,2943,2938,2939,2741,699123,699405
2026-09-28 14:13:00,2939,2942,2937,2940,2296,699405,699282
2026-09-28 14:14:00,2940,2943,2939,2941,2146,699282,698810
2026-09-28 14:15:00,2941,2942,2940,2940,1692,698810,698703
2026-09-28 14:16:00,2940,2941,2938,2939,1624,698703,698805
2026-09-28 14:17:00,2939,2941,2937,2940,2148,698805,699178
2026-09-28 14:18:00,2940,2944,2940,2943,2116,699178,699120
2026-09-28 14:19:00,2943,2944,2942,2943,1115,699120,699336
2026-09-28 14:20:00,2943,2945,2943,2945,1581,699336,699321
2026-09-28 14:21:00,2945,2947,2944,2947,1372,699321,699119
2026-09-28 14:22:00,2947,2949,2946,2947,2167,699119,699178
2026-09-28 14:23:00,2947,2949,2945,2945,1604,699178,699268
2026-09-28 14:24:00,2945,2947,2944,2945,920,699268,699367
2026-09-28 14:25:00,2945,2947,2943,2947,1426,699367,699438
2026-09-28 14:26:00,2947,2947,2943,2944,1997,699438,699360
2026-09-28 14:27:00,2944,2945,2943,2944,844,699360,699325
2026-09-28 14:28:00,2944,2945,2942,2944,1277,699325,699446
2026-09-28 14:29:00,2944,2945,2943,2945,821,699446,699582
2026-09-28 14:30:00,2945,2946,2944,2946,879,699582,699639
2026-09-28 14:31:00,2946,2946,2943,2945,1022,699639,699689
2026-09-28 14:32:00,2945,2947,2944,2945,1271,699689,699583
2026-09-28 14:33:00,2945,2947,2944,2945,1079,699583,699396
2026-09-28 14:34:00,2945,2946,2944,2946,755,699396,699403
2026-09-28 14:35:00,2946,2946,2943,2943,777,699403,699237
2026-09-28 14:36:00,2943,2945,2941,2944,2321,699237,698634
2026-09-28 14:37:00,2944,2945,2943,2944,370,698634,698537
2026-09-28 14:38:00,2944,2944,2940,2941,1412,698537,698134
2026-09-28 14:39:00,2941,2943,2940,2943,1792,698134,698112
2026-09-28 14:40:00,2943,2943,2939,2941,1247,698112,698164
2026-09-28 14:41:00,2941,2943,2940,2941,890,698164,698099
2026-09-28 14:42:00,2941,2942,2940,2941,1195,698099,698349
2026-09-28 14:43:00,2941,2945,2940,2944,1743,698349,698126
2026-09-28 14:44:00,2944,2945,2941,2943,1158,698126,698322
2026-09-28 14:45:00,2943,2943,2941,2941,1143,698322,698692
2026-09-28 14:46:00,2941,2944,2941,2944,1855,698692,699261
2026-09-28 14:47:00,2944,2945,2943,2944,1561,699261,699527
2026-09-28 14:48:00,2944,2946,2944,2945,1842,699527,699807
2026-09-28 14:49:00,2945,2945,2943,2943,1216,699807,699930
2026-09-28 14:50:00,2943,2944,2941,2942,1484,699930,699848
2026-09-28 14:51:00,2942,2942,2940,2941,2074,699848,699438
2026-09-28 14:52:00,2941,2942,2941,2941,1916,699438,699586
2026-09-28 14:53:00,2941,2942,2939,2940,2850,699586,699712
2026-09-28 14:54:00,2940,2942,2939,2941,1318,699712,699390
2026-09-28 14:55:00,2941,2941,2938,2940,2331,699390,698792
2026-09-28 14:56:00,2940,2940,2939,2940,1421,698792,698083
2026-09-28 14:57:00,2940,2941,2939,2941,1891,698083,697333
2026-09-28 14:58:00,2941,2942,2940,2941,3141,697333,696493
2026-09-28 14:59:00,2941,2941,2940,2941,3100,696493,695123
2026-09-28 21:00:00,2941,2955,2936,2952,18032,695123,697797
2026-09-28 21:01:00,2952,2953,2949,2950,5571,697797,698329
2026-09-28 21:02:00,2950,2952,2949,2949,4707,698329,698485
2026-09-28 21:03:00,2949,2951,2946,2950,3418,698485,698241
2026-09-28 21:04:00,2950,2955,2950,2955,3550,698241,698308
2026-09-28 21:05:00,2955,2956,2949,2949,4123,698308,698942
2026-09-28 21:06:00,2949,2951,2946,2948,2721,698942,698631
2026-09-28 21:07:00,2948,2948,2939,2940,6549,698631,698212
2026-09-28 21:08:00,2940,2944,2939,2942,3009,698212,697992
2026-09-28 21:09:00,2942,2945,2940,2941,5433,697992,697645
2026-09-28 21:10:00,2941,2942,2939,2941,5207,697645,698840
2026-09-28 21:11:00,2941,2942,2939,2940,2511,698840,698684
2026-09-28 21:12:00,2940,2941,2938,2940,2383,698684,698990
2026-09-28 21:13:00,2940,2942,2935,2940,4440,698990,699217
2026-09-28 21:14:00,2940,2945,2940,2944,2865,699217,699189
2026-09-28 21:15:00,2944,2944,2933,2938,4847,699189,699543
2026-09-28 21:16:00,2938,2940,2935,2938,3921,699543,700621
2026-09-28 21:17:00,2938,2941,2937,2938,2335,700621,700758
2026-09-28 21:18:00,2938,2943,2938,2943,2526,700758,701020
2026-09-28 21:19:00,2943,2943,2938,2940,1545,701020,701018
2026-09-28 21:20:00,2940,2944,2940,2943,1803,701018,701535
2026-09-28 21:21:00,2943,2945,2942,2944,2152,701535,701729
2026-09-28 21:22:00,2944,2948,2944,2947,2924,701729,702053
2026-09-28 21:23:00,2947,2948,2943,2943,2646,702053,702301
2026-09-28 21:24:00,2943,2945,2942,2942,3210,702301,703187
2026-09-28 21:25:00,2942,2947,2942,2945,1436,703187,703193
2026-09-28 21:26:00,2945,2946,2943,2945,1107,703193,703351
2026-09-28 21:27:00,2945,2948,2944,2947,2214,703351,703840
2026-09-28 21:28:00,2947,2949,2947,2947,1739,703840,703900
2026-09-28 21:29:00,2947,2950,2945,2950,2093,703900,704049
2026-09-28 21:30:00,2950,2950,2945,2949,1396,704049,704069
2026-09-28 21:31:00,2949,2952,2948,2951,2412,704069,704482
2026-09-28 21:32:00,2951,2953,2948,2949,2659,704482,704422
2026-09-28 21:33:00,2949,2953,2949,2953,1474,704422,704959
2026-09-28 21:34:00,2953,2953,2951,2951,1535,704959,704893
2026-09-28 21:35:00,2951,2953,2949,2951,2050,704893,705031
2026-09-28 21:36:00,2951,2958,2951,2953,3591,705031,705274
2026-09-28 21:37:00,2953,2954,2950,2952,2100,705274,704920
2026-09-28 21:38:00,2952,2952,2949,2950,2589,704920,705301
2026-09-28 21:39:00,2950,2955,2950,2953,2224,705301,705320
2026-09-28 21:40:00,2953,2954,2951,2952,633,705320,705380
2026-09-28 21:41:00,2952,2955,2951,2954,1848,705380,705442
2026-09-28 21:42:00,2954,2955,2951,2955,1425,705442,705491
2026-09-28 21:43:00,2955,2956,2954,2955,2186,705491,705707
2026-09-28 21:44:00,2955,2955,2953,2954,1133,705707,705594
2026-09-28 21:45:00,2954,2956,2952,2952,1631,705594,705861
2026-09-28 21:46:00,2952,2958,2952,2956,2342,705861,705799
2026-09-28 21:47:00,2956,2957,2952,2954,2827,705799,705905
2026-09-28 21:48:00,2954,2955,2950,2950,2888,705905,706183
2026-09-28 21:49:00,2950,2953,2947,2951,3217,706183,706255
2026-09-28 21:50:00,2951,2952,2948,2951,1879,706255,706530
2026-09-28 21:51:00,2951,2954,2950,2954,3253,706530,707700
2026-09-28 21:52:00,2954,2955,2951,2952,959,707700,707870
2026-09-28 21:53:00,2952,2953,2951,2952,741,707870,707850
2026-09-28 21:54:00,2952,2956,2951,2952,2100,707850,707797
2026-09-28 21:55:00,2952,2953,2949,2951,1764,707797,707761
2026-09-28 21:56:00,2951,2955,2951,2953,951,707761,707953
2026-09-28 21:57:00,2953,2955,2951,2951,906,707953,707968
2026-09-28 21:58:00,2951,2952,2947,2948,2307,707968,707784
2026-09-28 21:59:00,2948,2949,2944,2946,2941,707784,707682
2026-09-28 22:00:00,2946,2948,2945,2946,2273,707682,707253
2026-09-28 22:01:00,2946,2946,2944,2945,2031,707253,707300
2026-09-28 22:02:00,2945,2946,2943,2946,1761,707300,707441
2026-09-28 22:03:00,2946,2949,2944,2947,1548,707441,707316
2026-09-28 22:04:00,2947,2952,2947,2949,1709,707316,707318
2026-09-28 22:05:00,2949,2951,2947,2950,1178,707318,707499
2026-09-28 22:06:00,2950,2951,2947,2948,1141,707499,707407
2026-09-28 22:07:00,2948,2952,2947,2950,1285,707407,707428
2026-09-28 22:08:00,2950,2951,2948,2950,910,707428,707472
2026-09-28 22:09:00,2950,2950,2949,2950,692,707472,707623
2026-09-28 22:10:00,2950,2953,2949,2951,1883,707623,707492
2026-09-28 22:11:00,2951,2953,2951,2952,1308,707492,707687
2026-09-28 22:12:00,2952,2955,2951,2954,3762,707687,707946
2026-09-28 22:13:00,2954,2954,2951,2953,1593,707946,708329
2026-09-28 22:14:00,2953,2957,2952,2952,4980,708329,708286
2026-09-28 22:15:00,2952,2956,2950,2950,3642,708286,708805
2026-09-28 22:16:00,2950,2951,2948,2949,2209,708805,708714
2026-09-28 22:17:00,2949,2949,2944,2945,3228,708714,708552
2026-09-28 22:18:00,2945,2948,2944,2948,2225,708552,708689
2026-09-28 22:19:00,2948,2948,2944,2945,2614,708689,709501
2026-09-28 22:20:00,2945,2947,2945,2945,2246,709501,709425
2026-09-28 22:21:00,2945,2946,2941,2943,4089,709425,708379
2026-09-28 22:22:00,2943,2943,2935,2935,4112,708379,707638
2026-09-28 22:23:00,2935,2938,2935,2938,2505,707638,707737
2026-09-28 22:24:00,2938,2939,2935,2935,2523,707737,707529
2026-09-28 22:25:00,2935,2935,2931,2934,4114,707529,707302
2026-09-28 22:26:00,2934,2934,2932,2933,2688,707302,707928
2026-09-28 22:27:00,2933,2934,2930,2931,3456,707928,707370
2026-09-28 22:28:00,2931,2935,2931,2934,2057,707370,707427
2026-09-28 22:29:00,2934,2937,2934,2935,2708,707427,707495
2026-09-28 22:30:00,2935,2937,2933,2934,2036,707495,707777
2026-09-28 22:31:00,2934,2936,2933,2933,1621,707777,707616
2026-09-28 22:32:00,2933,2935,2932,2935,1822,707616,707383
2026-09-28 22:33:00,2935,2937,2934,2937,2265,707383,707673
2026-09-28 22:34:00,2937,2938,2935,2935,2362,707673,708041
2026-09-28 22:35:00,2935,2938,2935,2937,1143,708041,707798
2026-09-28 22:36:00,2937,2938,2934,2935,2231,707798,707113
2026-09-28 22:37:00,2935,2937,2933,2935,1804,707113,706584
2026-09-28 22:38:00,2935,2936,2934,2936,867,706584,706637
2026-09-28 22:39:00,2936,2938,2935,2937,1396,706637,706444
2026-09-28 22:40:00,2937,2939,2936,2938,1335,706444,706433
2026-09-28 22:41:00,2938,2939,2937,2938,1290,706433,706537
2026-09-28 22:42:00,2938,2940,2937,2940,1648,706537,706572
2026-09-28 22:43:00,2940,2941,2938,2940,1698,706572,706705
2026-09-28 22:44:00,2940,2942,2939,2942,1577,706705,706676
2026-09-28 22:45:00,2942,2947,2941,2946,3283,706676,706416
2026-09-28 22:46:00,2946,2950,2946,2948,3785,706416,705990
2026-09-28 22:47:00,2948,2950,2947,2950,1477,705990,705837
2026-09-28 22:48:00,2950,2954,2949,2953,3610,705837,705597
2026-09-28 22:49:00,2953,2954,2951,2953,3679,705597,705322
2026-09-28 22:50:00,2953,2953,2945,2946,4389,705322,704928
2026-09-28 22:51:00,2946,2951,2945,2951,2725,704928,705043
2026-09-28 22:52:00,2951,2951,2948,2950,1590,705043,705093
2026-09-28 22:53:00,2950,2952,2949,2952,2260,705093,705087
2026-09-28 22:54:00,2952,2953,2951,2952,1047,705087,705098
2026-09-28 22:55:00,2952,2958,2952,2957,4112,705098,705267
2026-09-28 22:56:00,2957,2958,2956,2957,2089,705267,705598
2026-09-28 22:57:00,2957,2964,2957,2963,6360,705598,706118
2026-09-28 22:58:00,2963,2968,2960,2961,5805,706118,706126
2026-09-28 22:59:00,2961,2964,2959,2962,4846,706126,704491
2026-09-29 09:00:00,2962,2962,2934,2953,13766,704491,704833
2026-09-29 09:01:00,2953,2958,2952,2957,5808,704833,704990
2026-09-29 09:02:00,2957,2957,2954,2954,4474,704990,705772
2026-09-29 09:03:00,2954,2958,2949,2951,6292,705772,707578
2026-09-29 09:04:00,2951,2951,2940,2943,6777,707578,706989
2026-09-29 09:05:00,2943,2944,2938,2939,5072,706989,707551
2026-09-29 09:06:00,2939,2945,2938,2939,5250,707551,707303
2026-09-29 09:07:00,2939,2943,2937,2941,3096,707303,707850
2026-09-29 09:08:00,2941,2944,2939,2940,2869,707850,708401
2026-09-29 09:09:00,2940,2941,2938,2940,4134,708401,708987
2026-09-29 09:10:00,2940,2945,2938,2943,3910,708987,709136
2026-09-29 09:11:00,2943,2944,2939,2943,2398,709136,709424
2026-09-29 09:12:00,2943,2943,2940,2943,2133,709424,709295
2026-09-29 09:13:00,2943,2950,2941,2946,5029,709295,709689
2026-09-29 09:14:00,2946,2948,2946,2947,1628,709689,709796
2026-09-29 09:15:00,2947,2950,2945,2949,2069,709796,710153
2026-09-29 09:16:00,2949,2951,2947,2951,2432,710153,710829
2026-09-29 09:17:00,2951,2954,2948,2953,2395,710829,711080
2026-09-29 09:18:00,2953,2954,2950,2952,1926,711080,711553
2026-09-29 09:19:00,2952,2953,2951,2953,1931,711553,711838
2026-09-29 09:20:00,2953,2954,2948,2949,2033,711838,711837
2026-09-29 09:21:00,2949,2952,2948,2950,1593,711837,712035
2026-09-29 09:22:00,2950,2956,2950,2956,2904,712035,713061
2026-09-29 09:23:00,2956,2958,2954,2954,2954,713061,712920
2026-09-29 09:24:00,2954,2955,2953,2954,1768,712920,713061
2026-09-29 09:25:00,2954,2957,2951,2952,2477,713061,712842
2026-09-29 09:26:00,2952,2953,2950,2953,2224,712842,713214
2026-09-29 09:27:00,2953,2955,2951,2955,1173,713214,713514
2026-09-29 09:28:00,2955,2957,2954,2956,2128,713514,714014
2026-09-29 09:29:00,2956,2956,2952,2953,1409,714014,714162
2026-09-29 09:30:00,2953,2956,2951,2953,1408,714162,714557
2026-09-29 09:31:00,2953,2954,2948,2949,2106,714557,714726
2026-09-29 09:32:00,2949,2950,2946,2946,2854,714726,714703
2026-09-29 09:33:00,2946,2949,2945,2949,1310,714703,714455
2026-09-29 09:34:00,2949,2949,2945,2947,1817,714455,714256
2026-09-29 09:35:00,2947,2950,2946,2949,1640,714256,714420
2026-09-29 09:36:00,2949,2956,2948,2954,3185,714420,714348
2026-09-29 09:37:00,2954,2957,2953,2956,3598,714348,715415
2026-09-29 09:38:00,2956,2964,2956,2960,7606,715415,716614
2026-09-29 09:39:00,2960,2964,2960,2963,3262,716614,716836
2026-09-29 09:40:00,2963,2965,2961,2964,2758,716836,717058
2026-09-29 09:41:00,2964,2964,2959,2960,2489,717058,716995
2026-09-29 09:42:00,2960,2965,2959,2965,2053,716995,717752
2026-09-29 09:43:00,2965,2977,2964,2974,8133,717752,717286
2026-09-29 09:44:00,2974,2975,2969,2970,5931,717286,716862
2026-09-29 09:45:00,2970,2972,2966,2966,4646,716862,716657
2026-09-29 09:46:00,2966,2968,2964,2966,3506,716657,716414
2026-09-29 09:47:00,2966,2967,2962,2963,2753,716414,716487
2026-09-29 09:48:00,2963,2964,2959,2961,2917,716487,716352
2026-09-29 09:49:00,2961,2962,2960,2962,2963,716352,716528
2026-09-29 09:50:00,2962,2965,2960,2964,2346,716528,716718
2026-09-29 09:51:00,2964,2964,2960,2962,1704,716718,716702
2026-09-29 09:52:00,2962,2963,2959,2960,3038,716702,716473
2026-09-29 09:53:00,2960,2962,2958,2961,2452,716473,716492
2026-09-29 09:54:00,2961,2963,2960,2962,2509,716492,716266
2026-09-29 09:55:00,2962,2964,2957,2959,3962,716266,715649
2026-09-29 09:56:00,2959,2959,2952,2954,4300,715649,715574
2026-09-29 09:57:00,2954,2957,2953,2954,1595,715574,715446
2026-09-29 09:58:00,2954,2957,2953,2954,1922,715446,715277
2026-09-29 09:59:00,2954,2955,2951,2954,2717,715277,715239
2026-09-29 10:00:00,2954,2956,2950,2951,4071,715239,715132
2026-09-29 10:01:00,2951,2955,2951,2955,2385,715132,714508
2026-09-29 10:02:00,2955,2957,2954,2955,1872,714508,714244
2026-09-29 10:03:00,2955,2958,2954,2958,1889,714244,713813
2026-09-29 10:04:00,2958,2958,2947,2949,5179,713813,713617
2026-09-29 10:05:00,2949,2951,2947,2948,2674,713617,713486
2026-09-29 10:06:00,2948,2951,2946,2947,3334,713486,713097
2026-09-29 10:07:00,2947,2949,2946,2948,2520,713097,712594
2026-09-29 10:08:00,2948,2950,2948,2949,1117,712594,712583
2026-09-29 10:09:00,2949,2950,2946,2950,2166,712583,712502
2026-09-29 10:10:00,2950,2951,2947,2951,1575,712502,712293
2026-09-29 10:11:00,2951,2952,2948,2948,1729,712293,712428
2026-09-29 10:12:00,2948,2950,2947,2948,983,712428,712331
2026-09-29 10:13:00,2948,2949,2943,2948,3781,712331,711266
2026-09-29 10:14:00,2948,2949,2945,2947,1779,711266,711286
2026-09-29 10:30:00,2946,2948,2938,2942,6744,711286,709766
2026-09-29 10:31:00,2942,2946,2941,2943,3329,709766,709405
2026-09-29 10:32:00,2943,2944,2941,2944,2537,709405,709493
2026-09-29 10:33:00,2944,2948,2943,2947,3476,709493,709148
2026-09-29 10:34:00,2947,2947,2943,2944,3241,709148,707892
2026-09-29 10:35:00,2944,2945,2941,2942,3262,707892,706884
2026-09-29 10:36:00,2942,2945,2941,2942,1700,706884,706568
2026-09-29 10:37:00,2942,2942,2939,2939,3501,706568,705546
2026-09-29 10:38:00,2939,2944,2939,2943,1965,705546,705376
2026-09-29 10:39:00,2943,2943,2941,2943,1498,705376,705137
2026-09-29 10:40:00,2943,2943,2940,2941,1180,705137,705148
2026-09-29 10:41:00,2941,2944,2939,2940,2221,705148,705045
2026-09-29 10:42:00,2940,2945,2940,2944,3461,705045,704422
2026-09-29 10:43:00,2944,2944,2929,2932,11694,704422,701870
2026-09-29 10:44:00,2932,2935,2928,2935,5016,701870,700579
2026-09-29 10:45:00,2935,2937,2933,2935,2488,700579,700228
2026-09-29 10:46:00,2935,2937,2933,2936,2525,700228,699636
2026-09-29 10:47:00,2936,2937,2933,2934,1471,699636,699614
2026-09-29 10:48:00,2934,2937,2932,2937,2397,699614,699369
2026-09-29 10:49:00,2937,2938,2934,2935,1791,699369,698949
2026-09-29 10:50:00,2935,2935,2927,2929,4432,698949,698859
2026-09-29 10:51:00,2929,2932,2927,2929,3229,698859,699367
2026-09-29 10:52:00,2929,2931,2929,2929,1713,699367,699680
2026-09-29 10:53:00,2929,2933,2928,2933,1327,699680,699442
2026-09-29 10:54:00,2933,2934,2930,2930,1755,699442,699025
2026-09-29 10:55:00,2930,2934,2929,2933,1370,699025,698538
2026-09-29 10:56:00,2933,2934,2932,2933,654,698538,698515
2026-09-29 10:57:00,2933,2935,2932,2935,1635,698515,698395
2026-09-29 10:58:00,2935,2935,2932,2933,1078,698395,698304
2026-09-29 10:59:00,2933,2933,2929,2931,2999,698304,697911
2026-09-29 11:00:00,2931,2931,2927,2929,1965,697911,697836
2026-09-29 11:01:00,2929,2930,2928,2928,1002,697836,697839
2026-09-29 11:02:00,2928,2929,2923,2926,3267,697839,698437
2026-09-29 11:03:00,2926,2930,2925,2930,1794,698437,698094
2026-09-29 11:04:00,2930,2931,2928,2928,2076,698094,697733
2026-09-29 11:05:00,2928,2930,2926,2927,1559,697733,698078
2026-09-29 11:06:00,2927,2930,2926,2929,1128,698078,697936
2026-09-29 11:07:00,2929,2931,2928,2929,1041,697936,697786
2026-09-29 11:08:00,2929,2933,2929,2932,1818,697786,697418
2026-09-29 11:09:00,2932,2933,2931,2933,1192,697418,697152
2026-09-29 11:10:00,2933,2933,2928,2928,1882,697152,697308
2026-09-29 11:11:00,2928,2930,2927,2927,1807,697308,696953
2026-09-29 11:12:00,2927,2929,2926,2927,1617,696953,696826
2026-09-29 11:13:00,2927,2927,2925,2927,1231,696826,696983
2026-09-29 11:14:00,2927,2928,2925,2926,1269,696983,697261
2026-09-29 11:15:00,2926,2930,2926,2928,3045,697261,696939
2026-09-29 11:16:00,2928,2932,2928,2930,2733,696939,697349
2026-09-29 11:17:00,2930,2932,2927,2928,2983,697349,698022
2026-09-29 11:18:00,2928,2931,2928,2930,1253,698022,698156
2026-09-29 11:19:00,2930,2932,2929,2931,1102,698156,698004
2026-09-29 11:20:00,2931,2932,2929,2931,834,698004,697912
2026-09-29 11:21:00,2931,2934,2930,2933,2453,697912,697381
2026-09-29 11:22:00,2933,2933,2931,2932,587,697381,697224
2026-09-29 11:23:00,2932,2933,2930,2932,2662,697224,696489
2026-09-29 11:24:00,2932,2936,2930,2935,3663,696489,695376
2026-09-29 11:25:00,2935,2937,2935,2936,2113,695376,695029
2026-09-29 11:26:00,2936,2937,2930,2932,1902,695029,694840
2026-09-29 11:27:00,2932,2934,2932,2933,817,694840,694758
2026-09-29 11:28:00,2933,2935,2933,2934,690,694758,694722
2026-09-29 11:29:00,2934,2934,2931,2934,1405,694722,694356
2026-09-29 13:30:00,2940,2945,2938,2943,7653,694356,694505
2026-09-29 13:31:00,2943,2947,2943,2945,4830,694505,694261
2026-09-29 13:32:00,2945,2948,2944,2947,4017,694261,694003
2026-09-29 13:33:00,2947,2950,2946,2949,3545,694003,693873
2026-09-29 13:34:00,2949,2951,2947,2949,4565,693873,694374
2026-09-29 13:35:00,2949,2952,2947,2947,3880,694374,694072
2026-09-29 13:36:00,2947,2949,2945,2948,1870,694072,693771
2026-09-29 13:37:00,2948,2951,2947,2950,1698,693771,693799
2026-09-29 13:38:00,2950,2952,2949,2949,2158,693799,693225
2026-09-29 13:39:00,2949,2950,2945,2947,1874,693225,692885
2026-09-29 13:40:00,2947,2947,2945,2947,1011,692885,692775
2026-09-29 13:41:00,2947,2949,2946,2947,991,692775,692820
2026-09-29 13:42:00,2947,2948,2944,2945,1213,692820,692614
2026-09-29 13:43:00,2945,2945,2943,2944,1623,692614,692202
2026-09-29 13:44:00,2944,2946,2942,2946,1596,692202,692173
2026-09-29 13:45:00,2946,2947,2942,2944,1218,692173,692025
2026-09-29 13:46:00,2944,2946,2942,2944,831,692025,692065
2026-09-29 13:47:00,2944,2945,2942,2945,778,692065,691932
2026-09-29 13:48:00,2945,2948,2943,2945,1139,691932,691898
2026-09-29 13:49:00,2945,2947,2944,2944,1031,691898,691900
2026-09-29 13:50:00,2944,2946,2943,2946,1665,691900,692029
2026-09-29 13:51:00,2946,2946,2943,2945,885,692029,692022
2026-09-29 13:52:00,2945,2946,2943,2945,461,692022,691890
2026-09-29 13:53:00,2945,2946,2944,2945,485,691890,691800
2026-09-29 13:54:00,2945,2947,2944,2946,890,691800,691917
2026-09-29 13:55:00,2946,2947,2944,2947,1195,691917,691857
2026-09-29 13:56:00,2947,2947,2941,2942,1882,691857,691129
2026-09-29 13:57:00,2942,2946,2942,2946,1359,691129,691050
2026-09-29 13:58:00,2946,2948,2945,2947,1298,691050,690660
2026-09-29 13:59:00,2947,2948,2945,2947,1734,690660,690369
2026-09-29 14:00:00,2947,2947,2945,2946,834,690369,690258
2026-09-29 14:01:00,2946,2947,2944,2945,718,690258,690246
2026-09-29 14:02:00,2945,2948,2945,2946,699,690246,690277
2026-09-29 14:03:00,2946,2948,2945,2947,1413,690277,690433
2026-09-29 14:04:00,2947,2950,2947,2948,1282,690433,690568
2026-09-29 14:05:00,2948,2949,2945,2946,1141,690568,690670
2026-09-29 14:06:00,2946,2946,2943,2943,1457,690670,690857
2026-09-29 14:07:00,2943,2945,2943,2944,1369,690857,690638
2026-09-29 14:08:00,2944,2944,2941,2941,1495,690638,690440
2026-09-29 14:09:00,2941,2944,2941,2942,891,690440,690443
2026-09-29 14:10:00,2942,2944,2940,2942,1670,690443,689966
2026-09-29 14:11:00,2942,2945,2942,2944,1356,689966,690151
2026-09-29 14:12:00,2944,2945,2943,2945,583,690151,690061
2026-09-29 14:13:00,2945,2946,2943,2944,968,690061,689847
2026-09-29 14:14:00,2944,2946,2943,2946,535,689847,689719
2026-09-29 14:15:00,2946,2946,2943,2946,999,689719,689416
2026-09-29 14:16:00,2946,2947,2943,2944,1199,689416,689003
2026-09-29 14:17:00,2944,2946,2943,2945,605,689003,689109
2026-09-29 14:18:00,2945,2947,2945,2946,1718,689109,689121
2026-09-29 14:19:00,2946,2946,2943,2946,954,689121,689339
2026-09-29 14:20:00,2946,2947,2945,2946,882,689339,689160
2026-09-29 14:21:00,2946,2947,2944,2946,706,689160,689099
2026-09-29 14:22:00,2946,2947,2944,2947,1081,689099,689153
2026-09-29 14:23:00,2947,2947,2946,2947,687,689153,688983
2026-09-29 14:24:00,2947,2949,2947,2949,992,688983,688852
2026-09-29 14:25:00,2949,2950,2947,2949,1041,688852,688864
2026-09-29 14:26:00,2949,2950,2944,2946,2269,688864,688388
2026-09-29 14:27:00,2946,2947,2944,2946,935,688388,688077
2026-09-29 14:28:00,2946,2947,2945,2946,1487,688077,688254
2026-09-29 14:29:00,2946,2947,2945,2947,626,688254,688311
2026-09-29 14:30:00,2947,2948,2946,2948,866,688311,688465
2026-09-29 14:31:00,2948,2949,2944,2944,1648,688465,688363
2026-09-29 14:32:00,2944,2946,2944,2945,376,688363,688330
2026-09-29 14:33:00,2945,2949,2945,2948,919,688330,688295
2026-09-29 14:34:00,2948,2948,2945,2947,746,688295,688337
2026-09-29 14:35:00,2947,2948,2946,2946,527,688337,688319
2026-09-29 14:36:00,2946,2948,2945,2946,689,688319,688221
2026-09-29 14:37:00,2946,2947,2945,2947,347,688221,688198
2026-09-29 14:38:00,2947,2948,2946,2946,520,688198,688169
2026-09-29 14:39:00,2946,2947,2945,2946,718,688169,688201
2026-09-29 14:40:00,2946,2946,2943,2943,2155,688201,688621
2026-09-29 14:41:00,2943,2946,2943,2944,993,688621,688664
2026-09-29 14:42:00,2944,2947,2944,2946,542,688664,688733
2026-09-29 14:43:00,2946,2948,2946,2947,847,688733,688597
2026-09-29 14:44:00,2947,2950,2946,2949,1632,688597,688692
2026-09-29 14:45:00,2949,2952,2949,2950,3858,688692,689603
2026-09-29 14:46:00,2950,2950,2947,2950,1162,689603,689664
2026-09-29 14:47:00,2950,2952,2949,2951,1018,689664,689413
2026-09-29 14:48:00,2951,2955,2951,2953,1942,689413,689276
2026-09-29 14:49:00,2953,2955,2952,2953,1101,689276,688965
2026-09-29 14:50:00,2953,2955,2953,2954,1415,688965,688781
2026-09-29 14:51:00,2954,2955,2953,2954,1036,688781,688563
2026-09-29 14:52:00,2954,2955,2951,2951,3591,688563,687071
2026-09-29 14:53:00,2951,2953,2951,2951,859,687071,686897
2026-09-29 14:54:00,2951,2952,2950,2951,1127,686897,686607
2026-09-29 14:55:00,2951,2952,2950,2952,1190,686607,686619
2026-09-29 14:56:00,2952,2955,2952,2953,1733,686619,686327
2026-09-29 14:57:00,2953,2954,2952,2953,1472,686327,685796
2026-09-29 14:58:00,2953,2953,2951,2953,1688,685796,685304
2026-09-29 14:59:00,2953,2954,2951,2953,2651,685304,684554
2026-09-29 21:00:00,2913,2932,2910,2919,25650,684554,683501
2026-09-29 21:01:00,2919,2923,2917,2922,9811,683501,683414
2026-09-29 21:02:00,2922,2925,2920,2921,7091,683414,683727
2026-09-29 21:03:00,2921,2923,2916,2917,5099,683727,683800
2026-09-29 21:04:00,2917,2918,2912,2916,6405,683800,685138
2026-09-29 21:05:00,2916,2917,2914,2916,4167,685138,685280
2026-09-29 21:06:00,2916,2919,2913,2917,5542,685280,686205
2026-09-29 21:07:00,2917,2920,2916,2917,3665,686205,686571
2026-09-29 21:08:00,2917,2918,2914,2916,3536,686571,685898
2026-09-29 21:09:00,2916,2917,2910,2912,4726,685898,685462
2026-09-29 21:10:00,2912,2915,2910,2913,3013,685462,685757
2026-09-29 21:11:00,2913,2917,2913,2917,2623,685757,685363
2026-09-29 21:12:00,2917,2918,2913,2914,3653,685363,685608
2026-09-29 21:13:00,2914,2918,2913,2918,2109,685608,685471
2026-09-29 21:14:00,2918,2920,2914,2914,3180,685471,685448
2026-09-29 21:15:00,2914,2920,2913,2917,2967,685448,685380
2026-09-29 21:16:00,2917,2918,2912,2915,4670,685380,684447
2026-09-29 21:17:00,2915,2916,2912,2912,3506,684447,685017
2026-09-29 21:18:00,2912,2912,2905,2912,6421,685017,684502
2026-09-29 21:19:00,2912,2914,2909,2913,3194,684502,684428
2026-09-29 21:20:00,2913,2914,2911,2913,1402,684428,684254
2026-09-29 21:21:00,2913,2915,2912,2913,2959,684254,684888
2026-09-29 21:22:00,2913,2915,2911,2913,1716,684888,684583
2026-09-29 21:23:00,2913,2916,2912,2914,1104,684583,684625
2026-09-29 21:24:00,2914,2917,2913,2914,2149,684625,684632
2026-09-29 21:25:00,2914,2916,2912,2912,1908,684632,684355
2026-09-29 21:26:00,2912,2916,2910,2915,1716,684355,683946
2026-09-29 21:27:00,2915,2915,2910,2911,2481,683946,684132
2026-09-29 21:28:00,2911,2911,2909,2911,2090,684132,683909
2026-09-29 21:29:00,2911,2913,2908,2909,2009,683909,683742
2026-09-29 21:30:00,2909,2912,2908,2912,1416,683742,683674
2026-09-29 21:31:00,2912,2912,2908,2911,1503,683674,683519
2026-09-29 21:32:00,2911,2912,2908,2910,1486,683519,683536
2026-09-29 21:33:00,2910,2916,2910,2911,2169,683536,683590
2026-09-29 21:34:00,2911,2913,2911,2913,1369,683590,683390
2026-09-29 21:35:00,2913,2913,2908,2909,1675,683390,683360
2026-09-29 21:36:00,2909,2910,2905,2909,3960,683360,683560
2026-09-29 21:37:00,2909,2909,2906,2907,2437,683560,683811
2026-09-29 21:38:00,2907,2910,2906,2910,1647,683811,683632
2026-09-29 21:39:00,2910,2912,2909,2911,1226,683632,683495
2026-09-29 21:40:00,2911,2912,2906,2907,1889,683495,683162
2026-09-29 21:41:00,2907,2909,2902,2903,5209,683162,682928
2026-09-29 21:42:00,2903,2907,2902,2905,1563,682928,683057
2026-09-29 21:43:00,2905,2910,2905,2910,1600,683057,682934
2026-09-29 21:44:00,2910,2913,2909,2911,2339,682934,682254
2026-09-29 21:45:00,2911,2916,2910,2916,2476,682254,681411
2026-09-29 21:46:00,2916,2919,2914,2915,3541,681411,680462
2026-09-29 21:47:00,2915,2915,2914,2915,949,680462,680330
2026-09-29 21:48:00,2915,2916,2913,2916,1057,680330,680468
2026-09-29 21:49:00,2916,2916,2914,2915,673,680468,680436
2026-09-29 21:50:00,2915,2917,2914,2916,637,680436,680299
2026-09-29 21:51:00,2916,2917,2912,2914,840,680299,680294
2026-09-29 21:52:00,2914,2914,2909,2909,1531,680294,680367
2026-09-29 21:53:00,2909,2911,2908,2910,1284,680367,680688
2026-09-29 21:54:00,2910,2913,2909,2912,755,680688,680733
2026-09-29 21:55:00,2912,2914,2912,2913,737,680733,680631
2026-09-29 21:56:00,2913,2914,2912,2914,446,680631,680647
2026-09-29 21:57:00,2914,2919,2914,2918,2437,680647,680589
2026-09-29 21:58:00,2918,2919,2916,2916,1440,680589,680110
2026-09-29 21:59:00,2916,2919,2916,2919,741,680110,680035
2026-09-29 22:00:00,2919,2920,2916,2919,1644,680035,680069
2026-09-29 22:01:00,2919,2924,2918,2923,3515,680069,679820
2026-09-29 22:02:00,2923,2924,2922,2922,1897,679820,679924
2026-09-29 22:03:00,2922,2926,2922,2925,2391,679924,679515
2026-09-29 22:04:00,2925,2925,2923,2923,968,679515,679382
2026-09-29 22:05:00,2923,2924,2921,2924,1526,679382,679401
2026-09-29 22:06:00,2924,2924,2919,2920,1760,679401,679016
2026-09-29 22:07:00,2920,2926,2920,2926,1698,679016,679366
2026-09-29 22:08:00,2926,2928,2925,2926,2274,679366,679187
2026-09-29 22:09:00,2926,2926,2923,2925,1348,679187,679234
2026-09-29 22:10:00,2925,2926,2924,2925,790,679234,679415
2026-09-29 22:11:00,2925,2926,2924,2925,793,679415,679457
2026-09-29 22:12:00,2925,2927,2925,2926,834,679457,679684
2026-09-29 22:13:00,2926,2926,2924,2925,665,679684,679638
2026-09-29 22:14:00,2925,2929,2925,2929,1643,679638,679434
2026-09-29 22:15:00,2929,2929,2926,2927,945,679434,679354
2026-09-29 22:16:00,2927,2929,2926,2927,1237,679354,679148
2026-09-29 22:17:00,2927,2928,2924,2924,1307,679148,678885
2026-09-29 22:18:00,2924,2924,2920,2921,1803,678885,678782
2026-09-29 22:19:00,2921,2923,2921,2921,865,678782,678713
2026-09-29 22:20:00,2921,2921,2917,2920,3527,678713,678428
2026-09-29 22:21:00,2920,2920,2917,2918,1746,678428,678621
2026-09-29 22:22:00,2918,2920,2917,2917,1248,678621,678663
2026-09-29 22:23:00,2917,2919,2916,2918,1187,678663,678486
2026-09-29 22:24:00,2918,2918,2917,2917,448,678486,678465
2026-09-29 22:25:00,2917,2918,2913,2916,2746,678465,679211
2026-09-29 22:26:00,2916,2916,2915,2915,629,679211,679164
2026-09-29 22:27:00,2915,2917,2915,2917,498,679164,679216
2026-09-29 22:28:00,2917,2917,2915,2916,597,679216,679014
2026-09-29 22:29:00,2916,2922,2916,2921,1480,679014,678612
2026-09-29 22:30:00,2921,2923,2920,2922,2328,678612,677877
2026-09-29 22:31:00,2922,2925,2922,2922,1408,677877,677719
2026-09-29 22:32:00,2922,2923,2921,2922,670,677719,677609
2026-09-29 22:33:00,2922,2923,2920,2921,782,677609,677491
2026-09-29 22:34:00,2921,2923,2921,2923,435,677491,677432
2026-09-29 22:35:00,2923,2926,2922,2925,1118,677432,677302
2026-09-29 22:36:00,2925,2929,2925,2929,1622,677302,677142
2026-09-29 22:37:00,2929,2933,2929,2930,3580,677142,676661
2026-09-29 22:38:00,2930,2930,2926,2926,1450,676661,676858
2026-09-29 22:39:00,2926,2928,2926,2926,580,676858,676762
2026-09-29 22:40:00,2926,2929,2923,2928,2166,676762,675973
2026-09-29 22:41:00,2928,2928,2923,2926,2170,675973,675060
2026-09-29 22:42:00,2926,2931,2926,2927,1805,675060,674680
2026-09-29 22:43:00,2927,2928,2925,2927,810,674680,674505
2026-09-29 22:44:00,2927,2927,2925,2927,417,674505,674399
2026-09-29 22:45:00,2927,2927,2925,2926,623,674399,674383
2026-09-29 22:46:00,2926,2928,2925,2928,795,674383,674518
2026-09-29 22:47:00,2928,2928,2925,2927,944,674518,674553
2026-09-29 22:48:00,2927,2929,2927,2929,541,674553,674364
2026-09-29 22:49:00,2929,2931,2928,2929,1102,674364,674448
2026-09-29 22:50:00,2929,2930,2926,2928,720,674448,674092
2026-09-29 22:51:00,2928,2930,2927,2929,527,674092,674057
2026-09-29 22:52:00,2929,2930,2928,2929,335,674057,674010
2026-09-29 22:53:00,2929,2930,2928,2928,619,674010,673954
2026-09-29 22:54:00,2928,2930,2928,2929,447,673954,673879
2026-09-29 22:55:00,2929,2931,2928,2930,967,673879,673906
2026-09-29 22:56:00,2930,2932,2929,2930,900,673906,673794
2026-09-29 22:57:00,2930,2931,2929,2929,1133,673794,673478
2026-09-29 22:58:00,2929,2931,2929,2931,765,673478,673402
2026-09-29 22:59:00,2931,2932,2929,2930,2041,673402,672514
